ticker,company_name,sector_group,industry_group,index_memberships,rating_seed,rating_bucket,rating_source,cik,sec_available,reference_period_end,revenue,net_income,assets,liabilities,equity,cash,cfo,capex,interest_expense,cogs,ppe_net,depreciation,sga,current_assets,current_liabilities,accounts_receivable,inventory,accounts_payable,long_term_debt,short_term_debt,total_debt,fcf,leverage_proxy,debt_to_assets,cash_to_assets,net_margin,fcf_to_assets,accrual_proxy,current_ratio,last_close,ret_1m,ret_3m,vol_3m,drawdown_6m,market_data_available,news_mentions_30d,risk_news_mentions_30d,news_data_available,leverage_proxy_is_assumption,debt_to_assets_is_assumption,cash_to_assets_is_assumption,net_margin_is_assumption,fcf_to_assets_is_assumption,accrual_proxy_is_assumption,current_ratio_is_assumption,ret_1m_is_assumption,ret_3m_is_assumption,vol_3m_is_assumption,drawdown_6m_is_assumption,last_close_is_assumption,news_mentions_30d_is_assumption,risk_news_mentions_30d_is_assumption,revenue_is_stale,net_income_is_stale,assets_is_stale,liabilities_is_stale,equity_is_stale,cash_is_stale,cfo_is_stale,capex_is_stale,interest_expense_is_stale,cogs_is_stale,ppe_net_is_stale,depreciation_is_stale,sga_is_stale,current_assets_is_stale,current_liabilities_is_stale,accounts_receivable_is_stale,inventory_is_stale,accounts_payable_is_stale,long_term_debt_is_stale,short_term_debt_is_stale,assumption_metric_count,stale_fact_count,data_quality_score,data_quality_note
A,Agilent Technologies,Healthcare,Life Sciences Tools & Services,S&P 500,NR (to derive from financials),A-,default - no public rating available; derive from leverage/margin post-SEC pull,0001090872,True,2025-10-31,6948000000.0,1303000000.0,12727000000.0,5986000000.0,6741000000.0,1789000000.0,1559000000.0,407000000.0,112000000.0,3305000000.0,2023000000.0,288000000.0,1709000000.0,4594000000.0,2347000000.0,1487000000.0,1025000000.0,570000000.0,3050000000.0,304000000.0,3354000000.0,1152000000.0,0.470338650113931,0.2635342185903984,0.14056729787066866,0.18753598157743234,0.09051622534768602,-0.020114716743930228,1.9573924158500213,115.62000274658203,0.004867071092219621,-0.09110725352373694,0.29681173080961865,-0.26150802882558855,True,,,False,False,False,False,False,False,False,False,False,False,False,False,False,True,True,False,False,False,False,False,False,False,False,False,False,False,False,False,False,False,False,False,False,False,False,0,0,100.0,Strong public-data coverage
AAPL,Apple,Technology,,Dow; Nasdaq 100; S&P 500,AA bucket,AA,demo_bucket_to_refresh,0000320193,True,2025-09-27,416161000000.0,112010000000.0,359241000000.0,285508000000.0,73733000000.0,35934000000.0,111482000000.0,12715000000.0,3933000000.0,220960000000.0,49834000000.0,11698000000.0,27601000000.0,147957000000.0,165631000000.0,39777000000.0,5718000000.0,69860000000.0,90678000000.0,12350000000.0,103028000000.0,98767000000.0,0.7947533828265705,0.28679354528018797,0.10002755810166435,0.2691506412181824,0.2749324269779897,0.0014697654220982572,0.8932929222186667,293.32000732421875,0.12607491919836522,0.06809413931804742,0.2579435295359332,0.0,True,,,False,False,False,False,False,False,False,False,False,False,False,False,False,True,True,False,False,False,False,False,False,False,False,True,False,False,False,False,False,False,False,False,False,False,False,0,1,98.5,Strong public-data coverage
ABBV,AbbVie,Healthcare,Biotechnology,S&P 500,BBB+ / A- bucket,A-,demo_bucket_to_refresh,0001551152,True,2025-12-31,61160000000.0,4226000000.0,133960000000.0,,-3270000000.0,5229000000.0,19030000000.0,1214000000.0,2893000000.0,18204000000.0,5628000000.0,762000000.0,14010000000.0,29062000000.0,43289000000.0,12589000000.0,4951000000.0,3592000000.0,64503000000.0,2499000000.0,67002000000.0,17816000000.0,0.65,0.5001642281277994,0.03903404001194386,0.06909744931327665,0.132994923857868,-0.11051060017915795,0.6713483794959458,201.5500030517578,-0.022688808273210737,-0.08975141925053653,0.2560993546943237,-0.1395821631233093,True,,,False,True,False,False,False,False,False,False,False,False,False,False,False,True,True,False,False,False,False,False,False,False,False,False,False,False,False,False,False,False,False,False,False,False,False,1,0,93.6,Strong public-data coverage
ABNB,Airbnb,Industrials,,Nasdaq 100; S&P 500,NR (to derive from financials),A,default - no public rating available; derive from leverage/margin post-SEC pull,0001559720,True,2025-12-31,12241000000.0,2511000000.0,22208000000.0,14009000000.0,8199000000.0,6560000000.0,4646000000.0,25000000.0,,2086000000.0,107000000.0,17000000.0,1342000000.0,18797000000.0,13649000000.0,,,232000000.0,0.0,1999000000.0,1999000000.0,,0.6308087175792507,0.09001260806916427,0.2953890489913545,0.20513029981210684,0.04,-0.09613652737752161,1.3771704886804894,141.49000549316406,0.09716189614581894,0.1663507405877509,0.33779620193456344,-0.01865714606232627,True,,,False,False,False,False,False,True,False,False,False,False,False,False,False,True,True,False,False,False,False,False,False,False,True,False,False,False,False,False,False,False,False,False,False,False,False,1,1,92.1,Strong public-data coverage
ABT,Abbott Laboratories,Healthcare,Health Care Equipment,S&P 500,NR (to derive from financials),A,default - no public rating available; derive from leverage/margin post-SEC pull,0000001800,True,2025-12-31,44328000000.0,6524000000.0,86713000000.0,,52130000000.0,8522000000.0,9566000000.0,2171000000.0,637000000.0,19319000000.0,11816000000.0,1434000000.0,12332000000.0,25996000000.0,16496000000.0,7929000000.0,6488000000.0,,12929000000.0,3033000000.0,15962000000.0,7395000000.0,0.65,0.18407851187249893,0.09827822817801253,0.14717560007218913,0.0852813303656891,-0.035081245026697266,1.5758971871968963,84.31999969482422,-0.15404797406112414,-0.2360764239389458,0.24447683736770526,-0.34697299401426873,True,,,False,True,False,False,False,False,False,False,False,False,False,False,False,True,True,False,False,False,False,False,False,False,False,True,False,False,False,False,False,False,False,False,False,False,False,1,1,92.1,Strong public-data coverage
ACGL,Arch Capital Group,Financials,Property & Casualty Insurance,S&P 500,NR (to derive from financials),NR,default - no public rating available; derive from leverage/margin post-SEC pull,0000947484,True,2025-12-31,19929000000.0,4399000000.0,79241000000.0,55035000000.0,24206000000.0,993000000.0,6172000000.0,44000000.0,148000000.0,,,,132000000.0,,,,,,,,,6128000000.0,0.6945268232354463,0.25,0.012531391577592407,0.22073360429524813,0.07733370351207078,-0.022374780732196717,1.0,93.80000305175781,-0.022611213309823186,-0.02352690572844751,0.2155313574600934,-0.08021180658864557,True,,,False,False,True,False,False,False,False,True,False,False,False,False,False,True,True,False,False,False,False,False,False,False,False,False,False,False,False,False,False,False,False,False,False,False,False,2,0,87.3,Strong public-data coverage
ACN,Accenture,Technology,IT Consulting & Other Services,S&P 500,NR (to derive from financials),NR,default - no public rating available; derive from leverage/margin post-SEC pull,0001467373,True,2025-08-31,69672977000.0,7678433000.0,65394897000.0,,31195446000.0,11478729000.0,11474399000.0,600039000.0,228555000.0,47437576000.0,1566374000.0,622493000.0,4350968000.0,28900689000.0,20352097000.0,13065433000.0,,2695589000.0,,,,10874360000.0,0.55,0.18,0.17552943007158495,0.11020675921455172,0.16628759274595997,-0.058046822827781196,1.4200349477501015,180.4199981689453,0.004957385371246792,-0.23150014825333398,0.4125425801248174,-0.3694114890148904,True,,,False,True,True,False,False,False,False,False,False,False,False,False,False,True,True,False,False,False,False,False,False,False,False,False,False,False,False,False,False,False,False,False,False,False,False,2,0,87.3,Strong public-data coverage
ADBE,Adobe Inc.,Industrials,,Nasdaq 100; S&P 500,NR (to derive from financials),A,default - no public rating available; derive from leverage/margin post-SEC pull,0000796343,True,2025-11-28,23769000000.0,7130000000.0,29496000000.0,17873000000.0,11623000000.0,5431000000.0,10031000000.0,179000000.0,113000000.0,2551000000.0,1873000000.0,818000000.0,1573000000.0,10163000000.0,10200000000.0,2344000000.0,,417000000.0,6210000000.0,0.0,6210000000.0,9852000000.0,0.6059465690263086,0.21053702196908056,0.18412666124220234,0.2999705498758888,0.3340113913751017,-0.09835231895850285,0.9963725490196078,253.0399932861328,0.12287546675236238,-0.05192956510792235,0.3901120898293484,-0.2922552117302629,True,,,False,False,False,False,False,False,False,False,False,False,False,False,False,True,True,False,False,False,False,False,False,False,False,True,False,False,False,False,False,False,False,False,False,False,False,0,1,98.5,Strong public-data coverage
ADI,Analog Devices,Industrials,,Nasdaq 100; S&P 500,NR (to derive from financials),A,default - no public rating available; derive from leverage/margin post-SEC pull,0000006281,True,2025-11-01,11019707000.0,2267342000.0,47992712000.0,,33815755000.0,2499406000.0,4812202000.0,533552000.0,264641000.0,4246229000.0,3315696000.0,406801000.0,1255339000.0,7108061000.0,3245801000.0,1436075000.0,1656323000.0,543760000.0,8145066000.0,446639000.0,8591705000.0,4278650000.0,0.66,0.17902103552722756,0.05207886564109984,0.20575338346110292,0.08915207792383144,-0.05302596777610734,2.1899250755052453,416.5199890136719,0.1895812291887975,0.29369347833237147,0.3505037569601849,0.0,True,,,False,True,False,False,False,False,False,False,False,False,False,False,False,True,True,False,False,False,False,False,False,False,False,True,False,False,False,False,False,False,False,False,False,False,False,1,1,92.1,Strong public-data coverage
ADM,Archer Daniels Midland,Consumer Staples,Agricultural Products & Services,S&P 500,NR (to derive from financials),A-,default - no public rating available; derive from leverage/margin post-SEC pull,0000007084,True,2025-12-31,80269000000.0,1078000000.0,52389000000.0,,22740000000.0,1015000000.0,5452000000.0,1248000000.0,612000000.0,75236000000.0,11179000000.0,1181000000.0,3609000000.0,26665000000.0,19534000000.0,3021000000.0,10369000000.0,5195000000.0,7612000000.0,798000000.0,8410000000.0,4204000000.0,0.7,0.1605298822271851,0.019374296130867167,0.013429842155751286,0.08024585313710894,-0.08349080913932314,1.3650558001433397,77.66000366210938,0.11372436431106614,0.16177208428539802,0.28239850182229437,-0.019320605280053416,True,,,False,True,False,False,False,False,False,False,False,False,False,False,False,True,True,False,False,False,False,False,False,False,False,False,False,False,False,False,False,False,False,False,False,False,False,1,0,93.6,Strong public-data coverage
ADP,Automatic Data Processing,Industrials,,Nasdaq 100; S&P 500,NR (to derive from financials),BBB,default - no public rating available; derive from leverage/margin post-SEC pull,0000008670,True,2025-06-30,20560900000.0,4079700000.0,53369300000.0,47181300000.0,6188000000.0,3347800000.0,4939700000.0,,455900000.0,11097300000.0,655400000.0,582400000.0,4051700000.0,43252200000.0,41278300000.0,3579100000.0,,169100000.0,3974700000.0,0.0,3974700000.0,,0.8840531916288953,0.07447540065168552,0.06272894716625475,0.19842030261321245,0.04,-0.016114133031536856,1.0478193142643957,213.0,0.1282377645788364,-0.0523347423792242,0.32177788874244223,-0.1929353350038332,True,,,False,False,False,False,False,True,False,False,False,False,False,False,False,True,True,False,False,False,False,False,False,False,False,False,False,False,False,False,False,False,False,False,False,False,True,1,1,92.1,Strong public-data coverage
ADSK,Autodesk,Industrials,,Nasdaq 100; S&P 500,NR (to derive from financials),A,default - no public rating available; derive from leverage/margin post-SEC pull,0000769397,True,2026-01-31,7206000000.0,1124000000.0,12467000000.0,,3045000000.0,2249000000.0,2452000000.0,43000000.0,80000000.0,650000000.0,121000000.0,195000000.0,693000000.0,4942000000.0,5808000000.0,1439000000.0,,422000000.0,2500000000.0,,2500000000.0,2409000000.0,0.66,0.20052939760968957,0.18039624608967675,0.1559811268387455,0.19323012753669688,-0.10652121601026711,0.8508953168044077,244.5,0.11924927175865285,0.008122711543390615,0.39242949398097277,-0.21192586623690568,True,,,False,True,False,False,False,False,False,False,False,False,False,False,False,True,True,False,False,False,False,False,False,False,False,False,False,False,False,False,False,False,False,False,False,False,False,1,0,93.6,Strong public-data coverage
AEE,Ameren,Utilities,Multi-Utilities,S&P 500,NR (to derive from financials),BB+,default - no public rating available; derive from leverage/margin post-SEC pull,0001002910,True,2025-12-31,8799000000.0,1461000000.0,48476000000.0,,13401000000.0,13000000.0,3353000000.0,4128000000.0,776000000.0,,39313000000.0,,,2571000000.0,3907000000.0,665000000.0,774000000.0,1254000000.0,19431000000.0,643000000.0,20074000000.0,-775000000.0,0.74,0.41410182358280384,0.00026817394174436833,0.1660415956358677,-0.015987292680914266,-0.03902962290618038,0.6580496544663424,109.06999969482422,-0.0386072928271316,0.053240887576514684,0.18286626644302872,-0.04592372300572789,True,,,False,True,False,False,False,False,False,False,False,False,False,False,False,True,True,False,False,False,False,False,False,False,False,False,False,False,False,False,False,False,False,False,False,False,False,1,0,93.6,Strong public-data coverage
AEP,American Electric Power,Industrials,,Nasdaq 100; S&P 500,NR (to derive from financials),BB,default - no public rating available; derive from leverage/margin post-SEC pull,0000004904,True,2025-12-31,21876000000.0,3696000000.0,114460000000.0,82204000000.0,31138000000.0,197000000.0,6944000000.0,3453000000.0,1806900000.0,,736000000.0,3325000000.0,,6052000000.0,13314000000.0,2867000000.0,,3429000000.0,47322000000.0,1508000000.0,48830000000.0,3491000000.0,0.718189760615062,0.4266119168268391,0.0017211252839419884,0.1689522764673615,0.030499737899702953,-0.028376725493622225,0.4545591107105303,130.16000366210938,-0.03811244573700967,0.09118000250083869,0.19875632304681198,-0.04407373107459711,True,,,False,False,False,False,False,False,False,False,False,False,False,False,False,True,True,False,False,False,False,False,False,False,False,True,False,False,False,False,False,False,False,False,False,False,False,0,1,98.5,Strong public-data coverage
AES,AES Corporation,Utilities,Independent Power Producers & Energy Traders,S&P 500,BB+ shown,BB+,screenshot,0000874761,True,2025-12-31,12233000000.0,910000000.0,51768000000.0,,4063000000.0,1382000000.0,4306000000.0,5929000000.0,1407000000.0,10022000000.0,37818000000.0,1457000000.0,241000000.0,6502000000.0,8492000000.0,1683000000.0,612000000.0,1980000000.0,,,,-1623000000.0,0.74,0.45,0.026696028434554164,0.07438894792773645,-0.03135141400092721,-0.0656003708854891,0.7656617993405558,14.329999923706055,0.00810910213639171,-0.09671915613682192,0.3878897827324333,-0.16049253180482026,True,,,False,True,True,False,False,False,False,False,False,False,False,False,False,True,True,False,False,False,False,False,False,False,False,False,False,False,False,False,False,False,False,False,False,False,False,2,0,87.3,Strong public-data coverage
AFL,Aflac,Financials,Life & Health Insurance,S&P 500,NR (to derive from financials),NR,default - no public rating available; derive from leverage/margin post-SEC pull,0000004977,True,2025-12-31,17164000000.0,3646000000.0,116470000000.0,86980000000.0,29490000000.0,6245000000.0,2555000000.0,,195000000.0,,351000000.0,36000000.0,3253000000.0,,,,,,,,,,0.7468017515239976,0.25,0.05361895767150339,0.21242134700536006,0.015,0.009367219026358719,1.0,113.0999984741211,0.021680231183755394,0.004425048584132174,0.16858623178425333,-0.03208553810369441,True,,,False,False,True,False,False,True,False,True,False,False,False,False,False,True,True,False,False,False,False,False,False,False,False,True,False,False,False,False,False,False,False,False,False,False,False,3,1,79.4,Usable for demo; some stale/missing fields
AIG,American International Group,Financials,Multi-line Insurance,S&P 500,NR (to derive from financials),A-,default - no public rating available; derive from leverage/margin post-SEC pull,0000005272,True,2025-12-31,26775000000.0,3096000000.0,161254000000.0,120092000000.0,41139000000.0,1345000000.0,3314000000.0,240000000.0,396000000.0,,1369000000.0,,5053000000.0,,,,,,9191000000.0,250000000.0,9191000000.0,,0.7447381150235033,0.056997035732446945,0.00834087836580798,0.11563025210084034,0.015,-0.0013519044488818882,1.0,76.36000061035156,-0.006634605411837913,0.02550614899497683,0.2371443726493255,-0.11294126343141364,True,,,False,False,False,False,False,True,False,True,False,False,False,False,False,True,True,False,False,False,False,False,False,False,True,False,False,False,False,False,False,False,False,False,False,False,True,2,2,84.3,Usable for demo; some stale/missing fields
AIZ,Assurant,Financials,Multi-line Insurance,S&P 500,NR (to derive from financials),NR,default - no public rating available; derive from leverage/margin post-SEC pull,0001267238,True,2025-12-31,12814300000.0,872700000.0,36289600000.0,30418000000.0,5871600000.0,1834100000.0,1833900000.0,235500000.0,108000000.0,,841700000.0,156400000.0,3246100000.0,,,,,,2006900000.0,,,1598400000.0,0.8382015784136502,0.25,0.05054065076495745,0.06810360300601671,0.04404567699836868,-0.02648692738415414,1.0,239.6699981689453,0.09238835385758759,0.02262328339473929,0.2867295090041066,-0.01095834826465747,True,,,False,False,True,False,False,False,False,True,False,False,False,False,False,True,True,False,False,False,False,False,False,False,False,True,False,False,False,True,False,False,False,False,False,True,False,2,3,82.8,Usable for demo; some stale/missing fields
AJG,Arthur J. Gallagher & Co.,Financials,Insurance Brokers,S&P 500,NR (to derive from financials),BBB,default - no public rating available; derive from leverage/margin post-SEC pull,0000354190,True,2025-12-31,13942000000.0,1494000000.0,70665000000.0,47318000000.0,23321000000.0,1396000000.0,1930000000.0,217800000.0,639000000.0,22900000.0,789000000.0,206000000.0,,34356000000.0,32519000000.0,5175000000.0,,,12873000000.0,640000000.0,13513000000.0,,0.6696101323144413,0.1912262081652869,0.0197551829052572,0.10715822694018075,0.015,-0.006169956838604684,1.0564900519696179,198.8699951171875,-0.06874271938554988,-0.0840808431507355,0.34779491030152554,-0.2467979877077957,True,,,False,False,False,False,False,True,False,False,False,False,False,False,False,True,True,False,False,False,False,False,False,False,True,False,True,False,False,False,False,False,False,False,False,False,False,1,2,90.6,Strong public-data coverage
AKAM,Akamai Technologies,Technology,Internet Services & Infrastructure,S&P 500,NR (to derive from financials),NR,default - no public rating available; derive from leverage/margin post-SEC pull,0001086222,True,2025-12-31,2502996000.0,452031000.0,11479643000.0,6502272000.0,4977371000.0,930231000.0,1518765000.0,507786000.0,17709000.0,1727513000.0,2333462000.0,708611000.0,656739000.0,2286680000.0,967518000.0,793666000.0,,125054000.0,,,,1010979000.0,0.5664176142062954,0.18,0.08103309484449996,0.18,0.08806711149466931,-0.09292396984819128,2.3634495688969093,147.7100067138672,0.616967807128235,0.5594383953785458,0.8604688484489483,0.0,True,,,False,False,True,False,True,False,False,False,False,False,False,False,False,True,True,True,False,False,False,False,False,False,False,True,False,False,False,False,False,False,False,False,False,False,False,2,2,84.3,Usable for demo; some stale/missing fields
ALB,Albemarle Corporation,Materials,Specialty Chemicals,S&P 500,NR (to derive from financials),BBB+,default - no public rating available; derive from leverage/margin post-SEC pull,0000915913,True,2025-12-31,5142733000.0,-510628000.0,16374211000.0,,9533365000.0,1618001000.0,1282267000.0,589801000.0,207651000.0,4474014000.0,8612411000.0,658678000.0,550036000.0,4008139000.0,1798044000.0,593502000.0,1179271000.0,1533624000.0,3193541000.0,74077000.0,3267618000.0,692466000.0,0.6,0.19955880622278532,0.09881398254853317,-0.09929117455640804,0.0422900376696013,-0.10949504681477477,2.2291662495467297,203.52000427246094,0.17208019458559032,0.23084091933835604,0.6532765914729033,-0.05611720210897109,True,,,False,True,False,False,False,False,False,False,False,False,False,False,False,True,True,False,False,False,False,False,False,False,False,False,False,False,False,False,False,False,False,False,True,False,False,1,1,92.1,Strong public-data coverage
ALGN,Align Technology,Healthcare,Health Care Supplies,S&P 500,NR (to derive from financials),NR,default - no public rating available; derive from leverage/margin post-SEC pull,0001097149,True,2025-12-31,4034964000.0,410351000.0,6233693000.0,2184546000.0,4049147000.0,1094908000.0,593223000.0,102445000.0,51000.0,1323951000.0,1131453000.0,237436000.0,1755791000.0,2616562000.0,1920015000.0,1101757000.0,226343000.0,121450000.0,,,,490778000.0,0.3504417044599405,0.3,0.17564355511251517,0.10169880078236138,0.07872989574558772,-0.029336061304270196,1.3627820615984771,168.77999877929688,-0.025181937309237568,-0.12322078556209415,0.4194776634237222,-0.14546097173095052,True,,,False,False,True,False,False,False,False,False,False,False,False,False,False,True,True,False,False,False,False,False,False,False,False,True,False,False,False,False,False,False,False,False,False,False,False,1,1,92.1,Strong public-data coverage
ALL,Allstate,Financials,Property & Casualty Insurance,S&P 500,NR (to derive from financials),A-,default - no public rating available; derive from leverage/margin post-SEC pull,0000899051,True,2025-12-31,67685000000.0,10282000000.0,119758000000.0,89169000000.0,30610000000.0,678000000.0,10110000000.0,228000000.0,379000000.0,,627000000.0,259000000.0,,,,,,,7490000000.0,500000000.0,7490000000.0,9882000000.0,0.7445765627348486,0.06254279463584896,0.0056614171913358605,0.15190958114796485,0.08251640808964746,0.0014362297299554102,1.0,213.14999389648438,0.010237396782239117,0.07146403012893776,0.21372478019701305,-0.030563521034880026,True,,,False,False,False,False,False,False,False,True,False,False,False,False,False,True,True,False,False,False,False,False,False,False,False,True,False,False,False,False,False,False,False,False,False,False,True,1,2,90.6,Strong public-data coverage
ALLE,Allegion,Industrials,Building Products,S&P 500,NR (to derive from financials),BBB-,default - no public rating available; derive from leverage/margin post-SEC pull,0001579241,True,2025-12-31,4067300000.0,643800000.0,5223700000.0,3156100000.0,2067600000.0,356200000.0,783800000.0,98100000.0,101000000.0,2229000000.0,444600000.0,129700000.0,978800000.0,1391800000.0,755400000.0,437700000.0,519000000.0,244800000.0,1980100000.0,200000.0,1980300000.0,685700000.0,0.6041886019488102,0.3790991059976645,0.068189214541417,0.158286824183119,0.13126710952007198,-0.026800926546317744,1.842467566851999,134.3699951171875,-0.07209448668889018,-0.2419993974607274,0.318673267309145,-0.24971562102990896,True,,,False,False,False,False,False,False,False,False,False,False,False,False,False,True,True,False,False,False,False,False,False,False,False,False,False,False,False,False,False,False,False,False,False,False,False,0,0,100.0,Strong public-data coverage
ALNY,Alnylam Pharmaceuticals,Industrials,,Nasdaq 100,NR (to derive from financials),NR,default - no public rating available; derive from leverage/margin post-SEC pull,0001178670,True,2025-12-31,3713937000.0,313747000.0,4966331000.0,4177155000.0,789176000.0,1657250000.0,524080000.0,58697000.0,121221000.0,677166000.0,513147000.0,54800000.0,1210713000.0,4050662000.0,1466349000.0,777567000.0,82719000.0,115721000.0,677723000.0,,,465383000.0,0.8410947639212932,0.28,0.3336970491898345,0.08447827736442487,0.09370760829272153,-0.04235178847322098,2.76241331361088,295.04998779296875,-0.0840085647424419,-0.07796878814697261,0.36372273497375124,-0.37659789459729454,True,,,False,False,True,False,False,False,False,False,False,False,False,False,False,True,True,False,False,False,False,False,False,False,False,True,False,False,False,False,False,False,False,False,False,True,False,1,2,90.6,Strong public-data coverage
AMAT,Applied Materials,Industrials,,Nasdaq 100; S&P 500,NR (to derive from financials),A,default - no public rating available; derive from leverage/margin post-SEC pull,0000006951,True,2025-10-26,28368000000.0,6998000000.0,36299000000.0,15884000000.0,20415000000.0,7241000000.0,7958000000.0,2260000000.0,238000000.0,14560000000.0,4610000000.0,435000000.0,1768000000.0,20881000000.0,7999000000.0,5185000000.0,5915000000.0,1978000000.0,6455000000.0,100000000.0,6555000000.0,5698000000.0,0.437587812336428,0.1805834871484063,0.1994820793961266,0.24668640721940213,0.15697402132290145,-0.026447009559492,2.6104513064133017,435.44000244140625,0.08998976967092442,0.3188827600549977,0.5287430828981754,0.0,True,,,False,False,False,False,False,False,False,False,False,False,False,False,False,True,True,False,False,False,False,False,False,False,False,True,False,False,False,False,False,False,False,False,False,False,False,0,1,98.5,Strong public-data coverage
AMCR,Amcor,Materials,Paper & Plastic Packaging Products & Materials,S&P 500,NR (to derive from financials),A,default - no public rating available; derive from leverage/margin post-SEC pull,0001748790,True,2025-06-30,5082000000.0,511000000.0,37066000000.0,25326000000.0,11728000000.0,827000000.0,1390000000.0,580000000.0,396000000.0,12175000000.0,8202000000.0,722000000.0,1205000000.0,8434000000.0,6987000000.0,3426000000.0,2439000000.0,3490000000.0,5314400000.0,116000000.0,116000000.0,810000000.0,0.6832676846705876,0.003129552689796579,0.022311552366049748,0.10055096418732783,0.02185291102357956,-0.023714455295958562,1.207098897953342,39.93000030517578,-0.029883370913415197,-0.16434589535628585,0.3762492570790803,-0.2001974098627911,True,,,False,False,False,False,False,False,False,False,False,False,False,False,False,True,True,False,False,False,False,False,False,False,False,False,False,False,False,False,False,False,False,True,False,True,False,0,2,97.0,Strong public-data coverage
AMD,Advanced Micro Devices,Industrials,,Nasdaq 100; S&P 500,BBB / A bucket,A,demo_bucket_to_refresh,0000002488,True,2025-12-27,34639000000.0,4335000000.0,76926000000.0,,62999000000.0,5539000000.0,7709000000.0,974000000.0,131000000.0,17487000000.0,2312000000.0,521000000.0,4144000000.0,26947000000.0,9455000000.0,6315000000.0,7920000000.0,2929000000.0,2348000000.0,874000000.0,3222000000.0,6735000000.0,0.66,0.04188440839248109,0.07200426383797416,0.12514795461762754,0.08755167303642461,-0.04386033330733432,2.850026441036489,455.19000244140625,0.8576151441119311,1.1073611224139177,0.7205735087549404,0.0,True,,,False,True,False,False,False,False,False,False,False,False,False,False,False,True,True,False,False,False,False,False,False,False,False,False,False,False,False,False,False,False,False,False,False,False,False,1,0,93.6,Strong public-data coverage
AME,Ametek,Industrials,Electrical Components & Equipment,S&P 500,NR (to derive from financials),A,default - no public rating available; derive from leverage/margin post-SEC pull,0001037868,True,2025-12-31,7401116000.0,1480142000.0,16067543000.0,5438757000.0,10628786000.0,457951000.0,1801763000.0,130248000.0,81795000.0,4733677000.0,855215000.0,422804000.0,757122000.0,3019842000.0,2842752000.0,1119257000.0,1106405000.0,617950000.0,2283309000.0,273315000.0,2283309000.0,1671515000.0,0.33849338383597294,0.1421069170314341,0.028501619693813797,0.19998902868162044,0.10403052912321442,-0.020016812775917263,1.0622952688099419,232.39999389648438,-0.010684984574924061,-0.002746437701043436,0.2766583388097309,-0.03720279561137563,True,,,False,False,False,False,False,False,False,False,False,False,False,False,False,True,True,False,False,False,False,False,False,False,False,True,False,False,False,False,False,False,False,False,False,False,True,0,2,97.0,Strong public-data coverage
AMGN,Amgen,Healthcare,,Dow; Nasdaq 100; S&P 500,NR (to derive from financials),BB-,default - no public rating available; derive from leverage/margin post-SEC pull,0000318154,True,2025-12-31,36751000000.0,7711000000.0,90586000000.0,,8658000000.0,9129000000.0,9958000000.0,1858000000.0,,12037000000.0,7913000000.0,5167000000.0,7050000000.0,29057000000.0,25489000000.0,9570000000.0,6225000000.0,2367000000.0,54604000000.0,4599000000.0,59203000000.0,8100000000.0,0.65,0.6535557370896165,0.10077716203386837,0.20981741993415146,0.08941779082860486,-0.024805157529861125,1.1399819529993331,331.70001220703125,-0.05503953453171617,-0.11128094673758882,0.23590692029825058,-0.14545545888912903,True,,,False,True,False,False,False,False,False,False,False,False,False,False,False,True,True,False,False,False,False,False,False,False,False,False,False,False,False,False,False,False,False,False,False,False,False,1,0,93.6,Strong public-data coverage
AMP,Ameriprise Financial,Financials,Asset Management & Custody Banks,S&P 500,NR (to derive from financials),NR,default - no public rating available; derive from leverage/margin post-SEC pull,0000820027,True,2025-12-31,18911000000.0,3563000000.0,190904000000.0,184355000000.0,6549000000.0,11158000000.0,8323000000.0,162000000.0,,,744000000.0,151000000.0,3875000000.0,,,,,,2249000000.0,504000000.0,,8161000000.0,0.9656947994803671,0.25,0.05844822528600763,0.1884088625667601,0.04274923521770104,-0.024933998239953067,1.0,465.55999755859375,0.046870707867977535,-0.13327467091302592,0.3052983686320094,-0.1408960310675763,True,,,False,False,True,False,False,False,False,True,False,False,False,False,False,True,True,False,False,False,False,False,False,False,False,False,False,False,False,False,False,False,False,False,False,True,True,2,2,84.3,Usable for demo; some stale/missing fields
AMT,American Tower,Real Estate,Telecom Tower REITs,S&P 500,NR (to derive from financials),A-,default - no public rating available; derive from leverage/margin post-SEC pull,0001053507,True,2025-12-31,10644600000.0,2628500000.0,63190400000.0,52835100000.0,3652500000.0,1474800000.0,5464000000.0,1680400000.0,1398200000.0,43100000.0,20356300000.0,1100000000.0,940700000.0,2741800000.0,6913800000.0,650300000.0,,259800000.0,38901800000.0,3387800000.0,3387800000.0,3783600000.0,0.8361254241150554,0.053612574061882814,0.023338988200739354,0.2469327170584146,0.059876183724109994,-0.044872322378082745,0.3965691804796205,176.52999877929688,-0.005556267089346423,0.026387737646270892,0.28060314149272236,-0.07662844117243295,True,,,False,False,False,False,False,False,False,False,False,False,False,False,False,True,True,False,False,False,False,False,False,False,False,True,True,False,False,False,False,False,False,False,False,True,False,0,3,95.5,Strong public-data coverage
AMZN,Amazon,Consumer Discretionary,,Dow; Nasdaq 100; S&P 500,NR (to derive from financials),A,default - no public rating available; derive from leverage/margin post-SEC pull,0001018724,True,2025-12-31,716924000000.0,77670000000.0,818042000000.0,,411065000000.0,86810000000.0,139514000000.0,131819000000.0,3182000000.0,356414000000.0,357025000000.0,65756000000.0,11172000000.0,229083000000.0,218005000000.0,67729000000.0,38325000000.0,121909000000.0,68836000000.0,455000000.0,69291000000.0,7695000000.0,0.72,0.08470347488270773,0.1061192457111004,0.10833784334183261,0.009406607484701275,-0.07560003031629182,1.0508153482718285,272.67999267578125,0.14388785590398245,0.306439206022455,0.28682669727467,-0.008400296885806346,True,,,False,True,False,False,False,False,False,False,False,False,False,False,False,True,True,False,False,False,False,False,False,False,False,True,False,False,False,False,False,False,False,False,False,False,False,1,1,92.1,Strong public-data coverage
ANET,Arista Networks,Technology,Communications Equipment,S&P 500,NR (to derive from financials),NR,default - no public rating available; derive from leverage/margin post-SEC pull,0001596532,True,2025-12-31,9005700000.0,3511400000.0,19448600000.0,7078100000.0,12370500000.0,1963900000.0,4371900000.0,119500000.0,2701000.0,3237000000.0,203100000.0,72600000.0,141900000.0,16387000000.0,5376500000.0,1886900000.0,2247100000.0,651700000.0,0.0,98793000.0,,4252400000.0,0.3639387925094865,0.18,0.10097899077568566,0.3899086134337142,0.2186481289141635,-0.044244829962053825,3.0478936110852786,141.77000427246094,-0.03786903019966381,0.00021164652274774376,0.5954063891904774,-0.20232933280550436,True,,,False,False,True,False,False,False,False,False,False,False,False,False,False,True,True,False,False,False,False,False,False,False,False,True,False,False,False,False,False,False,False,False,False,True,True,1,3,89.1,Strong public-data coverage
AON,Aon plc,Financials,Insurance Brokers,S&P 500,NR (to derive from financials),BB+,default - no public rating available; derive from leverage/margin post-SEC pull,0000315293,True,2025-12-31,17181000000.0,3695000000.0,50784000000.0,41236000000.0,9352000000.0,1195000000.0,3481000000.0,263000000.0,484000000.0,,702000000.0,188000000.0,,25774000000.0,23226000000.0,4209000000.0,,2861000000.0,15249000000.0,,15249000000.0,3218000000.0,0.8119880277252678,0.30027173913043476,0.023531033396345307,0.21506315115534602,0.06336641461877757,0.004213925645872716,1.109704641350211,312.7900085449219,0.0033437930877517896,0.010553549906610504,0.3313666346483025,-0.12086127521781609,True,,,False,False,False,False,False,False,False,False,False,False,False,False,False,True,True,False,False,False,False,False,False,False,False,True,False,False,False,False,False,False,False,False,False,False,False,0,1,98.5,Strong public-data coverage
AOS,A. O. Smith,Industrials,Building Products,S&P 500,NR (to derive from financials),A,default - no public rating available; derive from leverage/margin post-SEC pull,0000091142,True,2025-12-31,3830200000.0,546200000.0,3142800000.0,1284800000.0,1858000000.0,174500000.0,616800000.0,70800000.0,13500000.0,2342800000.0,635100000.0,85100000.0,759400000.0,1291500000.0,862500000.0,582300000.0,479300000.0,,155000000.0,42300000.0,197300000.0,546000000.0,0.40880743286241567,0.0627784141529846,0.05552373679521446,0.14260351939846483,0.17373043146239023,-0.02246404480081456,1.4973913043478262,58.599998474121094,-0.10598958030220851,-0.25476528240171303,0.27395447139403656,-0.26763809962053775,True,,,False,False,False,False,False,False,False,False,False,False,False,False,False,True,True,False,False,False,False,False,False,False,False,False,False,False,False,False,False,False,False,False,False,False,False,0,0,100.0,Strong public-data coverage
APA,APA Corporation,Energy,Oil & Gas Exploration & Production,S&P 500,NR (to derive from financials),NR,default - no public rating available; derive from leverage/margin post-SEC pull,0001841666,True,2025-12-31,,1434000000.0,17761000000.0,,6093000000.0,516000000.0,4545000000.0,,,,146000000.0,2304000000.0,350000000.0,2121000000.0,2571000000.0,1062000000.0,351000000.0,871000000.0,8715000000.0,2000000.0,,,0.48,0.22,0.02905241821969484,0.12,0.05,-0.1751590563594392,0.8249708284714119,35.560001373291016,-0.0733104278114205,0.3022197343996389,0.5168952118645308,-0.1935566307740475,True,,,False,True,True,False,True,True,False,False,False,False,False,False,False,True,True,False,False,False,False,False,False,False,False,False,False,False,False,False,False,False,False,False,False,True,True,4,2,71.5,Usable for demo; some stale/missing fields
APD,Air Products,Materials,Industrial Gases,S&P 500,NR (to derive from financials),A-,default - no public rating available; derive from leverage/margin post-SEC pull,0000002969,True,2025-09-30,12037300000.0,-394500000.0,41059500000.0,23709700000.0,15024900000.0,1856000000.0,3256800000.0,7022600000.0,177500000.0,8256000000.0,25337800000.0,1564200000.0,906100000.0,5825800000.0,4218600000.0,1901200000.0,776500000.0,3237700000.0,5289400000.0,34700000.0,34700000.0,-3765800000.0,0.5774473629732462,0.0008451150160133465,0.04520269365189542,-0.03277313018700207,-0.09171568090210548,-0.08892704489825741,1.3809794718627033,295.4100036621094,-0.011047463718551365,0.03803543970635581,0.20393383114131042,-0.028032735231763084,True,,,False,False,False,False,False,False,False,False,False,False,False,False,False,True,True,False,False,False,False,False,False,False,False,True,False,False,False,False,False,False,False,False,False,True,False,0,2,97.0,Strong public-data coverage
APH,Amphenol,Technology,Electronic Components,S&P 500,NR (to derive from financials),NR,default - no public rating available; derive from leverage/margin post-SEC pull,0000820313,True,2025-12-31,23094700000.0,4270300000.0,36236900000.0,22727200000.0,13413100000.0,11130600000.0,5374700000.0,996600000.0,139500000.0,14577000000.0,2305600000.0,922400000.0,2545700000.0,20267200000.0,6802800000.0,4717100000.0,3424900000.0,2661900000.0,3542600000.0,1100000.0,,4378100000.0,0.6271838926618999,0.18,0.30716203648766865,0.1849038956990132,0.1208188338406431,-0.030477220733561645,2.979243840771447,128.02999877929688,-0.09037301044904533,-0.11038111041016152,0.4410835059982043,-0.22837264531811496,True,,,False,False,True,False,False,False,False,False,False,False,False,False,False,True,True,False,False,False,False,False,False,False,False,True,False,False,False,False,False,False,False,False,False,True,True,1,3,89.1,Strong public-data coverage
APO,Apollo Global Management,Financials,Asset Management & Custody Banks,S&P 500,NR (to derive from financials),BBB,default - no public rating available; derive from leverage/margin post-SEC pull,0001858681,True,2025-12-31,32049000000.0,3492000000.0,460949000000.0,418434000000.0,23341000000.0,20591000000.0,7246000000.0,,,,,1431000000.0,,,,,,,13364000000.0,,13364000000.0,,0.9077663689475408,0.028992361410915306,0.04467088549926348,0.10895815782083684,0.015,-0.00814406799884586,1.0,133.1999969482422,0.2773302503594477,-0.0015371445917879978,0.42591319272497236,-0.12413818706112945,True,,,False,False,False,False,False,True,False,True,False,False,False,False,False,True,True,False,False,False,False,False,False,False,False,False,False,False,False,False,False,False,False,False,False,False,False,2,0,87.3,Strong public-data coverage
APP,AppLovin,Industrials,,Nasdaq 100; S&P 500,NR (to derive from financials),A,default - no public rating available; derive from leverage/margin post-SEC pull,0001751008,True,2025-12-31,5480717000.0,3333751000.0,7259610000.0,5124939000.0,2134671000.0,2487096000.0,3971094000.0,4776000.0,207016000.0,665140000.0,122445000.0,194778000.0,233502000.0,4430792000.0,1333788000.0,1819366000.0,,746977000.0,3512987000.0,0.0,3512987000.0,3966318000.0,0.7059523858719683,0.483908501971869,0.3425936104005587,0.6082691370490394,0.5463541429911524,-0.08779300816435043,3.3219612112269714,468.54998779296875,0.19717405577033142,0.017746172343509725,0.8342334393902797,-0.3613004315891223,True,,,False,False,False,False,False,False,False,False,False,False,False,False,False,True,True,False,False,False,False,False,False,False,False,False,False,False,False,False,False,False,False,False,False,False,False,0,0,100.0,Strong public-data coverage
APTV,Aptiv,Autos,Automotive Parts & Equipment,S&P 500,NR (to derive from financials),BB+,default - no public rating available; derive from leverage/margin post-SEC pull,0001521332,True,2025-12-31,20398000000.0,165000000.0,23413000000.0,13914000000.0,9207000000.0,1851000000.0,2185000000.0,656000000.0,361000000.0,16500000000.0,3774000000.0,991000000.0,1673000000.0,8745000000.0,5037000000.0,3477000000.0,2561000000.0,3157000000.0,7653000000.0,81000000.0,7734000000.0,1529000000.0,0.5942852261564089,0.33032930423269125,0.07905864263443386,0.008089028336111383,0.06530559945329517,-0.08627685473882031,1.7361524717093508,57.939998626708984,-0.028667273351670297,-0.3050258280208059,0.4192717602262217,-0.3465659205685968,True,,,False,False,False,False,False,False,False,False,False,False,False,False,False,True,True,False,False,False,False,False,False,False,False,False,False,False,False,False,False,False,False,False,False,False,False,0,0,100.0,Strong public-data coverage
ARE,Alexandria Real Estate Equities,Real Estate,Office REITs,S&P 500,NR (to derive from financials),BB+,default - no public rating available; derive from leverage/margin post-SEC pull,0001035443,True,2025-12-31,,-1429570000.0,34081835000.0,14925399000.0,15470070000.0,549062000.0,1414046000.0,,226698000.0,,70311000.0,1350478000.0,117047000.0,,,,,,12400555000.0,,12400555000.0,,0.4379282688270746,0.3638464595582955,0.01611010674748,0.08,0.02,-0.0834349441572028,0.9,46.2599983215332,0.08566058809900423,-0.16386299102648205,0.4808550659764094,-0.21275086188685866,True,,,False,False,False,False,True,True,False,True,False,False,False,False,False,True,True,False,False,False,False,False,False,False,False,False,False,False,False,False,False,False,False,False,False,False,False,3,0,80.9,Usable for demo; some stale/missing fields
ARES,Ares Management,Financials,Asset Management & Custody Banks,S&P 500,NR (to derive from financials),NR,default - no public rating available; derive from leverage/margin post-SEC pull,0001176948,True,2025-12-31,4755618000.0,527362000.0,28633369000.0,19931981000.0,4275463000.0,488896000.0,3266959000.0,18419000.0,71356000.0,,,45200000.0,996075000.0,,,,,,202869000.0,,,,0.6961102271968066,0.25,0.01707434427293554,0.11089242239389287,0.015,-0.09567847220492985,1.0,126.25,0.25671910362891404,-0.06762247743464556,0.504019945320342,-0.2775424960877422,True,,,False,False,True,False,False,True,False,True,False,False,False,False,False,True,True,False,False,False,False,False,False,False,True,True,False,False,False,False,False,False,False,False,False,True,False,3,3,76.4,Usable for demo; some stale/missing fields
ARM,Arm Holdings,Industrials,,Nasdaq 100,NR (to derive from financials),NR,default - no public rating available; derive from leverage/margin post-SEC pull,0001973239,True,2025-03-31,4007000000.0,792000000.0,8932000000.0,2093000000.0,6839000000.0,2085000000.0,397000000.0,219000000.0,,121000000.0,394000000.0,183000000.0,984000000.0,4830000000.0,929000000.0,1107000000.0,,,,,,178000000.0,0.23432601880877743,0.28,0.23343036274070758,0.19765410531569752,0.019928347514554412,0.0442230183609494,5.199138858988159,213.27000427246094,0.4320151397358025,0.7114999055280018,0.7920236097736405,-0.10126421605673419,True,,,False,False,True,False,False,False,False,False,False,False,False,False,False,True,True,False,False,False,False,False,False,False,False,False,False,False,False,False,False,False,False,False,False,False,False,1,0,93.6,Strong public-data coverage
ASML,ASML Holding,Industrials,,Nasdaq 100,NR (to derive from financials),NR,default - no public rating available; derive from leverage/margin post-SEC pull,0000937966,True,,,,,,,,,,,,,,,,,,,,,,,,0.66,0.28,0.06,0.09,0.04,0.02,1.2,1592.02001953125,0.07929299997012507,0.11760261907398006,0.47246003013938426,0.0,True,,,False,True,True,True,True,True,True,True,False,False,False,False,False,True,True,False,False,False,False,False,False,False,False,False,False,False,False,False,False,False,False,False,False,False,False,7,0,55.5,Assumption-heavy; use with caution
ATO,Atmos Energy,Utilities,Gas Utilities,S&P 500,NR (to derive from financials),A,default - no public rating available; derive from leverage/margin post-SEC pull,0000731802,True,2025-09-30,4702755000.0,1198754000.0,28249522000.0,,13558890000.0,202687000.0,2049456000.0,3561399000.0,137281000.0,1452173000.0,6725906000.0,734745000.0,,1052695000.0,1362615000.0,375509000.0,,506516000.0,3529452000.0,0.0,0.0,-1511943000.0,0.74,0.0,0.007174882463497966,0.25490462505488803,-0.05352101178915523,-0.030113854669824146,0.7725549770111146,180.8699951171875,-0.04985293897213827,0.060742957916316564,0.1607307962999547,-0.05938945638191395,True,,,False,True,False,False,False,False,False,False,False,False,False,False,False,True,True,False,False,False,False,False,False,False,False,True,True,True,False,False,False,False,False,False,False,True,False,1,4,87.6,Strong public-data coverage
AVB,AvalonBay Communities,Real Estate,Multi-Family Residential REITs,S&P 500,NR (to derive from financials),BBB-,default - no public rating available; derive from leverage/margin post-SEC pull,0000915912,True,2025-12-31,3040725000.0,1056599000.0,22192137000.0,10357820000.0,11611340000.0,187234000.0,1671105000.0,5266000.0,259181000.0,,,913376000.0,86679000.0,,,,,,9328552000.0,,9328552000.0,,0.4667337805277608,0.4203539298626356,0.008436952241237515,0.34748259050062075,0.02,-0.027690258040494253,0.9,184.0800018310547,0.08422666482844599,0.07304679359249522,0.20516126521319644,-0.012658230956059224,True,,,False,False,False,False,False,True,False,True,False,False,False,False,False,True,True,False,False,False,False,False,False,False,True,False,False,False,False,False,False,False,False,False,False,False,False,2,1,85.8,Strong public-data coverage
AVGO,Broadcom,Industrials,,Nasdaq 100; S&P 500,NR (to derive from financials),A,default - no public rating available; derive from leverage/margin post-SEC pull,0001730168,True,2025-11-02,63887000000.0,23126000000.0,171092000000.0,89800000000.0,81292000000.0,16178000000.0,27537000000.0,623000000.0,3953000000.0,20593000000.0,2530000000.0,574000000.0,4211000000.0,31573000000.0,18514000000.0,7145000000.0,2270000000.0,1560000000.0,39665000000.0,3152000000.0,3152000000.0,26914000000.0,0.5248638159586655,0.01842283683632198,0.0945573141935333,0.3619828760154648,0.15730717976293457,-0.025781450915297034,1.7053581073782003,430.0,0.15731399307594685,0.25284062769358373,0.4061926026334175,0.0,True,,,False,False,False,False,False,False,False,False,False,False,False,False,False,True,True,False,False,False,False,False,False,False,False,False,False,False,False,False,False,False,False,False,False,True,False,0,1,98.5,Strong public-data coverage
AVY,Avery Dennison,Materials,Paper & Plastic Packaging Products & Materials,S&P 500,NR (to derive from financials),BBB-,default - no public rating available; derive from leverage/margin post-SEC pull,0000008818,True,2025-12-31,8855500000.0,688000000.0,8801700000.0,,2242100000.0,202800000.0,881400000.0,169000000.0,119000000.0,6309200000.0,1607700000.0,328200000.0,1422500000.0,2990300000.0,2653600000.0,1503900000.0,975800000.0,1261700000.0,3199000000.0,250000000.0,3199000000.0,712400000.0,0.6,0.36345251485508484,0.023041003442516788,0.07769182993619785,0.08093890952884102,-0.021973027937784745,1.126884232740428,163.50999450683594,-0.044695074734723006,-0.13269183436421939,0.24881715963062392,-0.1677882251541769,True,,,False,True,False,False,False,False,False,False,False,False,False,False,False,True,True,False,False,False,False,False,False,False,False,True,False,False,False,False,False,False,False,False,False,False,True,1,2,90.6,Strong public-data coverage
AWK,American Water Works,Utilities,Water Utilities,S&P 500,NR (to derive from financials),A,default - no public rating available; derive from leverage/margin post-SEC pull,0001410636,True,2025-12-31,5121000000.0,1111000000.0,35442000000.0,,10837000000.0,98000000.0,2059000000.0,3126000000.0,297818000.0,,30576000000.0,894000000.0,,2191000000.0,4747000000.0,395000000.0,,378000000.0,9656000000.0,1588000000.0,1588000000.0,-1067000000.0,0.74,0.04480559787822358,0.0027650809773714802,0.21694981448935755,-0.03010552451893234,-0.026747926189266972,0.46155466610490836,125.05000305175781,-0.08868968124676824,0.02397603514761726,0.24535674745061256,-0.10480348724876909,True,,,False,True,False,False,False,False,False,False,False,False,False,False,False,True,True,False,False,False,False,False,False,False,False,True,False,False,False,False,False,False,False,False,False,True,False,1,2,90.6,Strong public-data coverage
AXON,Axon Enterprise,Industrials,,Nasdaq 100; S&P 500,NR (to derive from financials),BBB,default - no public rating available; derive from leverage/margin post-SEC pull,0001069183,True,2025-12-31,2779536000.0,124656000.0,7000313000.0,3757655000.0,3242658000.0,1201147000.0,211339000.0,136258000.0,,1121411000.0,330979000.0,83161000.0,1035893000.0,3713052000.0,1470147000.0,777486000.0,341811000.0,139086000.0,1810722000.0,80552000.0,1891274000.0,75081000.0,0.5367838552361873,0.27016991954502606,0.171584756281612,0.04484777315350476,0.010725377565260296,-0.012382732029267833,2.5256331509706174,403.5400085449219,0.16650287823615217,-0.0696912678018331,0.6903445222200638,-0.3709529042386185,True,,,False,False,False,False,False,False,False,False,False,False,False,False,False,True,True,False,False,False,False,False,False,False,False,False,False,False,False,False,False,False,False,False,False,False,False,0,0,100.0,Strong public-data coverage
AXP,American Express,Financials,,Dow; S&P 500,A shown,A,screenshot,0000004962,True,2025-12-31,41304000000.0,10833000000.0,300052000000.0,266578000000.0,33474000000.0,47792000000.0,18428000000.0,2425000000.0,6849000000.0,,6118000000.0,,,,,,,,56387000000.0,1371000000.0,57758000000.0,16003000000.0,0.8884393371815552,0.19249330116113206,0.15927905829656194,0.2622748402091807,0.05333408875794862,-0.02531227920493781,1.0,316.0299987792969,0.008070171544806604,-0.11853111430365748,0.32052626290945335,-0.17448271799279091,True,,,False,False,False,False,False,False,False,True,False,False,False,False,False,True,True,False,False,False,False,False,False,False,False,True,False,False,False,False,False,False,False,False,False,False,False,1,1,92.1,Strong public-data coverage
AZO,AutoZone,Autos,Automotive Retail,S&P 500,NR (to derive from financials),BB+,default - no public rating available; derive from leverage/margin post-SEC pull,0000866787,True,2025-08-30,18938717000.0,2498247000.0,19355324000.0,,-3414313000.0,271803000.0,3117337000.0,1327257000.0,320121000.0,8972243000.0,7062509000.0,613199000.0,6356318000.0,8341379000.0,9519397000.0,670137000.0,7025688000.0,8025590000.0,8799775000.0,180910000.0,8799775000.0,1790080000.0,0.78,0.45464364223507703,0.014042802900121951,0.13191215645706095,0.09248514775572861,-0.031985514683195174,0.8762507751278784,3496.18994140625,0.019163664000379166,-0.037999195488501614,0.31318224907547243,-0.11889263109941639,True,,,False,True,False,False,False,False,False,False,False,False,False,False,False,True,True,False,False,False,False,False,False,False,False,True,False,False,False,False,False,False,False,False,False,False,True,1,2,90.6,Strong public-data coverage
BA,Boeing,Industrials,,Dow; S&P 500,BBB / BB bucket,BBB,demo_bucket_to_refresh,0000012927,True,2025-12-31,89463000000.0,2235000000.0,168235000000.0,162778000000.0,5454000000.0,10921000000.0,1065000000.0,2942000000.0,2771000000.0,85174000000.0,15361000000.0,1953000000.0,6090000000.0,128459000000.0,108115000000.0,2921000000.0,,13109000000.0,53848000000.0,,53848000000.0,-1877000000.0,0.9675632300056468,0.320076084049098,0.06491514845305674,0.024982394956574228,-0.011157012512259637,0.006954557612862959,1.1881700041622347,237.36000061035156,0.09065843534839368,-0.030035576404154885,0.35010242094995253,-0.05865553695870629,True,,,False,False,False,False,False,False,False,False,False,False,False,False,False,True,True,False,False,False,False,False,False,False,False,False,False,False,False,False,False,False,False,False,False,False,False,0,0,100.0,Strong public-data coverage
BAC,Bank of America,Financials,Diversified Banks,S&P 500,A / A- bucket,A-,demo_bucket_to_refresh,0000070858,True,2025-12-31,113097000000.0,30509000000.0,3411738000000.0,3108495000000.0,303243000000.0,231845000000.0,12613000000.0,,73331000000.0,,12516000000.0,2314000000.0,,,,,,,317816000000.0,45999000000.0,317816000000.0,,0.9111177353008936,0.09315369468581702,0.06795510088992765,0.2697595869032777,0.015,0.00524542036932496,1.0,51.310001373291016,-0.023410725557730605,-0.08526744038883005,0.25170704407210526,-0.09868883590714705,True,,,False,False,False,False,False,True,False,True,False,False,False,False,False,True,True,False,False,False,False,False,False,False,False,True,False,False,False,False,False,False,False,False,False,False,True,2,2,84.3,Usable for demo; some stale/missing fields
BALL,Ball Corporation,Materials,"Metal, Glass & Plastic Containers",S&P 500,NR (to derive from financials),A-,default - no public rating available; derive from leverage/margin post-SEC pull,0000009389,True,2025-12-31,10983000000.0,915000000.0,19524000000.0,14103000000.0,5421000000.0,1212000000.0,1262000000.0,474000000.0,333000000.0,7081200000.0,6656000000.0,622000000.0,566000000.0,6113000000.0,5487000000.0,2057000000.0,2013000000.0,4452000000.0,7791000000.0,2000000.0,2000000.0,788000000.0,0.722341733251383,0.0001024380249948781,0.06207744314689613,0.08,0.04036058184798197,-0.01777299733661135,1.1140878439948971,58.52000045776367,-0.06052336494385735,-0.11935680939507842,0.27026796969943556,-0.13378298243282116,True,,,False,False,False,False,True,False,False,False,False,False,False,False,False,True,True,True,False,False,False,False,False,False,False,False,True,False,False,False,False,False,False,False,False,True,False,1,3,89.1,Strong public-data coverage
BAX,Baxter International,Healthcare,Health Care Equipment,S&P 500,NR (to derive from financials),B+,default - no public rating available; derive from leverage/margin post-SEC pull,0000010456,True,2025-12-31,11244000000.0,-957000000.0,20055000000.0,13953000000.0,6129000000.0,1966000000.0,845000000.0,513000000.0,290000000.0,7865000000.0,2910000000.0,981000000.0,2890000000.0,6872000000.0,2970000000.0,1861000000.0,2232000000.0,999000000.0,9438000000.0,1000000.0,9439000000.0,332000000.0,0.6957367240089753,0.4706556968337073,0.09803041635502369,-0.08511205976520811,0.01655447519321865,-0.08985290451259037,2.3138047138047138,17.989999771118164,0.04897960182344763,-0.17170550433763998,0.5373112678561286,-0.19178984622231798,True,,,False,False,False,False,False,False,False,False,False,False,False,False,False,True,True,False,False,False,False,False,False,False,False,False,False,False,False,False,False,False,False,False,False,False,False,0,0,100.0,Strong public-data coverage
BBY,Best Buy,Consumer Discretionary,Computer & Electronics Retail,S&P 500,NR (to derive from financials),A,default - no public rating available; derive from leverage/margin post-SEC pull,0000764478,True,2026-01-31,41691000000.0,1069000000.0,14670000000.0,,2964000000.0,1738000000.0,1962000000.0,704000000.0,47000000.0,32318000000.0,1986000000.0,831000000.0,7623000000.0,8504000000.0,7679000000.0,1043000000.0,5230000000.0,4745000000.0,1154000000.0,10000000.0,1164000000.0,1258000000.0,0.72,0.07934560327198364,0.11847307430129517,0.02564102564102564,0.08575323790047716,-0.06087252897068848,1.1074358640447974,59.400001525878906,-0.047619006844130896,-0.10100738460813685,0.34333588389633585,-0.2454831288804331,True,,,False,True,False,False,False,False,False,False,False,False,False,False,False,True,True,False,False,False,False,False,False,False,False,False,False,False,False,False,False,False,False,False,False,False,False,1,0,93.6,Strong public-data coverage
BDX,Becton Dickinson,Healthcare,Health Care Equipment,S&P 500,NR (to derive from financials),BBB,default - no public rating available; derive from leverage/margin post-SEC pull,0000010795,True,2025-09-30,21840000000.0,1678000000.0,55325000000.0,,25390000000.0,641000000.0,3430000000.0,760000000.0,613000000.0,11915000000.0,6997000000.0,2462000000.0,5278000000.0,9255000000.0,8313000000.0,2994000000.0,3894000000.0,1974000000.0,17621000000.0,752000000.0,17621000000.0,2670000000.0,0.65,0.3184997740623588,0.0115860822413014,0.07683150183150184,0.0482602801626751,-0.03166741979213737,1.113316492241068,149.42999267578125,-0.031059580514896545,-0.07763703216520368,0.2805227637296059,-0.18882184460735862,True,,,False,True,False,False,False,False,False,False,False,False,False,False,False,True,True,False,False,False,False,False,False,False,False,False,False,False,False,False,False,False,False,False,False,False,True,1,1,92.1,Strong public-data coverage
BEN,Franklin Resources,Financials,Asset Management & Custody Banks,S&P 500,NR (to derive from financials),A,default - no public rating available; derive from leverage/margin post-SEC pull,0000038777,True,2025-09-30,8770700000.0,524900000.0,32368300000.0,18179500000.0,12077800000.0,3573900000.0,1066100000.0,154500000.0,94900000.0,,949100000.0,125300000.0,774500000.0,7616768000.0,1312064000.0,772475000.0,,328303000.0,2362000000.0,29656000.0,2362000000.0,911600000.0,0.56164518989258,0.07297263062935032,0.11041358366055679,0.05984699054807484,0.02816335735889744,-0.016720062530315154,1.0,31.049999237060547,0.24648733148371815,0.13814255133831788,0.34173130984145966,-0.0035301864855656895,True,,,False,False,False,False,False,False,False,True,False,False,False,False,False,True,True,False,False,False,False,False,False,False,False,False,False,False,False,False,True,True,True,False,True,False,True,1,5,86.1,Strong public-data coverage
BF-B,Brown–Forman,Consumer Staples,Distillers & Vintners,S&P 500,NR (to derive from financials),BBB,default - no public rating available; derive from leverage/margin post-SEC pull,0000014693,True,2025-04-30,3975000000.0,869000000.0,8086000000.0,4093000000.0,3993000000.0,444000000.0,598000000.0,167000000.0,122000000.0,1632000000.0,1095000000.0,87000000.0,744000000.0,4195000000.0,1080000000.0,830000000.0,2511000000.0,,2421000000.0,312000000.0,2733000000.0,431000000.0,0.5061835270838486,0.33799159040316595,0.05490972050457581,0.21861635220125786,0.053302003462775166,0.03351471679445956,3.884259259259259,27.68000030517578,-0.06137672024382501,-0.05239252361102753,0.5413215348938653,-0.09535401447591463,True,,,False,False,False,False,False,False,False,False,False,False,False,False,False,True,True,False,False,False,False,False,False,False,False,False,False,False,False,False,False,False,False,False,False,False,False,0,0,100.0,Strong public-data coverage
BG,Bunge Global,Consumer Staples,Agricultural Products & Services,S&P 500,NR (to derive from financials),BBB-,default - no public rating available; derive from leverage/margin post-SEC pull,0001996862,True,2025-12-31,70329000000.0,816000000.0,44528000000.0,,15904000000.0,1135000000.0,844000000.0,1723000000.0,628000000.0,66920000000.0,11678000000.0,703000000.0,2113000000.0,24391000000.0,15127000000.0,3870000000.0,13198000000.0,4881000000.0,10168000000.0,3883000000.0,14051000000.0,-879000000.0,0.7,0.31555425799496944,0.025489579590370105,0.011602610587382161,-0.019740388070427595,-0.0006288178224937119,1.6124148872876314,124.94000244140625,0.008231151448778506,0.059063375647228744,0.28082741221899366,-0.041724207989528805,True,,,False,True,False,False,False,False,False,False,False,False,False,False,False,True,True,False,False,False,False,False,False,False,False,False,False,False,False,False,False,False,False,False,False,False,False,1,0,93.6,Strong public-data coverage
BIIB,Biogen,Healthcare,Biotechnology,S&P 500,NR (to derive from financials),A-,default - no public rating available; derive from leverage/margin post-SEC pull,0000875045,True,2025-12-31,9890600000.0,1292900000.0,29439500000.0,11182700000.0,18256800000.0,3008500000.0,2204600000.0,153800000.0,267500000.0,2404200000.0,3055400000.0,779900000.0,2433600000.0,8974100000.0,3349400000.0,1342400000.0,2168100000.0,432000000.0,6286800000.0,,6286800000.0,2050800000.0,0.3798535980570322,0.21354982251736612,0.10219263234769613,0.13072007764948537,0.0696615091968274,-0.03096859661339357,2.67931569833403,193.4499969482422,0.1184020094987881,-0.0018574924662630998,0.3201266225706643,-0.03842328267700368,True,,,False,False,False,False,False,False,False,False,False,False,False,False,False,True,True,False,False,False,False,False,False,False,False,False,False,False,False,False,False,False,False,False,False,False,False,0,0,100.0,Strong public-data coverage
BK,BNY Mellon,Financials,Asset Management & Custody Banks,S&P 500,NR (to derive from financials),BBB+,default - no public rating available; derive from leverage/margin post-SEC pull,0001390777,True,2025-12-31,20080000000.0,5549000000.0,472300000000.0,427492000000.0,44313000000.0,5111000000.0,6730000000.0,1553000000.0,16303000000.0,,3581000000.0,,,,,,,,31873000000.0,,31873000000.0,5177000000.0,0.9051280965488038,0.06748464958712683,0.010821511751005717,0.27634462151394423,0.010961253440609782,-0.0025005293245818337,1.0,130.5,0.02710893527757241,0.02670647546900895,0.24958255877255814,-0.05004338559598209,True,,,False,False,False,False,False,False,False,True,False,False,False,False,False,True,True,False,False,False,False,False,False,False,False,True,False,False,False,False,False,False,False,False,False,False,False,1,1,92.1,Strong public-data coverage
BKNG,Booking Holdings,Industrials,,Nasdaq 100; S&P 500,NR (to derive from financials),B-,default - no public rating available; derive from leverage/margin post-SEC pull,0001075531,True,2025-12-31,26917000000.0,2551360000.0,29264000000.0,34842000000.0,-5578000000.0,17203000000.0,9409000000.0,322000000.0,897000000.0,242000000.0,807000000.0,623000000.0,857000000.0,22264000000.0,16698000000.0,1523000000.0,,5094000000.0,18736000000.0,1880000000.0,20616000000.0,9087000000.0,1.1906096227446692,0.7044833242208858,0.5878553854565336,0.09,0.31051804264625477,0.02,1.3333333333333333,165.92999267578125,-0.043410663822394224,-0.018724511908662533,0.43615175086275176,-0.24296618572995532,True,,,False,False,False,False,True,False,True,False,False,False,False,False,False,True,True,False,True,False,False,False,False,False,False,True,True,False,False,False,False,False,True,False,False,False,False,2,4,81.3,Usable for demo; some stale/missing fields
BKR,Baker Hughes,Industrials,,Nasdaq 100; S&P 500,NR (to derive from financials),NR,default - no public rating available; derive from leverage/margin post-SEC pull,0001701605,True,2025-12-31,27733000000.0,2588000000.0,40881000000.0,0.0,18834000000.0,3715000000.0,3810000000.0,1273000000.0,,9402000000.0,5326000000.0,1188000000.0,2387000000.0,18828000000.0,13877000000.0,6641000000.0,4954000000.0,4579000000.0,27000000.0,,,2537000000.0,0.66,0.28,0.09087351092194418,0.09331842930804457,0.06205816883148651,-0.02989163670164624,1.356777401455646,63.88999938964844,0.020271309985724573,0.08052851535731143,0.35596705945281826,-0.07989594072352557,True,,,False,True,True,False,False,False,False,False,False,False,False,False,False,True,True,False,False,False,True,False,False,False,False,False,True,False,False,False,False,False,False,False,False,True,False,2,3,82.8,Usable for demo; some stale/missing fields
BLDR,Builders FirstSource,Industrials,Building Products,S&P 500,NR (to derive from financials),NR,default - no public rating available; derive from leverage/margin post-SEC pull,0001316835,True,2025-12-31,15190638000.0,435199000.0,11237530000.0,6885279000.0,4352251000.0,181753000.0,1215886000.0,362602000.0,193174000.0,10574861000.0,2204184000.0,591432000.0,3829501000.0,2927283000.0,1574941000.0,1061011000.0,1094684000.0,714710000.0,383904000.0,30074000.0,,853284000.0,0.6127039482875686,0.28,0.016173749925472946,0.028649158777926245,0.07593163266304961,-0.06947140519313408,1.8586620070212154,77.4000015258789,-0.09261431703683987,-0.3773129555463487,0.48246160770000285,-0.3998139151961132,True,,,False,False,True,False,False,False,False,False,False,False,False,False,False,True,True,False,False,False,False,False,False,False,False,True,False,False,False,False,False,False,False,False,False,True,True,1,3,89.1,Strong public-data coverage
BLK,BlackRock,Financials,Asset Management & Custody Banks,S&P 500,AA / A bucket,AA,demo_bucket_to_refresh,0002012383,True,2025-12-31,24216000000.0,5553000000.0,169998000000.0,108456000000.0,55888000000.0,11468000000.0,3927000000.0,375000000.0,,,1256000000.0,297000000.0,2731000000.0,,,,,,12768000000.0,,12768000000.0,3552000000.0,0.6379839762820739,0.0751067659619525,0.06745961717196673,0.22931119920713577,0.020894363463099565,0.009564818409628348,1.0,1084.8299560546875,0.08557900822069908,0.01015769819918333,0.29581997849784336,-0.06215839786169941,True,,,False,False,False,False,False,False,False,True,False,False,False,False,False,True,True,False,False,False,False,False,False,False,False,False,False,False,False,False,False,False,False,False,False,False,False,1,0,93.6,Strong public-data coverage
BMY,Bristol Myers Squibb,Healthcare,Pharmaceuticals,S&P 500,NR (to derive from financials),B+,default - no public rating available; derive from leverage/margin post-SEC pull,0000014272,True,2025-12-31,48194000000.0,7054000000.0,90038000000.0,71533000000.0,18473000000.0,10209000000.0,14156000000.0,1311000000.0,1166000000.0,13936000000.0,7543000000.0,4011000000.0,7267000000.0,29390000000.0,23417000000.0,9592000000.0,2690000000.0,3575000000.0,44827000000.0,2261000000.0,47088000000.0,12845000000.0,0.7944756658299829,0.5229791865656723,0.1133854594726671,0.14636676764742498,0.14266198716097647,-0.07887780714809303,1.2550711021907162,56.15999984741211,-0.0419651847372281,-0.06633099330615067,0.2459647114215244,-0.09028275125751883,True,,,False,False,False,False,False,False,False,False,False,False,False,False,False,True,True,False,False,False,False,False,False,False,False,True,False,False,False,False,False,False,False,False,False,False,False,0,1,98.5,Strong public-data coverage
BR,Broadridge Financial Solutions,Industrials,Data Processing & Outsourced Services,S&P 500,NR (to derive from financials),BB,default - no public rating available; derive from leverage/margin post-SEC pull,0001383312,True,2025-06-30,6889100000.0,839500000.0,8545000000.0,5889900000.0,2655100000.0,561500000.0,1171300000.0,43800000.0,,4752300000.0,170100000.0,36100000.0,948200000.0,1817100000.0,1861200000.0,,32100000.0,220300000.0,3252300000.0,499300000.0,3751600000.0,1127500000.0,0.6892802808660035,0.4390403744880047,0.06571094207138678,0.1218591688319229,0.13194850789935636,-0.038829724985371565,0.9763056092843327,149.5,-0.010719925685090614,-0.1697215445860939,0.30547339791258343,-0.34937636597579413,True,,,False,False,False,False,False,False,False,False,False,False,False,False,False,True,True,False,False,False,False,False,False,False,False,False,False,False,True,False,False,False,False,False,False,False,False,0,1,98.5,Strong public-data coverage
BRK-B,Berkshire Hathaway,Financials,Multi-Sector Holdings,S&P 500,NR (to derive from financials),NR,default - no public rating available; derive from leverage/margin post-SEC pull,0001067983,True,2025-12-31,371444000000.0,66968000000.0,1222176000000.0,502473000000.0,717419000000.0,52569000000.0,45969000000.0,20927000000.0,5069000000.0,,,13476000000.0,,,,,24424000000.0,,,,,25042000000.0,0.41112982090959077,0.25,0.04301262665933548,0.18029097252883342,0.020489683973503,0.01718164977875527,1.0,475.94000244140625,-0.008251701407465117,-0.044450659989823005,0.16172139257202037,-0.07370427842418326,True,,,False,False,True,False,False,False,False,True,False,False,False,False,False,True,True,False,False,False,False,False,False,False,False,False,False,False,False,False,False,False,False,False,False,False,False,2,0,87.3,Strong public-data coverage
BRO,Brown & Brown,Financials,Insurance Brokers,S&P 500,NR (to derive from financials),BBB+,default - no public rating available; derive from leverage/margin post-SEC pull,0000079282,True,2025-12-31,5902000000.0,1054000000.0,29991000000.0,3863400000.0,12573000000.0,1079000000.0,1450000000.0,68000000.0,190000000.0,,367000000.0,55000000.0,,8614000000.0,8294000000.0,,,990000000.0,7613000000.0,719000000.0,8332000000.0,1382000000.0,0.88,0.2778166783368344,0.035977459904638055,0.1785835310064385,0.04608049081391084,-0.013203961188356508,1.0385821075476247,56.45000076293945,-0.13260603603728227,-0.17795249354662313,0.3218633791247902,-0.3127689672003169,True,,,False,True,False,False,False,False,False,False,False,False,False,False,False,True,True,False,False,False,True,False,False,False,False,True,False,False,False,False,False,False,False,False,False,False,False,1,2,90.6,Strong public-data coverage
BSX,Boston Scientific,Healthcare,Health Care Equipment,S&P 500,NR (to derive from financials),NR,default - no public rating available; derive from leverage/margin post-SEC pull,0000885725,True,2025-12-31,20074000000.0,2892000000.0,43673000000.0,,24233000000.0,1965000000.0,4534000000.0,876000000.0,349000000.0,6221000000.0,4036000000.0,1368000000.0,6887000000.0,8794000000.0,5439000000.0,2926000000.0,2943000000.0,1144000000.0,3815000000.0,250000000.0,,3658000000.0,0.65,0.3,0.04499347422892863,0.14406695227657668,0.08375884413710988,-0.037597600348041126,1.6168413311270453,53.93000030517578,-0.12720505735380894,-0.27239613725374956,0.3899797844369488,-0.4862831150632281,True,,,False,True,True,False,False,False,False,False,False,False,False,False,False,True,True,False,False,False,False,False,False,False,False,False,False,False,False,False,False,False,False,False,False,True,True,2,2,84.3,Usable for demo; some stale/missing fields
BX,Blackstone Inc.,Financials,Asset Management & Custody Banks,S&P 500,NR (to derive from financials),A-,default - no public rating available; derive from leverage/margin post-SEC pull,0001393818,True,2025-12-31,14450265000.0,3019214000.0,47708975000.0,25827803000.0,8665526000.0,2631241000.0,4663161000.0,115703000.0,508314000.0,,521189000.0,98000000.0,1524548000.0,,,,,,12576587000.0,,12576587000.0,4547458000.0,0.5413615153123704,0.2636105051512844,0.05515190800053868,0.2089383135880207,0.09531661495557178,-0.03445781427917913,1.0,123.7699966430664,0.08784148561603078,-0.04948381522648704,0.4215207459101425,-0.22710289403682038,True,,,False,False,False,False,False,False,False,True,False,False,False,False,False,True,True,False,False,False,False,False,False,False,False,False,False,False,False,False,False,False,False,False,False,False,False,1,0,93.6,Strong public-data coverage
BXP,"BXP, Inc.",Real Estate,Office REITs,S&P 500,NR (to derive from financials),NR,default - no public rating available; derive from leverage/margin post-SEC pull,0001037540,True,2025-12-31,3482279000.0,276800000.0,26166164000.0,18473924000.0,5147190000.0,1478206000.0,1245157000.0,,653138000.0,7863000.0,,912088000.0,168789000.0,,,,,,3300000000.0,,,,0.7060233972392743,0.45,0.05649303428656948,0.07948817426748403,0.02,-0.03700798481581022,0.9,59.43000030517578,0.12132076047501483,-0.0733150469426962,0.33575601355703455,-0.16299272949092258,True,,,False,False,True,False,False,True,False,True,False,False,False,False,False,True,True,False,False,False,False,False,False,False,False,False,True,False,False,False,False,False,False,False,False,True,False,3,2,77.9,Usable for demo; some stale/missing fields
C,Citigroup,Financials,Diversified Banks,S&P 500,BBB+ / A- bucket,A-,demo_bucket_to_refresh,0000831001,True,2025-12-31,85225000000.0,14306000000.0,2657202000000.0,2443380000000.0,212291000000.0,349579000000.0,-67632000000.0,6520000000.0,78358000000.0,17495000000.0,33339000000.0,,,,,,,,315827000000.0,51878000000.0,367705000000.0,-74152000000.0,0.9195311459196553,0.13838052206794968,0.13155906099724446,0.16786154297447933,-0.027906045532104823,0.03083619536640421,1.0,125.55000305175781,0.0141000173473258,0.01918000059703706,0.3499201546851789,-0.0519060179901808,True,,,False,False,False,False,False,False,False,True,False,False,False,False,False,True,True,False,False,False,False,False,False,False,False,True,True,False,False,False,False,False,False,False,False,False,False,1,2,90.6,Strong public-data coverage
CAG,Conagra Brands,Consumer Staples,Packaged Foods & Meats,S&P 500,NR (to derive from financials),BB+,default - no public rating available; derive from leverage/margin post-SEC pull,0000023217,True,2025-05-25,11612800000.0,1152400000.0,20933900000.0,12001200000.0,8932700000.0,68000000.0,1691900000.0,389300000.0,297800000.0,8609300000.0,2835900000.0,390200000.0,1537300000.0,3071000000.0,4317000000.0,770000000.0,2048300000.0,1590100000.0,7260000000.0,804700000.0,8064700000.0,1302600000.0,0.5732902134814822,0.38524594079459634,0.0032483197110906234,0.09923532653623587,0.062224430230391856,-0.025771595354902813,0.7113736391012278,14.130000114440918,-0.045698018682482466,-0.24471823501039047,0.3230818544516065,-0.27640839137725126,True,,,False,False,False,False,False,False,False,False,False,False,False,False,False,True,True,False,False,False,False,False,False,False,False,True,False,False,False,False,False,False,False,False,False,False,False,0,1,98.5,Strong public-data coverage
CAH,Cardinal Health,Healthcare,Health Care Distributors,S&P 500,NR (to derive from financials),NR,default - no public rating available; derive from leverage/margin post-SEC pull,0000721371,True,2025-06-30,222578000000.0,1561000000.0,53122000000.0,,-2781000000.0,3874000000.0,2397000000.0,547000000.0,215000000.0,214410000000.0,2858000000.0,790000000.0,5382000000.0,36373000000.0,38897000000.0,13242000000.0,16831000000.0,34713000000.0,2502000000.0,,,1850000000.0,0.65,0.3,0.07292647114189978,0.007013271751925168,0.034825496028010994,-0.015737359286171454,0.9351106769159575,183.64999389648438,-0.1478749524136349,-0.184553567339231,0.2608911436577417,-0.1991684069150378,True,,,False,True,True,False,False,False,False,False,False,False,False,False,False,True,True,False,False,False,False,False,False,False,False,False,False,False,False,False,False,False,False,False,False,True,False,2,1,85.8,Strong public-data coverage
CARR,Carrier Global,Industrials,Building Products,S&P 500,NR (to derive from financials),BBB-,default - no public rating available; derive from leverage/margin post-SEC pull,0001783180,True,2025-12-31,21747000000.0,1484000000.0,37190000000.0,23062000000.0,14128000000.0,1555000000.0,2513000000.0,392000000.0,,16505000000.0,3165000000.0,1274000000.0,3092000000.0,8533000000.0,7114000000.0,2639000000.0,2483000000.0,2702000000.0,11365000000.0,108000000.0,11473000000.0,2121000000.0,0.6201129335842969,0.30849690777090616,0.041812315138478086,0.06823929737435049,0.05703146006991126,-0.02766872815272923,1.1994658420016868,66.83000183105469,0.05885761059551231,0.026761186772936485,0.4537757189751047,-0.01575846348716803,True,,,False,False,False,False,False,False,False,False,False,False,False,False,False,True,True,False,False,False,False,False,False,False,False,False,False,False,False,False,False,False,False,False,False,False,False,0,0,100.0,Strong public-data coverage
CASY,Casey's,Consumer Staples,Food Retail,S&P 500,NR (to derive from financials),BBB-,default - no public rating available; derive from leverage/margin post-SEC pull,0000726958,True,2025-04-30,15940899000.0,546520000.0,8208118000.0,4699448000.0,3508670000.0,326662000.0,1090854000.0,506224000.0,83951000.0,5825426000.0,5413244000.0,403647000.0,,1012853000.0,1101693000.0,37856000.0,480034000.0,620447000.0,2405375000.0,94925000.0,2500300000.0,584630000.0,0.5725366033967835,0.30461306720980375,0.039797429812778035,0.0342841391818617,0.07122582789379978,-0.06631654174562306,0.919360475195903,859.489990234375,0.16516021457261543,0.30521768822743645,0.25823954447515574,-0.0033165019221103043,True,,,False,False,False,False,False,False,False,False,False,False,False,False,False,True,True,False,False,False,False,False,False,False,False,False,True,False,False,False,False,False,True,False,False,False,False,0,2,97.0,Strong public-data coverage
CAT,Caterpillar,Industrials,,Dow; S&P 500,A bucket,A,demo_bucket_to_refresh,0000018230,True,2025-12-31,67589000000.0,8882000000.0,98585000000.0,77267000000.0,21318000000.0,9980000000.0,11739000000.0,2821000000.0,,49000000.0,15140000000.0,2262000000.0,6985000000.0,52485000000.0,36558000000.0,10920000000.0,18135000000.0,8968000000.0,30696000000.0,5514000000.0,36210000000.0,8918000000.0,0.7837602069280316,0.36729725617487446,0.10123243901202009,0.13141191614020034,0.09046000912917787,-0.028980067961657453,1.4356638765796816,897.4500122070312,0.13722534057235358,0.2116080617743057,0.4038929275203749,-0.03180389101840342,True,,,False,False,False,False,False,False,False,False,False,False,False,False,False,True,True,False,False,False,False,False,False,False,False,False,False,False,False,False,False,False,False,False,False,False,False,0,0,100.0,Strong public-data coverage
CB,Chubb Limited,Financials,Property & Casualty Insurance,S&P 500,NR (to derive from financials),A-,default - no public rating available; derive from leverage/margin post-SEC pull,0000896159,True,2025-12-31,59402000000.0,10310000000.0,272327000000.0,192548000000.0,73757000000.0,2470000000.0,12816000000.0,,764000000.0,,3500000000.0,,4504000000.0,,,,,,15728000000.0,1499000000.0,17227000000.0,,0.7070470427096835,0.0632585090718144,0.009069978371590038,0.1735631796909195,0.015,-0.009202172388341957,1.0,319.6400146484375,-0.025220301062219397,-0.01712732373848369,0.16530192985936368,-0.06469954642147668,True,,,False,False,False,False,False,True,False,True,False,False,False,False,False,True,True,False,False,False,False,False,False,False,False,False,False,False,False,False,False,False,False,False,False,False,False,2,0,87.3,Strong public-data coverage
CBOE,Cboe Global Markets,Financials,Financial Exchanges & Data,S&P 500,NR (to derive from financials),A,default - no public rating available; derive from leverage/margin post-SEC pull,0001374310,True,2025-12-31,2229100000.0,1100000000.0,9305300000.0,4167000000.0,5138300000.0,2216500000.0,1752600000.0,71000000.0,5747000.0,2285100000.0,133100000.0,122400000.0,,4421400000.0,2362300000.0,391400000.0,,16100000.0,1442900000.0,304700000.0,1442900000.0,1681600000.0,0.44780931297217713,0.15506216887150334,0.23819758632177362,0.18,0.18071421662923282,-0.07013207526893275,1.8716505100960927,348.55999755859375,0.17776645778530753,0.24402123686378863,0.32424845746381664,0.0,True,,,False,False,False,False,True,False,False,False,False,False,False,False,False,True,True,True,False,False,False,False,False,False,False,True,False,False,False,False,False,False,False,False,False,False,True,1,3,89.1,Strong public-data coverage
CBRE,CBRE Group,Real Estate,Real Estate Services,S&P 500,NR (to derive from financials),BBB-,default - no public rating available; derive from leverage/margin post-SEC pull,0001138118,True,2025-12-31,40550000000.0,1157000000.0,30877000000.0,21251000000.0,8878000000.0,1864000000.0,1559000000.0,366000000.0,107270000.0,32984000000.0,1049000000.0,729000000.0,,13489000000.0,12320000000.0,8284000000.0,,817519000.0,5050000000.0,2465000000.0,7515000000.0,1193000000.0,0.6882469151795835,0.243385043883797,0.06036855912167633,0.028532675709001233,0.03863717330051494,-0.013019399553065388,1.0948863636363637,146.3300018310547,0.03618468040065714,-0.14416887654953958,0.4268430669231871,-0.14731075513889358,True,,,False,False,False,False,False,False,False,False,False,False,False,False,False,True,True,False,False,False,False,False,False,False,False,True,False,False,False,False,False,False,False,False,True,False,False,0,2,97.0,Strong public-data coverage
CCEP,Coca-Cola Europacific Partners,Industrials,,Nasdaq 100,NR (to derive from financials),NR,default - no public rating available; derive from leverage/margin post-SEC pull,0001650107,True,,,,,,,,,,,,,,,,,,,,,,,,0.66,0.28,0.06,0.09,0.04,0.02,1.2,94.56999969482422,-0.02935441446570164,-0.02152097049370194,0.26435026661747574,-0.14362039813929273,True,,,False,True,True,True,True,True,True,True,False,False,False,False,False,True,True,False,False,False,False,False,False,False,False,False,False,False,False,False,False,False,False,False,False,False,False,7,0,55.5,Assumption-heavy; use with caution
CCI,Crown Castle,Real Estate,Telecom Tower REITs,S&P 500,NR (to derive from financials),B-,default - no public rating available; derive from leverage/margin post-SEC pull,0001051470,True,2025-12-31,4264000000.0,444000000.0,31518000000.0,33153000000.0,-1635000000.0,99000000.0,3057000000.0,182000000.0,0.0,113000000.0,6273000000.0,488000000.0,383000000.0,1144000000.0,4479000000.0,172000000.0,,71000000.0,24337000000.0,,24337000000.0,2875000000.0,1.0518751189796307,0.7721619392093407,0.0031410622501427754,0.10412757973733583,0.09121771686020687,-0.08290500666285931,0.2554141549453003,90.56999969482422,0.04960017074848255,0.10377985752719532,0.3137478654104439,-0.015320311041299273,True,,,False,False,False,False,False,False,False,False,False,False,False,False,False,True,True,False,False,False,False,False,False,False,False,True,False,False,False,False,False,False,False,False,False,False,False,0,1,98.5,Strong public-data coverage
CCL,Carnival Corporation,Consumer Discretionary,"Hotels, Resorts & Cruise Lines",S&P 500,NR (to derive from financials),BB-,default - no public rating available; derive from leverage/margin post-SEC pull,0000815097,True,2025-11-30,26622000000.0,2760000000.0,51687000000.0,,12284000000.0,1928000000.0,6218000000.0,3611000000.0,2066000000.0,15638000000.0,43494000000.0,2790000000.0,3402000000.0,4219000000.0,13092000000.0,678000000.0,505000000.0,1245000000.0,27383000000.0,2603000000.0,29986000000.0,2607000000.0,0.72,0.5801458780737904,0.03730144910712558,0.10367365336939373,0.050438214638110164,-0.06690270280728229,0.3222578673999389,26.3799991607666,-0.05718371721395121,-0.19226029245319387,0.5745163808927704,-0.22030189157470215,True,,,False,True,False,False,False,False,False,False,False,False,False,False,False,True,True,False,False,False,False,False,False,False,False,True,False,False,False,False,False,False,False,False,False,False,False,1,1,92.1,Strong public-data coverage
CDNS,Cadence Design Systems,Industrials,,Nasdaq 100; S&P 500,NR (to derive from financials),NR,default - no public rating available; derive from leverage/margin post-SEC pull,0000813672,True,2025-12-31,5296759000.0,1108888000.0,10153148000.0,,5474181000.0,3001317000.0,1728781000.0,141871000.0,116541000.0,73392000.0,517004000.0,227828000.0,313387000.0,4669673000.0,1635291000.0,944939000.0,303545000.0,856856000.0,,299879000.0,,1586910000.0,0.66,0.28,0.29560457505396354,0.20935217177145496,0.15629733753511718,-0.061054266125146604,2.855560875709583,362.70001220703125,0.3652789550825506,0.24639179452588067,0.4533449565760631,0.0,True,,,False,True,True,False,False,False,False,False,False,False,False,False,False,True,True,False,False,False,False,False,False,False,False,False,True,False,False,False,False,False,False,False,False,False,True,2,2,84.3,Usable for demo; some stale/missing fields
CDW,CDW Corporation,Technology,Technology Distributors,S&P 500,NR (to derive from financials),BBB-,default - no public rating available; derive from leverage/margin post-SEC pull,0001402057,True,2025-12-31,22424100000.0,1066600000.0,16028200000.0,5981100000.0,2606100000.0,618700000.0,1205200000.0,117100000.0,250100000.0,17550700000.0,171500000.0,295600000.0,3217800000.0,8500500000.0,7226100000.0,6312400000.0,563400000.0,,4622300000.0,1007500000.0,5629800000.0,1088100000.0,0.55,0.3512434334485469,0.03860071623763117,0.0475648966959655,0.06788659986773313,-0.008647259205650041,1.1763606924897247,104.79000091552734,-0.16521945403850424,-0.2657657623946015,0.5175934514823666,-0.2972203048833215,True,,,False,True,False,False,False,False,False,False,False,False,False,False,False,True,True,False,False,False,True,False,False,False,False,True,False,False,False,False,False,False,False,False,False,False,False,1,2,90.6,Strong public-data coverage
CEG,Constellation Energy,Industrials,,Nasdaq 100; S&P 500,NR (to derive from financials),BBB,default - no public rating available; derive from leverage/margin post-SEC pull,0001868275,True,2025-12-31,25533000000.0,2319000000.0,57249000000.0,42396000000.0,14517000000.0,3641000000.0,4237000000.0,2949000000.0,431000000.0,,22474000000.0,967000000.0,,12119000000.0,7944000000.0,4266000000.0,1736000000.0,2813000000.0,7403000000.0,1650000000.0,9053000000.0,1288000000.0,0.7405544201645443,0.158133766528673,0.06359936418103374,0.0908236399953002,0.022498209575713114,-0.03350276860731192,1.52555387713998,303.6300048828125,0.05979059295920597,0.11716668859975155,0.498788902131132,-0.19694428171523282,True,,,False,False,False,False,False,False,False,False,False,False,False,False,False,True,True,False,False,False,False,False,False,False,False,True,False,False,False,False,False,False,False,False,False,False,False,0,1,98.5,Strong public-data coverage
CF,CF Industries,Materials,Fertilizers & Agricultural Chemicals,S&P 500,NR (to derive from financials),A,default - no public rating available; derive from leverage/margin post-SEC pull,0001324404,True,2025-12-31,7084000000.0,1798000000.0,14088000000.0,,4838000000.0,1982000000.0,2752000000.0,950000000.0,155000000.0,4360000000.0,6715000000.0,898000000.0,364000000.0,2985000000.0,887000000.0,488000000.0,383000000.0,148000000.0,3215000000.0,0.0,3215000000.0,1802000000.0,0.6,0.2282084043157297,0.14068710959682,0.25381140598531904,0.12791027825099374,-0.06771720613287904,3.3652762119503947,115.0199966430664,-0.051928808668028625,0.2179694983727849,0.6004107977831963,-0.16409889868364114,True,,,False,True,False,False,False,False,False,False,False,False,False,False,False,True,True,False,False,False,False,False,False,False,False,False,False,False,False,False,False,False,False,False,False,False,True,1,1,92.1,Strong public-data coverage
CFG,Citizens Financial Group,Financials,Regional Banks,S&P 500,NR (to derive from financials),BBB+,default - no public rating available; derive from leverage/margin post-SEC pull,0000759944,True,2025-12-31,8247000000.0,1831000000.0,226351000000.0,200034000000.0,26317000000.0,12727000000.0,2211000000.0,126000000.0,3963000000.0,,915000000.0,130000000.0,,,,,,,11224000000.0,58000000.0,11282000000.0,,0.8837336702731599,0.049842943039792184,0.05622683354612969,0.22202012853158726,0.015,-0.0016788085760610734,1.0,63.72999954223633,0.00028811567736664045,-0.05186862577667162,0.2748942278262226,-0.05771451944641137,True,,,False,False,False,False,False,True,False,True,False,False,False,False,False,True,True,False,False,False,False,False,False,False,True,True,False,False,False,False,False,False,False,False,False,False,False,2,2,84.3,Usable for demo; some stale/missing fields
CHD,Church & Dwight,Consumer Staples,Household Products,S&P 500,NR (to derive from financials),BBB+,default - no public rating available; derive from leverage/margin post-SEC pull,0000313927,True,2025-12-31,6203200000.0,736800000.0,8912400000.0,4910200000.0,4002200000.0,409000000.0,1215400000.0,122400000.0,95200000.0,3428400000.0,822800000.0,247400000.0,988300000.0,1597000000.0,1497700000.0,593400000.0,534800000.0,732400000.0,2205100000.0,0.0,2205100000.0,1093000000.0,0.5509402630043535,0.24741932588303936,0.04589111799290876,0.11877740521021408,0.12263812216686863,-0.0537004622772766,1.066301662549242,93.44000244140625,-0.02075032242228081,-0.047666265382328654,0.210460033567903,-0.11229336362283593,True,,,False,False,False,False,False,False,False,False,False,False,False,False,False,True,True,False,False,False,False,False,False,False,False,False,False,False,False,False,False,False,False,False,False,False,False,0,0,100.0,Strong public-data coverage
CHRW,C.H. Robinson,Transportation,Air Freight & Logistics,S&P 500,NR (to derive from financials),BBB+,default - no public rating available; derive from leverage/margin post-SEC pull,0001043277,True,2025-12-31,16232763000.0,587081000.0,5058381000.0,3212734000.0,1845647000.0,160871000.0,914519000.0,19628000.0,,1244040000.0,116362000.0,102818000.0,106043000.0,2798543000.0,1831702000.0,2360829000.0,,1210295000.0,1089438000.0,0.0,1089438000.0,894891000.0,0.6351308847633265,0.21537286337268782,0.031802863406295415,0.036166424656110606,0.1769125338720037,-0.06473177880432494,1.527837497584214,171.38999938964844,0.04832095926998248,-0.14144945659422914,0.5170896791159636,-0.14264792303336227,True,,,False,False,False,False,False,False,False,False,False,False,False,False,False,True,True,False,False,False,False,False,False,False,False,False,True,False,False,True,False,False,False,False,False,False,False,0,2,97.0,Strong public-data coverage
CHTR,Charter Communications,Industrials,,Nasdaq 100; S&P 500,BBB- shown,BBB-,screenshot,0001091667,True,2025-12-31,54774000000.0,4987000000.0,154213000000.0,,16054000000.0,477000000.0,16077000000.0,11659000000.0,846000000.0,,46444000000.0,8100000000.0,3782000000.0,5144000000.0,13306000000.0,3680000000.0,,12556000000.0,94756000000.0,750000000.0,95506000000.0,4418000000.0,0.66,0.619312249940018,0.0030931244447614664,0.09104684704421806,0.028648687205358823,-0.07191352220629908,0.38659251465504285,154.86000061035156,-0.29229505791533794,-0.350010490617622,0.6628639404315296,-0.37604255172642753,True,,,False,True,False,False,False,False,False,False,False,False,False,False,False,True,True,False,False,False,False,False,False,False,False,True,False,False,False,False,False,False,False,False,False,False,False,1,1,92.1,Strong public-data coverage
CI,Cigna,Healthcare,Health Care Services,S&P 500,NR (to derive from financials),NR,default - no public rating available; derive from leverage/margin post-SEC pull,0001739940,True,2025-12-31,274900000000.0,5957000000.0,157919000000.0,116045000000.0,41713000000.0,7676000000.0,9601000000.0,1050000000.0,,214991000000.0,3651000000.0,2775000000.0,14617000000.0,47814000000.0,56342000000.0,28768000000.0,7338000000.0,10659000000.0,39523000000.0,0.0,,,0.7348387464459628,0.3,0.04860719736067225,0.02166969807202619,0.05,-0.02307512078977197,0.8486386709736964,288.05999755859375,0.061972341229838745,-0.016145115820258127,0.25994578754686093,-0.01724668735979018,True,,,False,False,True,False,False,True,False,False,False,False,False,False,False,True,True,False,False,False,False,False,False,False,True,False,False,False,False,False,False,False,False,False,False,True,True,2,3,82.8,Usable for demo; some stale/missing fields
CIEN,Ciena,Technology,Communications Equipment,S&P 500,NR (to derive from financials),BBB+,default - no public rating available; derive from leverage/margin post-SEC pull,0000936395,True,2025-11-01,4769507000.0,123338000.0,5864667000.0,3135344000.0,2729323000.0,1091952000.0,806093000.0,140801000.0,88026000.0,2764590000.0,386779000.0,104133000.0,238707000.0,3565507000.0,1308394000.0,975856000.0,826235000.0,542841000.0,1524158000.0,11580000.0,1535738000.0,665292000.0,0.5346158613950289,0.26186277925072304,0.18619164566376914,0.025859695771491685,0.11344071197904332,-0.11641837464940465,2.7251019188409606,548.1099853515625,0.1050159217201525,0.8921223391669442,0.7652567098973032,-0.04972345874293538,True,,,False,False,False,False,False,False,False,False,False,False,False,False,False,True,True,False,False,False,False,False,False,False,False,True,False,False,False,False,False,False,False,False,False,False,False,0,1,98.5,Strong public-data coverage
CINF,Cincinnati Financial,Financials,Property & Casualty Insurance,S&P 500,NR (to derive from financials),A,default - no public rating available; derive from leverage/margin post-SEC pull,0000020286,True,2025-12-31,12631000000.0,2393000000.0,41002000000.0,25091000000.0,15911000000.0,1431000000.0,3112000000.0,20000000.0,53000000.0,,219000000.0,36000000.0,,,,,,,790000000.0,55000000.0,790000000.0,3092000000.0,0.6119457587434759,0.019267352812057947,0.034900736549436616,0.18945451666534716,0.07541095556314326,-0.01753572996439198,1.0,161.5,0.0022340859607492547,-0.037028592453476006,0.2107123491092156,-0.05906007034781402,True,,,False,False,False,False,False,False,False,True,False,False,False,False,False,True,True,False,False,False,False,False,False,False,False,False,False,False,False,False,False,False,False,False,False,False,True,1,1,92.1,Strong public-data coverage
CL,Colgate-Palmolive,Consumer Staples,Household Products,S&P 500,NR (to derive from financials),B,default - no public rating available; derive from leverage/margin post-SEC pull,0000021665,True,2025-12-31,20382000000.0,2132000000.0,16330000000.0,15965000000.0,54000000.0,1288000000.0,4198000000.0,564000000.0,,8131000000.0,4660000000.0,630000000.0,7903000000.0,5709000000.0,6853000000.0,1675000000.0,2032000000.0,2089000000.0,7839000000.0,1115000000.0,8954000000.0,3634000000.0,0.9776484996938151,0.5483159828536436,0.07887323943661972,0.10460209989206162,0.22253521126760564,-0.12651561543172077,0.8330658105939005,87.55000305175781,0.04451166330825185,-0.06442111833570419,0.231698641932444,-0.1114171131835382,True,,,False,False,False,False,False,False,False,False,False,False,False,False,False,True,True,False,False,False,False,False,False,False,False,False,False,False,False,False,False,False,False,False,False,False,False,0,0,100.0,Strong public-data coverage
CLX,Clorox,Consumer Staples,Household Products,S&P 500,NR (to derive from financials),B+,default - no public rating available; derive from leverage/margin post-SEC pull,0000021076,True,2025-06-30,7104000000.0,810000000.0,5561000000.0,5079000000.0,321000000.0,167000000.0,981000000.0,220000000.0,88000000.0,3891000000.0,1267000000.0,219000000.0,1124000000.0,1608000000.0,1919000000.0,821000000.0,523000000.0,838000000.0,2484000000.0,0.0,2484000000.0,761000000.0,0.9133249415572738,0.4466822513936342,0.030030570041359467,0.11402027027027027,0.13684589102679373,-0.030749865132170474,0.8379364252214695,92.16000366210938,-0.11358542544809647,-0.2196527467785374,0.36233704535919936,-0.2661079057949949,True,,,False,False,False,False,False,False,False,False,False,False,False,False,False,True,True,False,False,False,False,False,False,False,False,False,False,False,False,False,False,False,False,False,False,False,False,0,0,100.0,Strong public-data coverage
CMCSA,Comcast,Industrials,,Nasdaq 100; S&P 500,NR (to derive from financials),NR,default - no public rating available; derive from leverage/margin post-SEC pull,0001166691,True,2025-12-31,123707000000.0,19998000000.0,272631000000.0,,96903000000.0,9481000000.0,33643000000.0,11750000000.0,4087000000.0,,65680000000.0,16210000000.0,8091000000.0,29567000000.0,33524000000.0,13869000000.0,,11058000000.0,,,,21893000000.0,0.66,0.28,0.03477594257439543,0.16165617143734792,0.08030268017943668,-0.05004933408159747,0.8819651592888677,25.399999618530273,-0.09058362545655496,-0.18711328576803732,0.3834180944348922,-0.20888705256416806,True,,,False,True,True,False,False,False,False,False,False,False,False,False,False,True,True,False,False,False,False,False,False,False,False,True,False,False,False,True,False,False,False,False,False,False,False,2,2,84.3,Usable for demo; some stale/missing fields
CME,CME Group,Financials,Financial Exchanges & Data,S&P 500,NR (to derive from financials),A,default - no public rating available; derive from leverage/margin post-SEC pull,0001156375,True,2025-12-31,6520600000.0,4072200000.0,198424200000.0,169696000000.0,28728200000.0,4416900000.0,4277100000.0,83500000.0,173400000.0,,362700000.0,107500000.0,,165359300000.0,160296700000.0,639200000.0,,71800000.0,,0.0,0.0,4193600000.0,0.8552182647076314,0.0,0.022259885638949282,0.624513081618256,0.0211345188742099,-0.0010326361401482278,1.031582683860616,281.25,-0.04757869412043125,-0.06270833153234878,0.21870047949107885,-0.11789037203566988,True,,,False,False,False,False,False,False,False,False,False,False,False,False,False,True,True,False,False,False,False,False,False,False,False,False,False,False,False,False,False,False,False,False,False,False,False,0,0,100.0,Strong public-data coverage
CMG,Chipotle Mexican Grill,Consumer Discretionary,Restaurants,S&P 500,NR (to derive from financials),A,default - no public rating available; derive from leverage/margin post-SEC pull,0001058090,True,2025-12-31,11925601000.0,1535761000.0,8994531000.0,6163924000.0,2830607000.0,350545000.0,2113926000.0,666336000.0,,,2679361000.0,361382000.0,652017000.0,1466953000.0,1188142000.0,156466000.0,49508000.0,212813000.0,0.0,,0.0,1447590000.0,0.6852968765130723,0.0,0.038973127114687804,0.12877849929743582,0.16094113189448123,-0.0642796161356273,1.2346613451927464,32.4900016784668,-0.04693453995187591,-0.17933817748816017,0.34958502120219287,-0.20504031006666623,True,,,False,False,False,False,False,False,False,False,False,False,False,False,False,True,True,False,False,False,False,False,False,False,False,False,False,False,False,False,False,False,False,False,False,False,False,0,0,100.0,Strong public-data coverage
CMI,Cummins,Industrials,Construction Machinery & Heavy Transportation Equipment,S&P 500,NR (to derive from financials),A,default - no public rating available; derive from leverage/margin post-SEC pull,0000026172,True,2025-12-31,33670000000.0,2957000000.0,33992000000.0,20584000000.0,12349000000.0,2845000000.0,3621000000.0,1235000000.0,329000000.0,25154000000.0,6958000000.0,1105000000.0,3125000000.0,16925000000.0,9610000000.0,3440000000.0,5822000000.0,3800000000.0,1630000000.0,94000000.0,94000000.0,2386000000.0,0.6055542480583667,0.002765356554483408,0.08369616380324782,0.08782298782298782,0.07019298658507885,-0.019534008001882795,1.7611862643080125,679.5499877929688,0.10291487589994008,0.13378325205020447,0.37699278892466903,-0.05058961310860777,True,,,False,False,False,False,False,False,False,False,False,False,False,False,False,True,True,False,False,False,False,False,False,False,False,False,False,False,False,False,False,False,True,False,False,True,False,0,2,97.0,Strong public-data coverage
CMS,CMS Energy,Utilities,Multi-Utilities,S&P 500,NR (to derive from financials),BB,default - no public rating available; derive from leverage/margin post-SEC pull,0000811156,True,2025-12-31,8539000000.0,1071000000.0,39941000000.0,,9144000000.0,509000000.0,2235000000.0,2374000000.0,643000000.0,,30680000000.0,1306000000.0,,3472000000.0,3548000000.0,1564000000.0,,928000000.0,17807000000.0,950000000.0,18757000000.0,,0.74,0.4696176860869783,0.012743797100723568,0.12542452277784283,-0.01,-0.029142985904208708,0.9785794813979707,72.61000061035156,-0.07818160033761101,0.012380175847578112,0.17667889845960216,-0.08463920476623199,True,,,False,True,False,False,False,True,False,False,False,False,False,False,False,True,True,False,False,False,False,False,False,False,True,True,False,False,False,False,False,False,True,False,True,False,False,2,4,81.3,Usable for demo; some stale/missing fields
CNC,Centene Corporation,Healthcare,Managed Health Care,S&P 500,NR (to derive from financials),BB+,default - no public rating available; derive from leverage/margin post-SEC pull,0001071739,True,2025-12-31,194777000000.0,-6674000000.0,76747000000.0,56691000000.0,19953000000.0,17888000000.0,5088000000.0,767000000.0,725000000.0,2670000000.0,2037000000.0,1275000000.0,12904000000.0,40370000000.0,36696000000.0,,,13774000000.0,17493000000.0,50000000.0,17543000000.0,4321000000.0,0.738673824384015,0.2285822247123666,0.23307751443053148,-0.03426482592913948,0.056301874991856356,-0.1532568048262473,1.1001199040767387,55.959999084472656,0.5002681026564713,0.47108301097938843,0.5935754887376633,0.0,True,,,False,False,False,False,False,False,False,False,False,False,False,False,False,True,True,False,False,False,False,False,False,False,False,True,False,False,False,False,False,False,False,False,False,False,False,0,1,98.5,Strong public-data coverage
CNP,CenterPoint Energy,Utilities,Multi-Utilities,S&P 500,NR (to derive from financials),BB,default - no public rating available; derive from leverage/margin post-SEC pull,0001130310,True,2025-12-31,9357000000.0,1052000000.0,46534000000.0,,11153000000.0,38000000.0,2486000000.0,4870000000.0,701000000.0,4000000.0,34056000000.0,1530000000.0,,5701000000.0,6260000000.0,806000000.0,285000000.0,1300000000.0,20566000000.0,500000000.0,21066000000.0,-2384000000.0,0.74,0.45270125069841405,0.0008166072119310611,0.1124291973923266,-0.05123135771693815,-0.030816177418661623,0.910702875399361,41.720001220703125,-0.03848808924721314,0.042238858682652314,0.18109440427796095,-0.05482551432732552,True,,,False,True,False,False,False,False,False,False,False,False,False,False,False,True,True,False,False,False,False,False,False,False,False,True,False,False,False,False,False,False,False,True,False,False,False,1,2,90.6,Strong public-data coverage
COF,Capital One,Financials,Consumer Finance,S&P 500,BBB / BB bucket,BBB,demo_bucket_to_refresh,0000927628,True,2025-12-31,53434000000.0,2453000000.0,669009000000.0,555393000000.0,113616000000.0,62093000000.0,27718000000.0,1578000000.0,12697000000.0,,5602000000.0,5260000000.0,,,,,,,31377000000.0,1087000000.0,1087000000.0,26140000000.0,0.8301726882597992,0.001624791295782269,0.09281340011868301,0.04590710034809298,0.03907271800528842,-0.03776481332837077,1.0,189.47999572753906,-0.018238364106015204,-0.1461438245200336,0.3638256109768927,-0.26259985052187296,True,,,False,False,False,False,False,False,False,True,False,False,False,False,False,True,True,False,False,False,False,False,False,False,False,True,False,False,False,False,False,False,False,False,False,True,False,1,2,90.6,Strong public-data coverage
COHR,Coherent Corp.,Technology,Electronic Components,S&P 500,NR (to derive from financials),BBB,default - no public rating available; derive from leverage/margin post-SEC pull,0000820318,True,2025-06-30,5810115000.0,49364000.0,14910936000.0,6429653000.0,5644514000.0,909200000.0,633600000.0,440836000.0,286872000.0,3766793000.0,1877507000.0,553598000.0,926451000.0,3927154000.0,1794841000.0,964051000.0,1437636000.0,846984000.0,3686921000.0,188306000.0,3875227000.0,192764000.0,0.4312038493089904,0.2598915990250377,0.06097538075409887,0.008496217372633761,0.012927692802115172,-0.039181711999836895,2.188023340229023,335.260009765625,0.09027645452235777,0.38274354731530336,0.8150524167140413,-0.04339883984963344,True,,,False,False,False,False,False,False,False,False,False,False,False,False,False,True,True,False,False,False,False,False,False,False,False,True,False,False,False,False,False,False,False,False,False,False,False,0,1,98.5,Strong public-data coverage
COIN,Coinbase,Financials,Financial Exchanges & Data,S&P 500,NR (to derive from financials),BBB+,default - no public rating available; derive from leverage/margin post-SEC pull,0001679788,True,2025-12-31,7181325000.0,1260327000.0,29671832000.0,14878774000.0,14793058000.0,11285452000.0,2426383000.0,2933000.0,82766000.0,,264573000.0,188428000.0,1619642000.0,20388445000.0,8701282000.0,307119000.0,,117605000.0,7206619000.0,452105000.0,7658724000.0,,0.5014444001974667,0.2581142950661085,0.38034227209159177,0.1755006214034318,0.015,-0.03929841608701478,2.3431541467107952,201.16000366210938,0.1984509761533817,0.20275039558809782,0.7897743612288991,-0.36728208002933405,True,,,False,False,False,False,False,True,False,False,False,False,False,False,False,True,True,False,False,False,False,False,False,False,True,True,False,False,False,False,False,False,False,False,False,False,False,1,2,90.6,Strong public-data coverage
COO,Cooper Companies (The),Healthcare,Health Care Supplies,S&P 500,NR (to derive from financials),A-,default - no public rating available; derive from leverage/margin post-SEC pull,0000711404,True,2025-10-31,4092400000.0,374900000.0,12394800000.0,4155700000.0,8238900000.0,110600000.0,796100000.0,362400000.0,105300000.0,1410300000.0,2079900000.0,377400000.0,1627800000.0,2106400000.0,1112800000.0,829000000.0,846000000.0,300400000.0,2455700000.0,47100000.0,2502800000.0,433700000.0,0.33527769709878336,0.2019233872269016,0.008923096782521702,0.09160883589091975,0.03499047987865879,-0.03398199244844612,1.892882818116463,60.0,-0.15742169960113084,-0.26362300530153004,0.2387550580832599,-0.2884250448629573,True,,,False,False,False,False,False,False,False,False,False,False,False,False,False,True,True,False,False,False,False,False,False,False,False,True,False,False,False,False,False,False,False,False,False,False,False,0,1,98.5,Strong public-data coverage
COP,ConocoPhillips,Energy,Oil & Gas Exploration & Production,S&P 500,A bucket,A,demo_bucket_to_refresh,0001163165,True,2025-12-31,58944000000.0,7988000000.0,121939000000.0,57452000000.0,64487000000.0,6497000000.0,19796000000.0,10159000000.0,855000000.0,22325000000.0,93239000000.0,11500000000.0,893000000.0,15532000000.0,11972000000.0,3401000000.0,1873000000.0,6218000000.0,16147000000.0,,,,0.47115360959168107,0.22,0.053280738730020746,0.1355184581976113,0.05,-0.09683530289735032,1.297360507851654,113.87000274658203,-0.07082823410057248,0.05571442374631008,0.32206245772634223,-0.14895366106580932,True,,,False,False,True,False,False,True,False,False,False,False,False,False,False,True,True,False,False,False,False,False,False,False,True,False,False,False,False,False,False,False,True,False,False,True,False,2,3,82.8,Usable for demo; some stale/missing fields
COR,Cencora,Healthcare,Health Care Distributors,S&P 500,NR (to derive from financials),A,default - no public rating available; derive from leverage/margin post-SEC pull,0001140859,True,2025-09-30,321332819000.0,1554169000.0,76590112000.0,,1508019000.0,4356138000.0,3875120000.0,667981000.0,,309854280000.0,2539076000.0,1051075000.0,6493842000.0,52239073000.0,57820539000.0,25225299000.0,20492480000.0,54719761000.0,7660773000.0,13976000.0,7660773000.0,3207139000.0,0.65,0.10002300296936503,0.05687598420015367,0.004836633260295768,0.04187406071426035,-0.03030353317671085,0.9034691461454554,261.0799865722656,-0.18621039644694048,-0.28007547743948935,0.416567499305109,-0.30212954410542414,True,,,False,True,False,False,False,False,False,False,False,False,False,False,False,True,True,False,False,False,False,False,False,False,False,False,False,False,False,False,False,False,False,False,False,False,True,1,1,92.1,Strong public-data coverage
COST,Costco,Industrials,,Nasdaq 100; S&P 500,A / AA bucket,AA,demo_bucket_to_refresh,0000909832,True,2025-08-31,275235000000.0,8099000000.0,77099000000.0,47935000000.0,29164000000.0,14161000000.0,13335000000.0,5498000000.0,154000000.0,239886000000.0,31909000000.0,2426000000.0,24966000000.0,38380000000.0,37108000000.0,3203000000.0,18116000000.0,19783000000.0,5713000000.0,75000000.0,5788000000.0,7837000000.0,0.6217330964085137,0.07507230962788104,0.18367293998625145,0.029425763438516175,0.10164852981231923,-0.06791268369239549,1.0342783227336423,1008.7899780273438,0.011801854752082175,0.012694327550560658,0.18489166112527322,-0.021100396345002603,True,,,False,False,False,False,False,False,False,False,False,False,False,False,False,True,True,False,False,False,False,False,False,False,False,False,False,False,False,False,False,False,False,False,False,False,False,0,0,100.0,Strong public-data coverage
CPAY,Corpay,Financials,Transaction & Payment Processing Services,S&P 500,BB+ shown,BB+,screenshot,0001175454,True,2025-12-31,4528403000.0,1069826000.0,26408135000.0,,3883864000.0,2408097000.0,1499901000.0,200756000.0,13017000.0,96800000.0,472310000.0,393303000.0,733028000.0,13963240000.0,14296677000.0,2145679000.0,,1564548000.0,10001687000.0,3345530000.0,13347217000.0,1299145000.0,0.88,0.5054206592021738,0.09118769651851598,0.23624796644644921,0.04919487877504413,-0.01628570135679782,0.9766773076009201,343.989990234375,0.13591785981302484,-0.03349165043152569,0.44286513140651057,-0.034766301360009466,True,,,False,True,False,False,False,False,False,False,False,False,False,False,False,True,True,False,False,False,False,False,False,False,False,True,True,False,False,False,False,False,False,False,False,False,False,1,2,90.6,Strong public-data coverage
CPB,Campbell's Company (The),Consumer Staples,Packaged Foods & Meats,S&P 500,NR (to derive from financials),A-,default - no public rating available; derive from leverage/margin post-SEC pull,0000016732,True,2025-08-03,10253000000.0,602000000.0,14896000000.0,10992000000.0,3902000000.0,132000000.0,1131000000.0,426000000.0,345000000.0,7134000000.0,2767000000.0,434000000.0,674000000.0,2232000000.0,2906000000.0,541000000.0,1424000000.0,1332000000.0,8595000000.0,400000000.0,400000000.0,705000000.0,0.7379162191192267,0.02685284640171858,0.008861439312567132,0.058714522578757436,0.047328141783029,-0.03551288936627282,0.7680660701995871,20.84000015258789,0.020068518907865096,-0.2668647296910752,0.32712095118866674,-0.31998267805098946,True,,,False,False,False,False,False,False,False,False,False,False,False,False,False,True,True,False,False,False,False,False,False,False,False,False,False,False,False,False,False,False,False,False,False,True,False,0,1,98.5,Strong public-data coverage
CPRT,Copart,Industrials,,Nasdaq 100; S&P 500,NR (to derive from financials),NR,default - no public rating available; derive from leverage/margin post-SEC pull,0000900075,True,2025-07-31,525659000.0,1552449000.0,10090902000.0,883411000.0,9187033000.0,2780531000.0,1799750000.0,568990000.0,20230000.0,255504000.0,3598093000.0,215849000.0,402929000.0,5754628000.0,683281000.0,762811000.0,39661000.0,591831000.0,11006000.0,75387000.0,,1230760000.0,0.08754529575255017,0.28,0.27554831074565983,0.09,0.12196729291395358,-0.024507323527668785,8.422051835189329,33.939998626708984,0.036019547180506484,-0.15781639530411706,0.2709175745839684,-0.18452668193828792,True,,,False,False,True,False,True,False,False,False,False,False,False,False,False,True,True,True,False,False,False,False,False,False,False,True,True,False,False,False,False,False,False,False,False,True,True,2,5,79.8,Usable for demo; some stale/missing fields
CPT,Camden Property Trust,Real Estate,Multi-Family Residential REITs,S&P 500,NR (to derive from financials),A,default - no public rating available; derive from leverage/margin post-SEC pull,0000906345,True,2025-12-31,12967000.0,384462000.0,9042989000.0,4604736000.0,4362523000.0,25203000.0,826621000.0,,138239000.0,566710000.0,,611025000.0,79344000.0,,,,,,3900800000.0,,3900800000.0,,0.5092050869463626,0.4313617986265382,0.00278702097282215,29.649263515076733,0.02,-0.04889522700956509,0.9,103.7699966430664,0.017851885721469785,-0.02756245454213324,0.2063835834068608,-0.058035759116120245,True,,,False,False,False,False,False,True,False,True,False,False,False,False,False,True,True,False,False,False,False,False,False,False,False,False,False,False,False,False,False,False,False,False,False,False,False,2,0,87.3,Strong public-data coverage
CRH,CRH plc,Materials,Construction Materials,S&P 500,NR (to derive from financials),BBB,default - no public rating available; derive from leverage/margin post-SEC pull,0000849395,True,2025-12-31,37447000000.0,3753000000.0,58329000000.0,32851000000.0,24004000000.0,4096000000.0,5625000000.0,2713000000.0,376000000.0,23919000000.0,24937000000.0,2156000000.0,8283000000.0,15254000000.0,8754000000.0,,5251000000.0,3263000000.0,17533000000.0,120000000.0,17653000000.0,2912000000.0,0.5632018378508118,0.30264533936806737,0.07022235937526787,0.10022164659385265,0.049923708618354504,-0.0320938126832279,1.7425177061914554,113.76000213623047,-0.035032634445671285,-0.0999625637086966,0.35686247124962206,-0.13106448272385618,True,,,False,False,False,False,False,False,False,False,False,False,False,False,False,True,True,False,False,False,False,False,False,False,False,True,False,False,False,False,False,False,False,False,False,False,False,0,1,98.5,Strong public-data coverage
CRL,Charles River Laboratories,Healthcare,Life Sciences Tools & Services,S&P 500,NR (to derive from financials),A,default - no public rating available; derive from leverage/margin post-SEC pull,0001100682,True,2025-12-27,4015382000.0,-144338000.0,7135422000.0,3924228000.0,3164630000.0,213770000.0,737646000.0,219152000.0,136710000.0,289669000.0,1655219000.0,403312000.0,743073000.0,1447049000.0,1120315000.0,708856000.0,299103000.0,148800000.0,1610546000.0,166000.0,166000.0,518494000.0,0.5499643889317268,2.3264216187914324e-05,0.029958984906568946,-0.035946268624006385,0.07266479824178584,-0.12360642439928571,1.2916447606253598,177.6199951171875,0.011215492679516492,-0.043511049886052144,0.5234221458261494,-0.21673946390290844,True,,,False,False,False,False,False,False,False,False,False,False,False,False,False,True,True,False,False,False,False,False,False,False,False,True,True,False,False,False,False,False,False,False,False,True,False,0,3,95.5,Strong public-data coverage
CRM,Salesforce,Technology,,Dow; S&P 500,A- shown,A-,screenshot,0001108524,True,2026-01-31,41525000000.0,7457000000.0,112305000000.0,53163000000.0,59142000000.0,7327000000.0,14996000000.0,594000000.0,154000000.0,9270000000.0,3120000000.0,1200000000.0,3000000000.0,28222000000.0,37118000000.0,14339000000.0,,165000000.0,14439000000.0,4000000000.0,18439000000.0,14402000000.0,0.4733805262454922,0.16418681269756466,0.06524197497885223,0.179578567128236,0.12824006054939674,-0.06712969146520635,0.760331914435045,181.82000732421875,0.10220659507850427,-0.0605847719376198,0.426910878154347,-0.3153486283306909,True,,,False,False,False,False,False,False,False,False,False,False,False,False,False,True,True,False,False,False,False,False,False,False,False,True,False,False,False,False,False,False,False,False,True,False,False,0,2,97.0,Strong public-data coverage
CRWD,CrowdStrike,Industrials,,Nasdaq 100; S&P 500,NR (to derive from financials),A,default - no public rating available; derive from leverage/margin post-SEC pull,0001535527,True,2026-01-31,,-162502000.0,11086684000.0,6614079000.0,4428390000.0,5230125000.0,1612349000.0,302108000.0,25756000.0,1218929000.0,976331000.0,,670344000.0,7419119000.0,4184192000.0,1361844000.0,,105319000.0,745471000.0,,745471000.0,1310241000.0,0.5965786523725218,0.06724021357513212,0.47174836046558194,0.09,0.1181815049477373,-0.16008853503897108,1.773130630716755,527.77001953125,0.3924595927108543,0.2934271357685918,0.5507126700866685,-0.05337830825571244,True,,,False,False,False,False,True,False,False,False,False,False,False,False,False,True,True,False,False,False,False,False,False,False,False,True,False,False,False,False,False,False,False,False,False,False,False,1,1,92.1,Strong public-data coverage
CSCO,Cisco,Technology,,Dow; Nasdaq 100; S&P 500,NR (to derive from financials),A-,default - no public rating available; derive from leverage/margin post-SEC pull,0000858877,True,2025-07-26,56654000000.0,10180000000.0,122291000000.0,75448000000.0,46843000000.0,8346000000.0,14193000000.0,905000000.0,427000000.0,19864000000.0,2113000000.0,700000000.0,2992000000.0,34986000000.0,35064000000.0,6701000000.0,3164000000.0,2528000000.0,24611000000.0,1750000000.0,26361000000.0,13288000000.0,0.6169546409793034,0.21555960782069,0.06824705006909748,0.17968722420305716,0.10865885469903754,-0.032815170372308675,0.9977754962354551,96.56999969482422,0.1745317229514678,0.11884398706422972,0.3693455893659085,0.0,True,,,False,False,False,False,False,False,False,False,False,False,False,False,False,True,True,False,False,False,False,False,False,False,False,True,False,False,False,False,False,False,False,False,False,False,False,0,1,98.5,Strong public-data coverage
CSGP,CoStar Group,Industrials,,Nasdaq 100; S&P 500,NR (to derive from financials),A,default - no public rating available; derive from leverage/margin post-SEC pull,0001057352,True,2025-12-31,3247000000.0,7000000.0,10538000000.0,2167000000.0,8334000000.0,1633000000.0,430000000.0,307000000.0,2615000.0,686000000.0,1323000000.0,263000000.0,549000000.0,2119000000.0,746000000.0,234000000.0,6000000.0,42000000.0,140000000.0,0.0,140000000.0,123000000.0,0.2056367432150313,0.013285253368760675,0.1549629910799013,0.0021558361564521095,0.01167204403112545,-0.040140444107041186,2.8404825737265416,32.77000045776367,-0.10169953758297723,-0.3569466042681193,0.4569255993026847,-0.5264450592060888,True,,,False,False,False,False,False,False,False,False,False,False,False,False,False,True,True,False,False,False,False,False,False,False,False,True,False,False,False,False,False,False,False,False,False,False,True,0,2,97.0,Strong public-data coverage
CSX,CSX Corporation,Industrials,,Nasdaq 100; S&P 500,BBB+ / A- bucket,A-,demo_bucket_to_refresh,0000277948,True,2025-12-31,14092000000.0,2889000000.0,43682000000.0,30522000000.0,13160000000.0,670000000.0,4613000000.0,2902000000.0,546000000.0,,36811000000.0,1680000000.0,,2550000000.0,3133000000.0,1298000000.0,,1149000000.0,9832000000.0,,,1711000000.0,0.6987317430520581,0.28,0.015338125543702211,0.20500993471473175,0.03916945194817087,-0.03946705736916808,0.8139163740823492,44.83000183105469,0.0613162890547001,0.10455902665773387,0.2546061340307758,-0.029233401152008787,True,,,False,False,True,False,False,False,False,False,False,False,False,False,False,True,True,False,False,False,False,False,False,False,False,True,False,False,False,False,False,False,False,False,False,True,False,1,2,90.6,Strong public-data coverage
CTAS,Cintas,Industrials,,Nasdaq 100; S&P 500,NR (to derive from financials),A,default - no public rating available; derive from leverage/margin post-SEC pull,0000723254,True,2025-05-31,10340181000.0,1812281000.0,9825241000.0,,4684481000.0,263973000.0,2165905000.0,408884000.0,111232000.0,5166017000.0,1652474000.0,494183000.0,2814438000.0,3436169000.0,1644502000.0,1417381000.0,447408000.0,485109000.0,2424999000.0,0.0,2424999000.0,1757021000.0,0.66,0.24681318249598153,0.026866821892714898,0.17526588751202712,0.17882726744310903,-0.0359913817890065,2.089489097611313,166.97000122070312,-0.04550386890961189,-0.14071661381026124,0.22879462936594774,-0.18364053088918164,True,,,False,True,False,False,False,False,False,False,False,False,False,False,False,True,True,False,False,False,False,False,False,False,False,True,False,False,False,False,False,False,False,False,False,False,False,1,1,92.1,Strong public-data coverage
CTSH,Cognizant,Industrials,,Nasdaq 100; S&P 500,NR (to derive from financials),A,default - no public rating available; derive from leverage/margin post-SEC pull,0001058290,True,2025-12-31,21108000000.0,2230000000.0,20692000000.0,5677000000.0,15015000000.0,1901000000.0,2883000000.0,288000000.0,41000000.0,,933000000.0,550000000.0,3240000000.0,7818000000.0,3659000000.0,4439000000.0,,308000000.0,543000000.0,33000000.0,576000000.0,2595000000.0,0.27435723951285523,0.02783684515754881,0.09187125459114634,0.105647148000758,0.12541078677749856,-0.031558090083123914,2.1366493577480186,51.68000030517578,-0.10773477315327684,-0.30371335008006406,0.3621646515950235,-0.40088832810561936,True,,,False,False,False,False,False,False,False,False,False,False,False,False,False,True,True,False,False,False,False,False,False,False,False,True,False,False,False,False,False,False,False,False,False,False,False,0,1,98.5,Strong public-data coverage
CTVA,Corteva,Materials,Fertilizers & Agricultural Chemicals,S&P 500,NR (to derive from financials),A,default - no public rating available; derive from leverage/margin post-SEC pull,0001755672,True,2025-12-31,17401000000.0,1094000000.0,42845000000.0,,24144000000.0,4521000000.0,3406000000.0,591000000.0,180000000.0,9172000000.0,4220000000.0,1203000000.0,3492000000.0,17335000000.0,12125000000.0,4881000000.0,5667000000.0,4398000000.0,,782000000.0,782000000.0,2815000000.0,0.6,0.018251838020772553,0.10551989730423621,0.0628699500028734,0.06570194888551756,-0.05396195588750146,1.4296907216494845,81.12999725341797,-0.03220809398379976,0.1044916399749809,0.23121884976915658,-0.050667000672147355,True,,,False,True,False,False,False,False,False,False,False,False,False,False,False,True,True,False,False,False,False,False,False,False,False,False,False,False,False,False,False,False,False,False,False,False,False,1,0,93.6,Strong public-data coverage
CVNA,Carvana,Autos,Automotive Retail,S&P 500,NR (to derive from financials),BB,default - no public rating available; derive from leverage/margin post-SEC pull,0001690820,True,2025-12-31,20322000000.0,1407000000.0,13201000000.0,8998000000.0,3441000000.0,2327000000.0,1036000000.0,147000000.0,632000000.0,16130000000.0,2814000000.0,,2308000000.0,6549000000.0,1519000000.0,245000000.0,2408000000.0,236000000.0,4918000000.0,211000000.0,5129000000.0,889000000.0,0.6816150291644573,0.3885311718809181,0.17627452465722293,0.06923531148509005,0.06734338307703962,0.028103931520339367,4.311389071757735,77.94000244140625,0.1587523600114109,-0.05322995346942283,0.5945019775250571,-0.1854948223130085,True,,,False,False,False,False,False,False,False,False,False,False,False,False,False,True,True,False,False,False,False,False,False,False,False,True,False,False,False,False,False,False,False,False,False,False,False,0,1,98.5,Strong public-data coverage
CVS,CVS Health,Healthcare,Health Care Services,S&P 500,BBB bucket,BBB,demo_bucket_to_refresh,0000064803,True,2025-12-31,402067000000.0,1768000000.0,253538000000.0,178156000000.0,75214000000.0,8453000000.0,10639000000.0,2832000000.0,2658000000.0,221167000000.0,13083000000.0,4606000000.0,,74714000000.0,88692000000.0,39779000000.0,19246000000.0,8863000000.0,71348000000.0,0.0,0.0,7807000000.0,0.7026796772081503,0.0,0.033340169915357855,0.004397277070736966,0.030792228383910894,-0.034988837965117654,0.8423984124836513,90.55000305175781,0.15145304299638163,0.20555332372092594,0.34005857288283153,0.0,True,,,False,False,False,False,False,False,False,False,False,False,False,False,False,True,True,False,False,False,False,False,False,False,False,True,False,False,False,False,False,False,False,False,True,True,False,0,3,95.5,Strong public-data coverage
CVX,Chevron,Energy,,Dow; S&P 500,AA- shown,AA-,screenshot,0000093410,True,2025-12-31,189031000000.0,12299000000.0,324012000000.0,131836000000.0,186450000000.0,7285000000.0,33939000000.0,17347000000.0,,108214000000.0,219729000000.0,20132000000.0,5126000000.0,38552000000.0,33387000000.0,15986000000.0,9711000000.0,19280000000.0,25676000000.0,977000000.0,977000000.0,16592000000.0,0.40688616470994904,0.0030153204202313494,0.022483735170302336,0.0650634022990938,0.051207979951359825,-0.06678764984012937,1.1547009315002845,181.6199951171875,-0.0367542180981455,0.004362859195014446,0.2498555929551239,-0.1398531832010086,True,,,False,False,False,False,False,False,False,False,False,False,False,False,False,True,True,False,False,False,False,False,False,False,False,False,False,False,False,False,False,False,False,False,False,True,False,0,1,98.5,Strong public-data coverage
D,Dominion Energy,Utilities,Multi-Utilities,S&P 500,BBB bucket,BBB,demo_bucket_to_refresh,0000715957,True,2026-03-31,16506000000.0,2998000000.0,115857000000.0,82440000000.0,29083000000.0,250000000.0,5361000000.0,4980000000.0,2022000000.0,,78967000000.0,2387000000.0,,8071000000.0,10444000000.0,2531000000.0,1942000000.0,1338000000.0,46332000000.0,2457000000.0,48789000000.0,,0.7115668453351977,0.4211139594500117,0.0021578325004099883,0.18163092208893736,-0.01,-0.020395832793875208,0.7727882037533512,61.88999938964844,-0.03643163389361015,0.0030397669874677735,0.19217173817230027,-0.05954652824271722,True,,,False,False,False,False,False,True,False,False,False,False,False,False,False,True,True,False,False,False,False,False,False,False,True,False,False,False,False,False,False,False,False,False,False,False,False,1,1,92.1,Strong public-data coverage
DAL,Delta Air Lines,Transportation,Passenger Airlines,S&P 500,BB / BBB bucket,BBB,demo_bucket_to_refresh,0000027904,True,2025-12-31,63364000000.0,5005000000.0,81317000000.0,,20853000000.0,4310000000.0,8342000000.0,4499000000.0,396000000.0,,39743000000.0,2443000000.0,2485000000.0,10968000000.0,27624000000.0,2850000000.0,,5226000000.0,13308000000.0,1372000000.0,14680000000.0,3843000000.0,0.78,0.1805280568638784,0.05300244721275994,0.07898806893504198,0.047259490635414486,-0.04103692954732713,0.3970460469157255,73.33000183105469,0.08124450252173876,-0.019610123174132243,0.4328565916205483,-0.024163935820989302,True,,,False,True,False,False,False,False,False,False,False,False,False,False,False,True,True,False,False,False,False,False,False,False,False,True,False,False,False,False,False,False,False,False,False,False,False,1,1,92.1,Strong public-data coverage
DASH,DoorDash,Industrials,,Nasdaq 100; S&P 500,NR (to derive from financials),NR,default - no public rating available; derive from leverage/margin post-SEC pull,0001792789,True,2025-12-31,13717000000.0,935000000.0,19659000000.0,9613000000.0,10033000000.0,4378000000.0,2431000000.0,257000000.0,2000000.0,,1067000000.0,747000000.0,1600000000.0,8643000000.0,6147000000.0,1108000000.0,,397000000.0,,,,2174000000.0,0.48898723231090085,0.28,0.22269698356986622,0.0681635926222935,0.11058548247621955,-0.07609746172236635,1.4060517325524646,163.92999267578125,0.0743871458154386,-0.11979173195525761,0.5136613834637486,-0.30209888415110786,True,,,False,False,True,False,False,False,False,False,False,False,False,False,False,True,True,False,False,False,False,False,False,False,False,True,False,False,False,False,False,False,False,False,False,False,False,1,1,92.1,Strong public-data coverage
DD,DuPont,Materials,Specialty Chemicals,S&P 500,NR (to derive from financials),A,default - no public rating available; derive from leverage/margin post-SEC pull,0001666700,True,2025-12-31,6849000000.0,-779000000.0,21575000000.0,7472000000.0,13919000000.0,715000000.0,560000000.0,333000000.0,313000000.0,4486000000.0,3464000000.0,647000000.0,1019000000.0,5575000000.0,2305000000.0,910000000.0,1172000000.0,995000000.0,7859000000.0,60000000.0,60000000.0,227000000.0,0.34632676709154114,0.0027809965237543454,0.03314020857473928,-0.11373923200467222,0.01052143684820394,-0.06206257242178447,2.418655097613883,49.7599983215332,0.053121657598586225,0.06071501233489296,0.36730139691897434,-0.030473923187325336,True,,,False,False,False,False,False,False,False,False,False,False,False,False,False,True,True,False,False,False,False,False,False,False,False,False,False,False,False,False,False,False,False,False,False,True,False,0,1,98.5,Strong public-data coverage
DDOG,Datadog,Industrials,,Nasdaq 100; S&P 500,NR (to derive from financials),NR,default - no public rating available; derive from leverage/margin post-SEC pull,0001561550,True,2025-12-31,3427158000.0,107741000.0,6643844000.0,2911638000.0,3732206000.0,401305000.0,1050135000.0,49578000.0,6302000.0,686957000.0,338093000.0,49200000.0,279700000.0,5382280000.0,1591401000.0,741262000.0,,148791000.0,,,,1000557000.0,0.43824599132670783,0.28,0.060402532028145155,0.03143741840907247,0.1505991109965857,-0.14184469111556502,3.382101682731128,200.16000366210938,0.8995918994469432,0.7556354697979772,0.8747322309857969,0.0,True,,,False,False,True,False,False,False,False,False,False,False,False,False,False,True,True,False,False,False,False,False,False,False,False,True,False,False,False,False,False,False,False,False,False,False,False,1,1,92.1,Strong public-data coverage
DE,Deere & Company,Industrials,Agricultural & Farm Machinery,S&P 500,A bucket,A,demo_bucket_to_refresh,0000315189,True,2025-11-02,45684000000.0,5027000000.0,105996000000.0,79989000000.0,25950000000.0,8276000000.0,7459000000.0,1360000000.0,3170000000.0,19933500000.0,5817000000.0,2229000000.0,4663000000.0,,,,7406000000.0,,32888000000.0,,,6099000000.0,0.7546416845918714,0.28,0.07807841805351146,0.1100385255231591,0.05753990716630816,-0.02294426204762444,1.2,574.8400268554688,-0.049851195280216976,-0.015620894361134674,0.38449030828738806,-0.12976598375507808,True,,,False,False,True,False,False,False,False,True,False,False,False,False,False,True,True,False,False,False,False,False,False,False,False,False,True,True,False,False,False,False,False,False,False,True,False,2,3,82.8,Usable for demo; some stale/missing fields
DECK,Deckers Brands,Consumer Discretionary,Footwear,S&P 500,NR (to derive from financials),NR,default - no public rating available; derive from leverage/margin post-SEC pull,0000910521,True,2025-03-31,4985612000.0,966091000.0,3570252000.0,,2513013000.0,1889188000.0,1044523000.0,86171000.0,,2099949000.0,325599000.0,67579000.0,1706571000.0,2860475000.0,769941000.0,332872000.0,495226000.0,,,0.0,,958352000.0,0.72,0.32,0.529146962175219,0.19377580926875176,0.26842699058777925,-0.02196819720288652,3.715187267595829,100.41999816894531,-0.0689783274550827,-0.12296944830615453,0.3675944115347736,-0.16967094309761233,True,,,False,True,True,False,False,False,False,False,False,False,False,False,False,True,True,False,False,False,False,False,False,False,False,False,False,False,False,False,False,False,False,False,False,False,True,2,1,85.8,Strong public-data coverage
DELL,Dell Technologies,Technology,"Technology Hardware, Storage & Peripherals",S&P 500,BBB bucket,BBB,demo_bucket_to_refresh,0001571996,True,2026-01-30,113538000000.0,5936000000.0,101286000000.0,103756000000.0,-2470000000.0,11528000000.0,11185000000.0,2633000000.0,1501000000.0,90831000000.0,6676000000.0,3029000000.0,11416000000.0,57602000000.0,63269000000.0,17585000000.0,10437000000.0,33630000000.0,31503000000.0,,31503000000.0,8552000000.0,1.024386391011591,0.31103015224216574,0.11381632209782201,0.052282055347108454,0.0844341764903343,-0.0518235491578303,0.9104300684379396,260.4599914550781,0.4694369784402306,1.1608293470131588,0.7353503892136571,0.0,True,,,False,False,False,False,False,False,False,False,False,False,False,False,False,True,True,False,False,False,False,False,False,False,False,True,False,False,False,False,False,False,False,False,False,False,False,0,1,98.5,Strong public-data coverage
DG,Dollar General,Consumer Staples,Consumer Staples Merchandise Retail,S&P 500,NR (to derive from financials),NR,default - no public rating available; derive from leverage/margin post-SEC pull,0000029534,True,2026-01-30,42724369000.0,1512311000.0,30963730000.0,22451768000.0,8511962000.0,1138501000.0,3634500000.0,1241162000.0,326781000.0,29624680000.0,6398589000.0,1046318000.0,10896021000.0,7897803000.0,6961135000.0,,6331861000.0,4051592000.0,4172068000.0,750000000.0,,2393338000.0,0.7250989464124639,0.3,0.036768858273857834,0.03539691832546433,0.07729488663026063,-0.0685378990192719,1.1345567928218603,113.29000091552734,-0.02108357703819308,-0.22760926497676248,0.32922376081117033,-0.2714591641915298,True,,,False,False,True,False,False,False,False,False,False,False,False,False,False,True,True,False,False,False,False,False,False,False,False,True,False,False,False,False,False,False,False,False,False,True,True,1,3,89.1,Strong public-data coverage
DGX,Quest Diagnostics,Healthcare,Health Care Services,S&P 500,NR (to derive from financials),BBB-,default - no public rating available; derive from leverage/margin post-SEC pull,0001022079,True,2025-12-31,11035000000.0,992000000.0,16225000000.0,,7170000000.0,420000000.0,1886000000.0,527000000.0,163000000.0,7370000000.0,2203000000.0,570000000.0,1967000000.0,2378000000.0,2278000000.0,1408000000.0,189000000.0,1600000000.0,5671000000.0,504000000.0,6175000000.0,1359000000.0,0.65,0.38058551617873654,0.02588597842835131,0.08989578613502493,0.08375963020030816,-0.05510015408320493,1.0438981562774363,187.38999938964844,-0.02151321202737766,-0.015909112399179248,0.25747225228777865,-0.11185231952164609,True,,,False,True,False,False,False,False,False,False,False,False,False,False,False,True,True,False,False,False,False,False,False,False,False,True,False,False,False,False,False,False,False,False,False,False,False,1,1,92.1,Strong public-data coverage
DHI,D. R. Horton,Consumer Discretionary,Homebuilding,S&P 500,NR (to derive from financials),NR,default - no public rating available; derive from leverage/margin post-SEC pull,0000882184,True,2025-09-30,34250400000.0,3585200000.0,35471200000.0,10729000000.0,24190400000.0,2985400000.0,3420900000.0,137400000.0,0.0,26134200000.0,578900000.0,101300000.0,3692000000.0,,,,,,,,,3283500000.0,0.3024707368231128,0.32,0.08416405421863371,0.10467614976759396,0.09256805521098807,0.004631926746205372,1.05,147.6300048828125,0.03811486337502035,-0.035330924621930104,0.35939606545543656,-0.11743523966657476,True,,,False,False,True,False,False,False,False,True,False,False,False,False,False,True,True,False,False,False,False,False,False,False,False,True,False,False,False,False,False,False,False,False,False,False,False,2,1,85.8,Strong public-data coverage
DHR,Danaher Corporation,Healthcare,Life Sciences Tools & Services,S&P 500,NR (to derive from financials),A-,default - no public rating available; derive from leverage/margin post-SEC pull,0000313616,True,2025-12-31,24568000000.0,3614000000.0,83464000000.0,8444400000.0,52534000000.0,4615000000.0,6416000000.0,1156000000.0,286000000.0,10045000000.0,5531000000.0,750000000.0,8235000000.0,12756000000.0,6807000000.0,3913000000.0,2489000000.0,,18418000000.0,40761000.0,18418000000.0,5260000000.0,0.65,0.22066998945653216,0.05529330010543468,0.14710192119830673,0.06302118278539251,-0.03357136010735167,1.873953283384751,171.16000366210938,-0.09730497805417404,-0.2083224673432741,0.27348392606181426,-0.29136603907943315,True,,,False,True,False,False,False,False,False,False,False,False,False,False,False,True,True,False,False,False,True,False,False,False,False,True,False,False,False,False,False,False,False,False,False,False,True,1,3,89.1,Strong public-data coverage
DIS,Disney,Communication Services,,Dow; S&P 500,A / BBB bucket,A,demo_bucket_to_refresh,0001744489,True,2025-09-27,94425000000.0,12404000000.0,197514000000.0,,109869000000.0,5695000000.0,18101000000.0,8024000000.0,-1812000000.0,,41255000000.0,5326000000.0,16501000000.0,24267000000.0,34162000000.0,13217000000.0,2134000000.0,15055000000.0,42026000000.0,6711000000.0,48737000000.0,10077000000.0,0.62,0.24675212896301021,0.028833399151452554,0.1313635160180037,0.051019168261490326,-0.028843525015948238,0.7103506820443768,108.0199966430664,0.08924068405289565,0.00830765810198919,0.2787751962279743,-0.06782879527656982,True,,,False,True,False,False,False,False,False,False,False,False,False,False,False,True,True,False,False,False,False,False,False,False,False,False,False,False,False,False,False,False,False,False,False,False,False,1,0,93.6,Strong public-data coverage
DLR,Digital Realty,Real Estate,Data Center REITs,S&P 500,NR (to derive from financials),NR,default - no public rating available; derive from leverage/margin post-SEC pull,0001297996,True,2025-12-31,6112692000.0,1308589000.0,49410468000.0,24564494000.0,22925663000.0,3451647000.0,2412136000.0,,437947000.0,,,1894636000.0,565482000.0,,,,,,2940210000.0,,,,0.4971516157264489,0.45,0.06985659395090126,0.21407736558622617,0.02,-0.022334275400913022,0.9,195.30999755859375,0.034097541207699145,0.1423913574130502,0.2173440352615075,-0.04217549874485971,True,,,False,False,True,False,False,True,False,True,False,False,False,False,False,True,True,False,False,False,False,False,False,False,False,False,False,False,False,False,False,False,False,False,False,True,False,3,1,79.4,Usable for demo; some stale/missing fields
DLTR,Dollar Tree,Consumer Staples,Consumer Staples Merchandise Retail,S&P 500,NR (to derive from financials),BBB,default - no public rating available; derive from leverage/margin post-SEC pull,0000935703,True,2026-01-31,19411800000.0,1282500000.0,13466200000.0,9711300000.0,3754900000.0,717800000.0,2190700000.0,1134000000.0,,12345000000.0,4959600000.0,648100000.0,5468600000.0,3446200000.0,3228600000.0,113300000.0,,1530700000.0,2431700000.0,0.0,2431700000.0,1056700000.0,0.7211611293460665,0.18057803983306353,0.05330382736035407,0.06606806169443329,0.07847054105835351,-0.06744293119068483,1.0673976336492597,94.23999786376953,-0.053340080614839525,-0.2348786290107282,0.3809052990802435,-0.33262521504777376,True,,,False,False,False,False,False,False,False,False,False,False,False,False,False,True,True,False,False,False,False,False,False,False,False,False,False,False,False,False,False,False,True,False,False,False,False,0,1,98.5,Strong public-data coverage
DOC,Healthpeak Properties,Real Estate,Health Care REITs,S&P 500,NR (to derive from financials),BB-,default - no public rating available; derive from leverage/margin post-SEC pull,0000765880,True,2025-12-31,2822512000.0,71347000.0,20336018000.0,12033567000.0,7500094000.0,467457000.0,1251959000.0,894949000.0,305178000.0,1074861000.0,,1058865000.0,90416000.0,,,,,,9847894000.0,,9847894000.0,357010000.0,0.5917366418538772,0.48425871770963225,0.02298665353266308,0.02527783761415363,0.017555550944142555,-0.05805522005340475,0.9,19.639999389648438,0.18024504173489908,0.18761139966769536,0.43357278746129635,-0.0010173172898729765,True,,,False,False,False,False,False,False,False,True,False,False,False,False,False,True,True,False,False,False,False,False,False,False,False,False,False,False,False,False,False,False,False,False,False,False,False,1,0,93.6,Strong public-data coverage
DOV,Dover Corporation,Industrials,Industrial Machinery & Supplies & Components,S&P 500,NR (to derive from financials),BBB+,default - no public rating available; derive from leverage/margin post-SEC pull,0000029905,True,2025-12-31,8092571000.0,1093956000.0,13422423000.0,3731897000.0,7405206000.0,1676808000.0,1338005000.0,220263000.0,131305000.0,4874402000.0,1119623000.0,379577000.0,1844808000.0,4506940000.0,2518489000.0,1371352000.0,1272784000.0,875678000.0,3327972000.0,706677000.0,4034649000.0,1117742000.0,0.66,0.3005902138533408,0.12492587962694962,0.13518027830710413,0.08327423446571457,-0.018182186629046037,1.7895412685939862,219.8300018310547,0.012481608211185158,-0.020692413101347507,0.2722500559819956,-0.055615138157162014,True,,,False,True,False,False,False,False,False,False,False,False,False,False,False,True,True,False,False,False,True,False,False,False,False,True,False,False,False,False,False,False,False,False,False,False,False,1,2,90.6,Strong public-data coverage
DOW,Dow Inc.,Materials,Commodity Chemicals,S&P 500,NR (to derive from financials),NR,default - no public rating available; derive from leverage/margin post-SEC pull,0001751788,True,2025-12-31,39968000000.0,-2444000000.0,58538000000.0,,16008000000.0,3816000000.0,1032000000.0,2479000000.0,247000000.0,37435000000.0,22250000000.0,2834000000.0,1392000000.0,18062000000.0,9183000000.0,4762000000.0,6595000000.0,,15060000000.0,62000000.0,,-1447000000.0,0.6,0.3,0.06518842461307185,-0.06114891913530825,-0.024718985957839352,-0.059380231644401926,1.966895350103452,36.869998931884766,-0.05485771550180185,0.16292698715218368,0.506574947196131,-0.11941724689637878,True,,,False,True,True,False,False,False,False,False,False,False,False,False,False,True,True,False,False,False,False,False,False,False,False,True,False,False,False,False,False,False,False,False,False,True,True,2,3,82.8,Usable for demo; some stale/missing fields
DPZ,Domino's,Consumer Discretionary,Restaurants,S&P 500,NR (to derive from financials),B-,default - no public rating available; derive from leverage/margin post-SEC pull,0001286681,True,2025-12-28,4939994000.0,601704000.0,1716459000.0,5617601000.0,-3901142000.0,125675000.0,792062000.0,120558000.0,195972000.0,2966434000.0,324022000.0,88827000.0,464120000.0,894201000.0,541621000.0,315958000.0,79189000.0,135029000.0,14600000.0,100000.0,14700000.0,671504000.0,3.27278484368109,0.008564142807955215,0.07321759506052868,0.12180257708815032,0.39121470422538496,-0.11090157119977814,1.6509718050075606,323.4800109863281,-0.11605410521663351,-0.17096628113238832,0.33906735818996425,-0.2584419981880446,True,,,False,False,False,False,False,False,False,False,False,False,False,False,False,True,True,False,False,False,False,False,False,False,False,False,False,False,False,False,False,False,False,False,False,False,False,0,0,100.0,Strong public-data coverage
DRI,Darden Restaurants,Consumer Discretionary,Restaurants,S&P 500,NR (to derive from financials),BBB-,default - no public rating available; derive from leverage/margin post-SEC pull,0000940944,True,2025-05-25,12076700000.0,1049600000.0,12587000000.0,10275700000.0,2311300000.0,240000000.0,1707000000.0,644600000.0,50200000.0,4990500000.0,4716000000.0,516100000.0,520300000.0,937700000.0,2247500000.0,93800000.0,311600000.0,439600000.0,2128900000.0,0.0,2128900000.0,1062400000.0,0.8163740367045365,0.16913482164137603,0.019067291650115198,0.08691115950549405,0.08440454437117662,-0.052228489711607214,0.4172191323692992,196.22999572753906,0.019959438380752204,-0.09297415376077989,0.273922909881834,-0.09567049207337819,True,,,False,False,False,False,False,False,False,False,False,False,False,False,False,True,True,False,False,False,False,False,False,False,False,True,True,False,False,False,False,False,False,False,False,False,False,0,2,97.0,Strong public-data coverage
DTE,DTE Energy,Utilities,Multi-Utilities,S&P 500,NR (to derive from financials),BB-,default - no public rating available; derive from leverage/margin post-SEC pull,0000936340,True,2025-12-31,12607000000.0,1462000000.0,54066000000.0,,12303000000.0,208000000.0,3409000000.0,,1056000000.0,,33653000000.0,1841000000.0,,4348000000.0,5409000000.0,2031000000.0,,1753000000.0,25306000000.0,882000000.0,26188000000.0,,0.74,0.48437095401916175,0.0038471497798986424,0.1,-0.01,-0.0360115414493397,0.8038454427805509,140.60000610351562,-0.06066266045278068,0.04934650169319199,0.19295343224470196,-0.07310960616652629,True,,,False,True,False,False,True,True,False,False,False,False,False,False,False,True,True,True,False,False,False,False,False,False,False,False,False,False,False,False,False,False,False,False,False,False,False,3,1,79.4,Usable for demo; some stale/missing fields
DUK,Duke Energy,Utilities,Electric Utilities,S&P 500,BBB+ bucket,BBB+,demo_bucket_to_refresh,0001326160,True,2025-12-31,22743000000.0,4968000000.0,195736000000.0,,51842000000.0,245000000.0,12330000000.0,14024000000.0,3634000000.0,6826000000.0,129959000000.0,7704000000.0,,11613000000.0,21047000000.0,16000000.0,1588000000.0,5223000000.0,87212000000.0,2624000000.0,89836000000.0,-1694000000.0,0.74,0.45896513671475864,0.0012516859443331835,0.1,-0.008654514243675155,-0.03761188539665672,0.5517650971634912,124.16999816894531,-0.057819223805888886,0.028816542473834694,0.1600374830192431,-0.06960893209633412,True,,,False,True,False,False,True,False,False,False,False,False,False,False,False,True,True,True,False,False,False,False,False,False,False,False,True,False,False,False,False,False,False,True,False,False,False,2,3,82.8,Usable for demo; some stale/missing fields
DVA,DaVita,Healthcare,Health Care Services,S&P 500,NR (to derive from financials),NR,default - no public rating available; derive from leverage/margin post-SEC pull,0000927066,True,2025-12-31,13643069000.0,746803000.0,17480103000.0,16321665000.0,-651082000.0,676438000.0,1886500000.0,575864000.0,579926000.0,,2812966000.0,708252000.0,1673630000.0,4058003000.0,3141634000.0,2414690000.0,160627000.0,696148000.0,8503434000.0,87345000.0,,1310636000.0,0.9337281937068678,0.3,0.03869759806335237,0.054738636885879564,0.07497873439304105,-0.06519967302252166,1.2916854732282628,198.64999389648438,0.3238919683857828,0.44325773595887097,0.5361568075714871,0.0,True,,,False,False,True,False,False,False,False,False,False,False,False,False,False,True,True,False,False,False,False,False,False,False,False,False,False,False,False,False,False,False,False,False,False,True,True,1,2,90.6,Strong public-data coverage
DVN,Devon Energy,Energy,Oil & Gas Exploration & Production,S&P 500,NR (to derive from financials),BBB+,default - no public rating available; derive from leverage/margin post-SEC pull,0001090012,True,2025-12-31,17188000000.0,2642000000.0,31599000000.0,,15528000000.0,1384000000.0,6711000000.0,3592000000.0,635000000.0,2812000000.0,25419000000.0,3595000000.0,492000000.0,4006000000.0,4086000000.0,1792000000.0,336000000.0,,8389000000.0,998000000.0,9387000000.0,3119000000.0,0.48,0.29706636285958415,0.043798854394126396,0.15371189201768676,0.0987056552422545,-0.12876989778157535,0.9804209495839452,45.61000061035156,-0.04561624321851565,0.054466972601505015,0.35119786820340193,-0.12406374346713855,True,,,False,True,False,False,False,False,False,False,False,False,False,False,False,True,True,False,False,False,False,False,False,False,False,True,True,False,False,False,False,False,False,False,False,False,False,1,2,90.6,Strong public-data coverage
DXCM,DexCom,Industrials,,Nasdaq 100; S&P 500,NR (to derive from financials),NR,default - no public rating available; derive from leverage/margin post-SEC pull,0001093557,True,2025-12-31,4662000000.0,836300000.0,6339900000.0,3593900000.0,2746000000.0,917700000.0,1440700000.0,363500000.0,20300000.0,1860100000.0,1559900000.0,251800000.0,1291000000.0,4033300000.0,2142500000.0,1216100000.0,629100000.0,,4600000.0,,,1077200000.0,0.5668701399075695,0.28,0.1447499171911229,0.17938652938652938,0.16990804271360746,-0.09533273395479425,1.8825204200700116,60.61000061035156,-0.05326454563449523,-0.1361174822303407,0.3576470115002915,-0.185130373104896,True,,,False,False,True,False,False,False,False,False,False,False,False,False,False,True,True,False,False,False,False,False,False,False,False,True,False,False,False,False,False,False,False,False,False,True,False,1,2,90.6,Strong public-data coverage
EA,Electronic Arts,Industrials,,Nasdaq 100; S&P 500,NR (to derive from financials),NR,default - no public rating available; derive from leverage/margin post-SEC pull,0000712515,True,2025-03-31,7463000000.0,1121000000.0,12368000000.0,5982000000.0,6386000000.0,2136000000.0,2079000000.0,11000000.0,58000000.0,1543000000.0,586000000.0,204000000.0,745000000.0,3276000000.0,3459000000.0,679000000.0,33000000.0,105000000.0,,,,,0.4836675291073739,0.28,0.17270375161707632,0.15020769127696637,0.04,-0.07745795601552394,0.9470945359930616,200.44000244140625,-0.011344594009273457,-0.001196492761583734,0.05922741531608413,-0.020315130108446655,True,,,False,False,True,False,False,True,False,False,False,False,False,False,False,True,True,False,False,False,False,False,False,False,True,False,False,False,False,False,False,False,False,True,False,False,False,2,2,84.3,Usable for demo; some stale/missing fields
EBAY,eBay Inc.,Consumer Discretionary,Broadline Retail,S&P 500,NR (to derive from financials),A,default - no public rating available; derive from leverage/margin post-SEC pull,0001065088,True,2025-12-31,11100000000.0,2031000000.0,17610000000.0,12995000000.0,4615000000.0,1867000000.0,1959000000.0,525000000.0,263000000.0,3169000000.0,1338000000.0,421000000.0,1198000000.0,5086000000.0,4637000000.0,135000000.0,,242000000.0,6973000000.0,750000000.0,750000000.0,1434000000.0,0.7379329926178307,0.04258943781942078,0.10601930721181146,0.18297297297297296,0.08143100511073254,0.0040885860306643955,1.096829846883761,107.69000244140625,0.12882600334333816,0.2368362620744744,0.37628962782961645,-0.015000451497135137,True,,,False,False,False,False,False,False,False,False,False,False,False,False,False,True,True,False,False,False,False,False,False,False,False,True,False,False,False,False,False,False,False,False,False,True,False,0,2,97.0,Strong public-data coverage
ECL,Ecolab,Materials,Specialty Chemicals,S&P 500,A- shown,A-,screenshot,0000031462,True,2025-12-31,16081200000.0,2075600000.0,24696300000.0,14891800000.0,9770800000.0,646200000.0,2952600000.0,1048300000.0,306200000.0,8930800000.0,4276600000.0,672600000.0,4257900000.0,5955600000.0,5534700000.0,3249400000.0,1490400000.0,2071000000.0,7600000000.0,6600000.0,,1904300000.0,0.6029972101083968,0.3,0.026165862902540058,0.12906996990274358,0.07710871669035442,-0.03551139239481218,1.0760474822483603,254.22000122070312,-0.06977937988202787,-0.11541736238036238,0.24771784861622786,-0.1733376957401831,True,,,False,False,True,False,False,False,False,False,False,False,False,False,False,True,True,False,False,False,False,False,False,False,False,False,False,False,False,False,False,False,False,False,False,True,True,1,2,90.6,Strong public-data coverage
ED,Consolidated Edison,Utilities,Multi-Utilities,S&P 500,NR (to derive from financials),BBB-,default - no public rating available; derive from leverage/margin post-SEC pull,0001047862,True,2025-12-31,16918000000.0,2023000000.0,74603000000.0,,24190000000.0,1629000000.0,4800000000.0,4465000000.0,1233000000.0,,55403000000.0,2321000000.0,,6750000000.0,6614000000.0,2583000000.0,,1947000000.0,25801000000.0,250000000.0,26051000000.0,,0.74,0.34919507258421245,0.02183558301944962,0.11957678212554676,-0.01,-0.03722370414058416,1.0205624433020866,106.30999755859375,-0.06384290380298052,0.004360531642199295,0.17703610386798296,-0.07924823833737082,True,,,False,True,False,False,False,True,False,False,False,False,False,False,False,True,True,False,False,False,False,False,False,False,True,False,False,False,False,False,False,False,False,False,False,False,False,2,1,85.8,Strong public-data coverage
EFX,Equifax,Industrials,Research & Consulting Services,S&P 500,NR (to derive from financials),BB,default - no public rating available; derive from leverage/margin post-SEC pull,0000033185,True,2025-12-31,6074500000.0,660300000.0,11864200000.0,7126000000.0,4604300000.0,180800000.0,1615700000.0,481400000.0,241400000.0,1210700000.0,1932400000.0,726900000.0,1614200000.0,1412200000.0,2335400000.0,1012700000.0,,206400000.0,5114200000.0,,5114200000.0,1134300000.0,0.600630468131016,0.43106151278636573,0.015239122738996308,0.10870030455181497,0.09560695200687784,-0.08052797491613425,0.604692986212212,175.8300018310547,-0.012024494998989166,-0.11666386228989689,0.37154181631895405,-0.22318889214642634,True,,,False,False,False,False,False,False,False,False,False,False,False,False,False,True,True,False,False,False,False,False,False,False,False,True,True,False,False,False,False,False,False,False,False,False,False,0,2,97.0,Strong public-data coverage
EG,Everest Group,Financials,Reinsurance,S&P 500,NR (to derive from financials),NR,default - no public rating available; derive from leverage/margin post-SEC pull,0001095073,True,2025-12-31,17496000000.0,1591000000.0,62514000000.0,47054000000.0,15461000000.0,1318000000.0,3068000000.0,,31693000.0,,,,3461000000.0,,,,,,,50000000.0,,,0.7526953962312442,0.25,0.021083277345874524,0.09093507087334247,0.015,-0.02362670761749368,1.0,351.5199890136719,0.06563189807182424,0.09808348865181271,0.20153877518533964,-0.014687803028695878,True,,,False,False,True,False,False,True,False,True,False,False,False,False,False,True,True,False,False,False,False,False,False,False,False,True,False,False,False,False,False,False,False,False,False,False,True,3,2,77.9,Usable for demo; some stale/missing fields
EIX,Edison International,Utilities,Electric Utilities,S&P 500,NR (to derive from financials),BB-,default - no public rating available; derive from leverage/margin post-SEC pull,0000827052,True,2025-12-31,19317000000.0,4459000000.0,94026000000.0,74767000000.0,17579000000.0,158000000.0,5800000000.0,6515000000.0,1612000000.0,,63328000000.0,3237000000.0,,7686000000.0,10536000000.0,1463000000.0,535000000.0,2344000000.0,37998000000.0,2390000000.0,40388000000.0,-715000000.0,0.795173675366388,0.42954076532023056,0.0016803862761363877,0.2308329450742869,-0.007604279667326058,-0.01426201263480314,0.729498861047836,68.94999694824219,-0.08940840152297702,0.09394210555143823,0.2512556195118726,-0.09060937449530226,True,,,False,False,False,False,False,False,False,False,False,False,False,False,False,True,True,False,False,False,False,False,False,False,False,True,False,False,False,False,False,False,False,False,False,False,False,0,1,98.5,Strong public-data coverage
EL,Estée Lauder Companies (The),Consumer Staples,Personal Care Products,S&P 500,NR (to derive from financials),NR,default - no public rating available; derive from leverage/margin post-SEC pull,0001001250,True,2025-06-30,14326000000.0,-1133000000.0,19892000000.0,8745000000.0,3865000000.0,2921000000.0,1272000000.0,602000000.0,378000000.0,3729000000.0,3172000000.0,829000000.0,9456000000.0,7069000000.0,5435000000.0,1530000000.0,2074000000.0,493800000.0,1080100000.0,,,670000000.0,0.7,0.3,0.14684295194047858,-0.07908697473125785,0.033681882163683896,-0.1209028755278504,1.3006439742410303,86.19999694824219,0.18618410788785145,-0.12664924253573973,0.49707944099345236,-0.277063306068163,True,,,False,True,True,False,False,False,False,False,False,False,False,False,False,True,True,False,False,False,True,False,False,False,False,False,False,False,False,False,False,False,False,False,True,True,False,2,3,82.8,Usable for demo; some stale/missing fields
ELV,Elevance Health,Healthcare,Managed Health Care,S&P 500,NR (to derive from financials),BBB-,default - no public rating available; derive from leverage/margin post-SEC pull,0001156039,True,2025-12-31,199125000000.0,5662000000.0,121494000000.0,77468000000.0,43882000000.0,9491000000.0,4290000000.0,1116000000.0,1030000000.0,21178000000.0,4679000000.0,94000000.0,20984000000.0,63001000000.0,41035000000.0,,,7322000000.0,31896000000.0,150000000.0,32046000000.0,3174000000.0,0.63762819563106,0.2637661119067608,0.07811908406999522,0.028434400502197112,0.026124746901081537,0.011292738736069272,1.5352991348848544,378.07000732421875,0.2135910146876805,0.16152848570173828,0.33959375208272996,-0.004004451695462263,True,,,False,False,False,False,False,False,False,False,False,False,False,False,False,True,True,False,False,False,False,False,False,False,False,True,False,False,False,False,False,False,False,False,False,False,False,0,1,98.5,Strong public-data coverage
EME,Emcor,Industrials,Construction & Engineering,S&P 500,NR (to derive from financials),NR,default - no public rating available; derive from leverage/margin post-SEC pull,0000105634,True,2025-12-31,16986422000.0,1272817000.0,9291399000.0,5616418000.0,3673944000.0,1111968000.0,1302063000.0,112750000.0,12020000.0,13703434000.0,253277000.0,67368000.0,1714446000.0,5937345000.0,4864940000.0,4241177000.0,,1227428000.0,0.0,,,1189313000.0,0.6044749558166644,0.28,0.1196771336587741,0.07493143641433139,0.12800149902076102,-0.003147642244187339,1.2204354010532503,921.6400146484375,0.14913326152970652,0.1879044833587249,0.3901683125664952,-0.023427799048013287,True,,,False,False,True,False,False,False,False,False,False,False,False,False,False,True,True,False,False,False,False,False,False,False,False,False,False,False,False,False,False,False,False,False,False,True,False,1,1,92.1,Strong public-data coverage
EMR,Emerson Electric,Industrials,Electrical Components & Equipment,S&P 500,NR (to derive from financials),A-,default - no public rating available; derive from leverage/margin post-SEC pull,0000032604,True,2025-09-30,18016000000.0,2293000000.0,41964000000.0,,20282000000.0,1544000000.0,3098000000.0,431000000.0,147000000.0,8497000000.0,2871000000.0,1518000000.0,5103000000.0,8583000000.0,9797000000.0,3101000000.0,2213000000.0,1384000000.0,8924000000.0,605000000.0,9529000000.0,2667000000.0,0.66,0.22707558859975216,0.036793441997902965,0.12727575488454707,0.06355447526451244,-0.019183109331808217,0.8760845156680617,141.30999755859375,-0.017110709054478312,-0.11347397425607908,0.40055400766714183,-0.12268520382483772,True,,,False,True,False,False,False,False,False,False,False,False,False,False,False,True,True,False,False,False,False,False,False,False,False,True,False,False,False,False,False,False,False,False,False,False,False,1,1,92.1,Strong public-data coverage
EOG,EOG Resources,Energy,Oil & Gas Exploration & Production,S&P 500,NR (to derive from financials),A,default - no public rating available; derive from leverage/margin post-SEC pull,0000821189,True,2025-12-31,22632000000.0,4980000000.0,51799000000.0,,29833000000.0,3396000000.0,10044000000.0,,235000000.0,,42341000000.0,4461000000.0,820000000.0,7656000000.0,4691000000.0,2681000000.0,1014000000.0,2904000000.0,7909000000.0,27000000.0,7936000000.0,,0.48,0.15320759088013283,0.06556111121836329,0.2200424178154825,0.05,-0.0977625050676654,1.6320613941590278,130.02999877929688,-0.03781785819655281,0.15078238762559093,0.3034240484944059,-0.1257615792672343,True,,,False,True,False,False,False,True,False,False,False,False,False,False,False,True,True,False,False,False,False,False,False,False,False,False,False,False,False,False,False,False,False,False,False,False,False,2,0,87.3,Strong public-data coverage
EPAM,EPAM Systems,Technology,IT Consulting & Other Services,S&P 500,NR (to derive from financials),A,default - no public rating available; derive from leverage/margin post-SEC pull,0001352010,True,2025-12-31,5457056000.0,377678000.0,4902136000.0,1224328000.0,3677226000.0,1296077000.0,654934000.0,42243000.0,,3883535000.0,202387000.0,124811000.0,928707000.0,2533888000.0,976942000.0,0.0,,55329000.0,25034000.0,2861000.0,25034000.0,612691000.0,0.24975398479356753,0.005106753464204175,0.2643902576346311,0.06920911201937455,0.12498449655415517,-0.056558202383614004,2.593693382002207,99.2300033569336,-0.18976073840228636,-0.4791896079741329,0.5270909017334064,-0.5518066572154984,True,,,False,False,False,False,False,False,False,False,False,False,False,False,False,True,True,False,False,False,False,False,False,False,False,False,False,False,False,False,False,False,True,False,False,False,True,0,2,97.0,Strong public-data coverage
EQIX,Equinix,Real Estate,Data Center REITs,S&P 500,NR (to derive from financials),BB,default - no public rating available; derive from leverage/margin post-SEC pull,0001101239,True,2025-12-31,9217000000.0,1350000000.0,40141000000.0,25963000000.0,14156000000.0,1727000000.0,3911000000.0,4311000000.0,402022000.0,4508000000.0,23584000000.0,2050000000.0,1840000000.0,5125000000.0,3893000000.0,1001000000.0,,127000000.0,15334000000.0,1299000000.0,16633000000.0,-400000000.0,0.6467950474577115,0.4143643656112205,0.04302334271692285,0.1464684821525442,-0.009964873819785256,-0.06380010463117511,1.3164654508091447,1072.0799560546875,0.040611863465709774,0.2567014759140942,0.2751521038289336,-0.03874335956961872,True,,,False,False,False,False,False,False,False,False,False,False,False,False,False,True,True,False,False,False,False,False,False,False,False,True,False,False,False,False,False,False,False,False,False,False,False,0,1,98.5,Strong public-data coverage
EQR,Equity Residential,Real Estate,Multi-Family Residential REITs,S&P 500,NR (to derive from financials),BB+,default - no public rating available; derive from leverage/margin post-SEC pull,0000906107,True,2025-12-31,2701075000.0,1120089000.0,20746023000.0,9336889000.0,11041499000.0,55904000.0,1648763000.0,4505000.0,1300000.0,,,1010400000.0,65280000.0,,,,,,8241242000.0,,8241242000.0,,0.45005681329862596,0.3972444260762653,0.0026946851451962626,0.08,0.02,-0.02548314922816773,0.9,65.54000091552734,0.07196600539423414,0.02572675394828483,0.20353531378095926,-0.010716967312794812,True,,,False,False,False,False,True,True,False,True,False,False,False,False,False,True,True,True,False,False,False,False,False,False,True,True,False,False,False,False,False,False,False,False,False,False,False,3,3,76.4,Usable for demo; some stale/missing fields
EQT,EQT Corporation,Energy,Oil & Gas Exploration & Production,S&P 500,NR (to derive from financials),A,default - no public rating available; derive from leverage/margin post-SEC pull,0000033213,True,2025-12-31,8644211000.0,2039247000.0,41792874000.0,14432726000.0,23752677000.0,110795000.0,5125952000.0,2288425000.0,219660000.0,1532090000.0,33557808000.0,2600390000.0,380066000.0,1895151000.0,2484841000.0,1457959000.0,,1367431000.0,7800328000.0,507119000.0,8307447000.0,2837527000.0,0.3453393992478239,0.19877663833312828,0.0026510500330750165,0.23590898000985863,0.06789499568754233,-0.07385720828866663,0.7626850168682825,55.959999084472656,-0.04366589379783514,0.0025988355439781063,0.2733843172602677,-0.17388949420759925,True,,,False,False,False,False,False,False,False,False,False,False,False,False,False,True,True,False,False,False,False,False,False,False,False,True,False,False,False,False,False,False,False,False,False,False,False,0,1,98.5,Strong public-data coverage
ERIE,Erie Indemnity,Financials,Insurance Brokers,S&P 500,NR (to derive from financials),NR,default - no public rating available; derive from leverage/margin post-SEC pull,0000922621,True,2025-12-31,4067258000.0,559335000.0,3355481000.0,1072107000.0,2283374000.0,345874000.0,686657000.0,115692000.0,0.0,,,69450000.0,,1199173000.0,945587000.0,735589000.0,,200701000.0,0.0,0.0,,570965000.0,0.31950918512129856,0.25,0.10307732334052852,0.13752139647890543,0.17015891313346732,-0.03794448545528942,1.268178390777369,215.89999389648438,-0.1491960964293435,-0.19446116337817954,0.38029621134964586,-0.2718598658172363,True,,,False,False,True,False,False,False,False,False,False,False,False,False,False,True,True,False,False,False,False,False,False,False,False,True,False,False,False,False,False,False,False,False,False,True,True,1,3,89.1,Strong public-data coverage
ES,Eversource Energy,Utilities,Electric Utilities,S&P 500,NR (to derive from financials),BB+,default - no public rating available; derive from leverage/margin post-SEC pull,0000072741,True,2025-12-31,13547244000.0,1699891000.0,63786711000.0,,16197271000.0,135400000.0,4113572000.0,4158669000.0,855441000.0,,,2404500000.0,,5077186000.0,7808512000.0,1847094000.0,,1859692000.0,26872433000.0,1392948000.0,28265381000.0,-45097000.0,0.74,0.4431233489997627,0.0021226991935671367,0.1254787320579743,-0.0007069967912281917,-0.03783987232074092,0.6502117176742509,66.51000213623047,-0.049449750237375856,-0.0061630302773967305,0.2377102648034778,-0.11805290550085934,True,,,False,True,False,False,False,False,False,False,False,False,False,False,False,True,True,False,False,False,False,False,False,False,False,True,False,False,False,False,False,False,False,False,False,False,False,1,1,92.1,Strong public-data coverage
ESS,Essex Property Trust,Real Estate,Multi-Family Residential REITs,S&P 500,NR (to derive from financials),NR,default - no public rating available; derive from leverage/margin post-SEC pull,0000920522,True,2025-12-31,1887345000.0,702773000.0,13159009000.0,7422114000.0,5541372000.0,76241000.0,1074423000.0,,212905000.0,,,607542000.0,71948000.0,,,,,,638959000.0,,,,0.564032899437944,0.45,0.005793825355693579,0.3723606441853503,0.02,-0.02824300826908774,0.9,263.54998779296875,0.053904826944212614,0.03333551702486681,0.20460442476430155,-0.016164017511265838,True,,,False,False,True,False,False,True,False,True,False,False,False,False,False,True,True,False,False,False,False,False,False,False,False,True,False,False,False,False,False,False,False,False,False,True,False,3,2,77.9,Usable for demo; some stale/missing fields
ETN,Eaton Corporation,Industrials,Electrical Components & Equipment,S&P 500,NR (to derive from financials),A-,default - no public rating available; derive from leverage/margin post-SEC pull,0001551182,True,2025-12-31,27448000000.0,4087000000.0,41251000000.0,,19425000000.0,622000000.0,4472000000.0,919000000.0,144000000.0,17131000000.0,4316000000.0,1006000000.0,4311000000.0,12355000000.0,9370000000.0,5387000000.0,4721000000.0,4168000000.0,9894000000.0,1000000.0,9895000000.0,3553000000.0,0.66,0.23987297277641753,0.015078422341276576,0.1488997376858059,0.08613124530314417,-0.009333107076192093,1.3185699039487726,401.510009765625,-0.000943951341893956,0.07111603529094457,0.37026531351043346,-0.07018411395974022,True,,,False,True,False,False,False,False,False,False,False,False,False,False,False,True,True,False,False,False,False,False,False,False,False,True,False,False,False,False,False,False,False,False,False,False,False,1,1,92.1,Strong public-data coverage
ETR,Entergy,Utilities,Electric Utilities,S&P 500,NR (to derive from financials),BB+,default - no public rating available; derive from leverage/margin post-SEC pull,0000065984,True,2025-12-31,12946686000.0,1773328000.0,71890730000.0,,16923076000.0,1928916000.0,5150651000.0,7684922000.0,1006406000.0,,481590000.0,2305568000.0,,5806851000.0,7822968000.0,1393455000.0,,2565546000.0,30277161000.0,657774000.0,30934935000.0,-2534271000.0,0.74,0.4303049224844427,0.026831220103064747,0.13697157712792293,-0.035251707695832274,-0.04697856037906417,0.7422823409222689,111.58999633789062,-0.03667039142351358,0.1431380139366587,0.24905864526997995,-0.049164998657575065,True,,,False,True,False,False,False,False,False,False,False,False,False,False,False,True,True,False,False,False,False,False,False,False,False,True,False,False,False,False,False,False,True,False,False,False,False,1,2,90.6,Strong public-data coverage
EVRG,Evergy,Utilities,Electric Utilities,S&P 500,NR (to derive from financials),BB+,default - no public rating available; derive from leverage/margin post-SEC pull,0001711269,True,2025-12-31,5961600000.0,855600000.0,33948500000.0,,10221300000.0,19800000.0,2045200000.0,2796900000.0,616300000.0,,26301500000.0,1162900000.0,,1815800000.0,3695900000.0,214200000.0,,654300000.0,13039200000.0,367000000.0,13406200000.0,-751700000.0,0.74,0.39489815455763877,0.0005832363727410637,0.14351851851851852,-0.02214236269643725,-0.03504131257640249,0.49130117156849484,81.77999877929688,-0.021536288733233877,0.06894976426710797,0.17878373884470183,-0.031157502294874018,True,,,False,True,False,False,False,False,False,False,False,False,False,False,False,True,True,False,False,False,False,False,False,False,False,False,False,False,False,False,False,False,False,False,False,False,False,1,0,93.6,Strong public-data coverage
EW,Edwards Lifesciences,Healthcare,Health Care Equipment,S&P 500,NR (to derive from financials),A,default - no public rating available; derive from leverage/margin post-SEC pull,0001099800,True,2025-12-31,6067600000.0,1073500000.0,13697200000.0,3359600000.0,10337600000.0,2938000000.0,1595200000.0,260200000.0,17600000.0,1334200000.0,1811900000.0,156600000.0,2085200000.0,6738900000.0,1813700000.0,659600000.0,1126200000.0,227500000.0,598300000.0,0.0,598300000.0,1335000000.0,0.24527640685687585,0.04368046024004906,0.2144963934234734,0.17692333047662998,0.09746517536430803,-0.038088076395175655,3.7155538402161326,79.95999908447266,0.02683955649381775,0.041145780040988233,0.3005041324431463,-0.0828171736112564,True,,,False,False,False,False,False,False,False,False,False,False,False,False,False,True,True,False,False,False,False,False,False,False,False,True,False,False,False,False,False,False,False,False,False,False,True,0,2,97.0,Strong public-data coverage
EXC,Exelon,Industrials,,Nasdaq 100; S&P 500,NR (to derive from financials),BB-,default - no public rating available; derive from leverage/margin post-SEC pull,0001109357,True,2025-12-31,24258000000.0,2768000000.0,116570000000.0,87772000000.0,28798000000.0,626000000.0,6254000000.0,8529000000.0,1610000000.0,,84318000000.0,3043000000.0,,9546000000.0,10331000000.0,3297000000.0,,3382000000.0,49428000000.0,612000000.0,50040000000.0,-2275000000.0,0.7529553058248263,0.42926996654370764,0.005370163850047182,0.11410668645395333,-0.019516170541305652,-0.029904778244831433,0.9240151001839125,43.90999984741211,-0.09594399581412172,0.007186348859655967,0.23299783315754077,-0.12686420664083486,True,,,False,False,False,False,False,False,False,False,False,False,False,False,False,True,True,False,False,False,False,False,False,False,False,True,False,False,False,False,False,False,False,False,True,False,False,0,2,97.0,Strong public-data coverage
EXE,Expand Energy,Energy,Oil & Gas Exploration & Production,S&P 500,NR (to derive from financials),A,default - no public rating available; derive from leverage/margin post-SEC pull,0000895126,True,2025-12-31,12124000000.0,1819000000.0,28287000000.0,9709000000.0,18578000000.0,616000000.0,4575000000.0,2736000000.0,104000000.0,,24355000000.0,2980000000.0,181000000.0,2916000000.0,2901000000.0,1599000000.0,25000000.0,753000000.0,5009000000.0,0.0,5009000000.0,1839000000.0,0.34323187329868843,0.17707780959451339,0.02177678792378124,0.1500329924117453,0.06501219641531446,-0.09742991480185244,1.0051706308169597,95.94000244140625,-0.03081114747128999,-0.0656346953962158,0.3301064844867137,-0.21503888616971212,True,,,False,False,False,False,False,False,False,False,False,False,False,False,False,True,True,False,False,False,False,False,False,False,False,True,False,False,False,False,False,False,False,True,False,False,False,0,2,97.0,Strong public-data coverage
EXPD,Expeditors International,Transportation,Air Freight & Logistics,S&P 500,NR (to derive from financials),NR,default - no public rating available; derive from leverage/margin post-SEC pull,0000746515,True,2025-12-31,11069009000.0,810332000.0,4893638000.0,,2355633000.0,1314285000.0,1006501000.0,53101000.0,4800000.0,,462122000.0,56769000.0,40099000.0,3755622000.0,2072807000.0,2021889000.0,,1123429000.0,,,,953400000.0,0.78,0.42,0.2685701312602199,0.0732072762792044,0.19482438218764853,-0.040086536846411606,1.8118532019623632,156.69000244140625,0.0952747456690679,-0.04247125992522971,0.442124941416635,-0.05059374202863687,True,,,False,True,True,False,False,False,False,False,False,False,False,False,False,True,True,False,False,False,False,False,False,False,False,True,False,False,False,False,False,False,False,False,False,False,False,2,1,85.8,Strong public-data coverage
EXPE,Expedia Group,Consumer Discretionary,"Hotels, Resorts & Cruise Lines",S&P 500,NR (to derive from financials),BBB,default - no public rating available; derive from leverage/margin post-SEC pull,0001324424,True,2025-12-31,14733000000.0,1294000000.0,24452000000.0,,1284000000.0,5413000000.0,3880000000.0,770000000.0,245000000.0,2163000000.0,2447000000.0,887000000.0,765000000.0,12199000000.0,16657000000.0,4166000000.0,,283029000.0,6161000000.0,1692000000.0,7853000000.0,3110000000.0,0.72,0.32115982332733517,0.22137248486831343,0.08783004140365167,0.1271879600850646,-0.10575822018648781,0.7323647715675091,229.97999572753906,0.008286200271793609,-0.025252996906956815,0.5706914392265786,-0.23507701823963412,True,,,False,True,False,False,False,False,False,False,False,False,False,False,False,True,True,False,False,False,False,False,False,False,False,True,True,False,False,False,False,False,False,False,True,False,False,1,3,89.1,Strong public-data coverage
EXR,Extra Space Storage,Real Estate,Self-Storage REITs,S&P 500,NR (to derive from financials),NR,default - no public rating available; derive from leverage/margin post-SEC pull,0001289490,True,2025-12-31,3377542000.0,973999000.0,29264046000.0,14940010000.0,13433166000.0,138920000.0,1850193000.0,561723000.0,419035000.0,918148000.0,65154000.0,715177000.0,186343000.0,,,,,,560613000.0,,,1288470000.0,0.5105244162068362,0.45,0.004747122117016902,0.2883750964458769,0.04402911340420938,-0.029940972618755453,0.9,143.3000030517578,0.03190039670435629,0.032781116222487805,0.24973331982979047,-0.05099076800322233,True,,,False,False,True,False,False,False,False,True,False,False,False,False,False,True,True,False,False,False,False,False,False,False,False,True,False,False,False,False,False,False,False,False,False,True,False,2,2,84.3,Usable for demo; some stale/missing fields
F,Ford Motor Company,Autos,Automobile Manufacturers,S&P 500,BB+ shown,BB+,screenshot,0000037996,True,2025-12-31,187267000000.0,-8162000000.0,289160000000.0,253180000000.0,35952000000.0,23356000000.0,21282000000.0,8815000000.0,7613000000.0,174466000000.0,37288000000.0,15974000000.0,10849000000.0,123487000000.0,114890000000.0,15398000000.0,15285000000.0,25809000000.0,291000000.0,,,12467000000.0,0.875570618342786,0.38,0.08077189099460506,-0.0435848280796937,0.04311453866371559,-0.1018259786969152,1.0748280964400732,12.319999694824219,0.015663609117126276,-0.08363289067228241,0.33348805621192795,-0.14622318542812107,True,,,False,False,True,False,False,False,False,False,False,False,False,False,False,True,True,False,False,False,False,False,False,False,False,True,False,False,False,False,False,False,False,False,False,True,False,1,2,90.6,Strong public-data coverage
FANG,Diamondback Energy,Industrials,,Nasdaq 100; S&P 500,NR (to derive from financials),A-,default - no public rating available; derive from leverage/margin post-SEC pull,0001539838,True,2025-12-31,15026000000.0,1664000000.0,71059000000.0,28092000000.0,36972000000.0,104000000.0,8758000000.0,,244000000.0,,68621000000.0,5038000000.0,288000000.0,1915000000.0,4600000000.0,1128000000.0,86000000.0,,13726000000.0,763000000.0,14489000000.0,,0.39533345529771036,0.20390098368961004,0.00146357252424042,0.11074138160521763,0.04,-0.09983253352847633,0.41630434782608694,188.6999969482422,0.002603422862206939,0.14381743602872743,0.31801810572340083,-0.11694513176869992,True,,,False,False,False,False,False,True,False,False,False,False,False,False,False,True,True,False,False,False,False,False,False,False,False,False,False,False,False,False,False,False,False,False,False,False,False,1,0,93.6,Strong public-data coverage
FAST,Fastenal,Industrials,,Nasdaq 100; S&P 500,NR (to derive from financials),A,default - no public rating available; derive from leverage/margin post-SEC pull,0000815556,True,2025-12-31,8200500000.0,1258400000.0,5052900000.0,,3943600000.0,276800000.0,1295900000.0,245300000.0,10800000.0,4509300000.0,1131600000.0,179200000.0,2035500000.0,3472100000.0,715600000.0,1245300000.0,1748000000.0,316800000.0,125000000.0,25000000.0,150000000.0,1050600000.0,0.66,0.02968592293534406,0.054780423123354904,0.15345405767940978,0.2079202042391498,-0.007421480733836015,4.852012297372834,44.16999816894531,-0.09690132070060598,-0.045456576431485374,0.28702444965261936,-0.09690132070060598,True,,,False,True,False,False,False,False,False,False,False,False,False,False,False,True,True,False,False,False,False,False,False,False,False,True,False,False,False,False,False,False,False,False,False,False,False,1,1,92.1,Strong public-data coverage
FCX,Freeport-McMoRan,Materials,Copper,S&P 500,NR (to derive from financials),A,default - no public rating available; derive from leverage/margin post-SEC pull,0000831259,True,2025-12-31,25915000000.0,4152000000.0,58167000000.0,27401000000.0,18899000000.0,3824000000.0,5610000000.0,4494000000.0,312000000.0,18618000000.0,40736000000.0,2244000000.0,545000000.0,13790000000.0,6019000000.0,977000000.0,5018000000.0,2948000000.0,9379000000.0,466000000.0,9845000000.0,1116000000.0,0.4710746643285712,0.16925404438943042,0.06574174360032321,0.16021609106694965,0.019186136469131983,-0.02506575893547888,2.291078252201362,61.650001525878906,-0.08870577119588607,-0.028678637049374456,0.5478721451741653,-0.12379191314548132,True,,,False,False,False,False,False,False,False,False,False,False,False,False,False,True,True,False,False,False,False,False,False,False,False,True,False,False,False,False,False,False,False,True,False,False,False,0,2,97.0,Strong public-data coverage
FDS,FactSet,Financials,Financial Exchanges & Data,S&P 500,NR (to derive from financials),A-,default - no public rating available; derive from leverage/margin post-SEC pull,0001013237,True,2025-08-31,2321748000.0,597040000.0,4304272000.0,2117859000.0,2186413000.0,337651000.0,726260000.0,108806000.0,33337000.0,1097782000.0,85203000.0,157691000.0,475663000.0,729759000.0,521306000.0,270684000.0,,135262000.0,1368260000.0,0.0,1368260000.0,617454000.0,0.49203651627964035,0.3178841857577774,0.07844555362672248,0.2571510775501906,0.14345143615459247,-0.030021336941531578,1.3998668728155823,223.61000061035156,0.05675800642917084,0.10601256436486017,0.4632601031226218,-0.24301543866761255,True,,,False,False,False,False,False,False,False,False,False,False,False,False,False,True,True,False,False,False,False,False,False,False,False,False,False,False,False,False,False,False,False,False,False,False,False,0,0,100.0,Strong public-data coverage
FDX,FedEx,Transportation,Air Freight & Logistics,S&P 500,BBB bucket,BBB,demo_bucket_to_refresh,0001048911,True,2025-05-31,87926000000.0,4092000000.0,87627000000.0,,28074000000.0,5502000000.0,7036000000.0,4055000000.0,745000000.0,16654000000.0,41642000000.0,4264000000.0,,18386000000.0,15411000000.0,11368000000.0,,3692000000.0,19899000000.0,300000000.0,19899000000.0,2981000000.0,0.78,0.22708754151117805,0.06278886644527372,0.04653913518185747,0.03401919499697582,-0.03359695071153868,1.193043929660632,378.5799865722656,0.012029512835567635,0.04255300373847426,0.33017128275792634,-0.06131762449735778,True,,,False,True,False,False,False,False,False,False,False,False,False,False,False,True,True,False,False,False,False,False,False,False,False,False,True,False,False,False,False,False,False,False,False,False,True,1,2,90.6,Strong public-data coverage
FE,FirstEnergy,Utilities,Electric Utilities,S&P 500,NR (to derive from financials),A-,default - no public rating available; derive from leverage/margin post-SEC pull,0001031296,True,2025-12-31,15090000000.0,1020000000.0,55904000000.0,41978000000.0,12510000000.0,57000000.0,3700000000.0,4705000000.0,1124000000.0,,38412000000.0,1664000000.0,,2979000000.0,5271000000.0,1726000000.0,577000000.0,2002000000.0,,325000000.0,325000000.0,-1005000000.0,0.7508943903835146,0.005813537492844877,0.00101960503720664,0.06759443339960239,-0.01797724670864339,-0.04793932455638237,0.5651678998292544,44.33000183105469,-0.12916171641300034,-0.04341706777260035,0.178455177238495,-0.13721412270478128,True,,,False,False,False,False,False,False,False,False,False,False,False,False,False,True,True,False,False,False,False,False,False,False,False,True,False,True,False,False,False,False,False,False,False,False,False,0,2,97.0,Strong public-data coverage
FER,Ferrovial,Industrials,,Nasdaq 100,NR (to derive from financials),NR,default - no public rating available; derive from leverage/margin post-SEC pull,0001468522,True,,,,,,,,,,,,,,,,,,,,,,,,0.66,0.28,0.06,0.09,0.04,0.02,1.2,70.41999816894531,-0.013587354377310401,-0.04242592749170426,0.3095948175015109,-0.05324010796855305,True,,,False,True,True,True,True,True,True,True,False,False,False,False,False,True,True,False,False,False,False,False,False,False,False,False,False,False,False,False,False,False,False,False,False,False,False,7,0,55.5,Assumption-heavy; use with caution
FFIV,"F5, Inc.",Technology,Communications Equipment,S&P 500,NR (to derive from financials),NR,default - no public rating available; derive from leverage/margin post-SEC pull,0001048695,True,2025-09-30,3088072000.0,692380000.0,6319492000.0,1628778000.0,3591999000.0,1344273000.0,949666000.0,43260000.0,,573978000.0,156947000.0,92399000.0,322340000.0,2518701000.0,1612581000.0,414433000.0,77229000.0,83972000.0,0.0,0.0,,906406000.0,0.55,0.18,0.21271852231160351,0.22421109352372612,0.14343019976922194,-0.04071308263385728,1.5619066577120777,354.0299987792969,0.22159346386150514,0.2701083848127255,0.3741309088443226,0.0,True,,,False,True,True,False,False,False,False,False,False,False,False,False,False,True,True,False,False,False,True,False,False,False,False,False,False,False,False,False,False,False,False,False,False,True,True,2,3,82.8,Usable for demo; some stale/missing fields
FICO,Fair Isaac,Technology,Application Software,S&P 500,NR (to derive from financials),B-,default - no public rating available; derive from leverage/margin post-SEC pull,0000814547,True,2025-09-30,1990869000.0,651946000.0,1868133000.0,3613917000.0,-1745784000.0,134136000.0,778807000.0,8922000.0,105638000.0,353722000.0,67713000.0,14952000.0,513028000.0,705165000.0,849215000.0,529148000.0,,32315000.0,3055691000.0,399541000.0,3455232000.0,769885000.0,1.9345073396808472,1.8495642440875462,0.07180216826103923,0.3274680554069605,0.4121146620717047,-0.06790790591462172,0.8303727560158499,1126.0,0.22076824480499413,-0.17975466069102275,0.6415658101240498,-0.3896952747888789,True,,,False,False,False,False,False,False,False,False,False,False,False,False,False,True,True,False,False,False,False,False,False,False,False,False,False,False,False,False,False,False,False,False,False,False,False,0,0,100.0,Strong public-data coverage
FIS,Fidelity National Information Services,Financials,Transaction & Payment Processing Services,S&P 500,BBB area / verify,BBB,screenshot_unclear,0001136893,True,2025-12-31,10677000000.0,382000000.0,33488000000.0,19586000000.0,13899000000.0,599000000.0,2608000000.0,154000000.0,713000000.0,6741000000.0,691000000.0,1883000000.0,2263000000.0,4488000000.0,7616000000.0,1738000000.0,,2097000000.0,10353000000.0,2729000000.0,13082000000.0,2454000000.0,0.584866220735786,0.3906473960821787,0.01788700430004778,0.035777840217289504,0.07327998088867654,-0.06647157190635451,0.5892857142857143,43.4900016784668,0.0027669529522125202,-0.13295334494958222,0.364877003291237,-0.35054946682548827,True,,,False,False,False,False,False,False,False,False,False,False,False,False,False,True,True,False,False,False,False,False,False,False,False,True,False,False,False,False,False,False,True,False,False,False,False,0,2,97.0,Strong public-data coverage
FISV,Fiserv,Financials,Transaction & Payment Processing Services,S&P 500,NR (to derive from financials),NR,default - no public rating available; derive from leverage/margin post-SEC pull,0000798354,True,2025-12-31,21193000000.0,3480000000.0,80133000000.0,54324000000.0,25792000000.0,798000000.0,6062000000.0,1763000000.0,1004000000.0,745000000.0,3084000000.0,669000000.0,6883000000.0,24654000000.0,23890000000.0,3981000000.0,,797000000.0,3230000000.0,2000000.0,,4299000000.0,0.6779229530904871,0.25,0.009958444086705851,0.16420516208181946,0.05364830968514844,-0.032221431869516926,1.03197990791126,55.47999954223633,-0.010875389707472038,-0.0774858645611195,0.396834674891364,-0.20572654611021568,True,,,False,False,True,False,False,False,False,False,False,False,False,False,False,True,True,False,False,False,False,False,False,False,False,True,True,False,False,False,False,False,False,False,False,True,True,1,4,87.6,Strong public-data coverage
FITB,Fifth Third Bancorp,Financials,Regional Banks,S&P 500,NR (to derive from financials),BBB+,default - no public rating available; derive from leverage/margin post-SEC pull,0000035527,True,2025-12-31,9903000000.0,2522000000.0,214376000000.0,192652000000.0,21724000000.0,3499000000.0,4514000000.0,584000000.0,3933000000.0,,2734000000.0,65000000.0,,,,,,,13589000000.0,926000000.0,14515000000.0,3930000000.0,0.8986640295555473,0.0677081389707803,0.016321789752584245,0.2546703019287085,0.01833227600104489,-0.00929208493488077,1.0,49.33000183105469,0.0004056065140267684,-0.08382809252628043,0.2881553809365645,-0.09630320902145106,True,,,False,False,False,False,False,False,False,True,False,False,False,False,False,True,True,False,False,False,False,False,False,False,False,True,False,False,False,False,False,False,False,False,False,False,False,1,1,92.1,Strong public-data coverage
FIX,Comfort Systems USA,Industrials,Construction & Engineering,S&P 500,NR (to derive from financials),A,default - no public rating available; derive from leverage/margin post-SEC pull,0001035983,True,2025-12-31,9101641000.0,1022558000.0,6441169000.0,3992395000.0,2448774000.0,981898000.0,1186356000.0,154903000.0,9009000.0,6905742000.0,387952000.0,62400000.0,883284000.0,4110553000.0,3393850000.0,382867000.0,84066000.0,696348000.0,145226000.0,6163000.0,151389000.0,1031453000.0,0.619824600161865,0.023503342328077402,0.1524409621918009,0.11234875117574952,0.1601344414344663,-0.025429855978006476,1.2111769818937195,1952.3699951171875,0.22571635381569366,0.5217420675399072,0.5534080581351032,-0.029391145570800914,True,,,False,False,False,False,False,False,False,False,False,False,False,False,False,True,True,False,False,False,False,False,False,False,False,False,False,False,False,False,False,False,True,False,False,False,False,0,1,98.5,Strong public-data coverage
FOX,Fox Corporation (Class B),Communication Services,Broadcasting,S&P 500,NR (to derive from financials),BBB+,default - no public rating available; derive from leverage/margin post-SEC pull,0001754301,True,2025-06-30,16300000000.0,2293000000.0,23195000000.0,,11962000000.0,5351000000.0,3324000000.0,331000000.0,349000000.0,,1705000000.0,385000000.0,2168000000.0,8429000000.0,2897000000.0,2472000000.0,432000000.0,2897000000.0,6602000000.0,0.0,6602000000.0,2993000000.0,0.62,0.28463030825608965,0.23069627074800603,0.14067484662576688,0.12903643026514336,-0.04444923474886829,2.9095616154642734,56.599998474121094,0.03049611762088733,0.0027168749004875536,0.28283901100526604,-0.16020986277619687,True,,,False,True,False,False,False,False,False,False,False,False,False,False,False,True,True,False,False,False,False,False,False,False,False,True,False,False,False,False,False,False,False,False,False,False,False,1,1,92.1,Strong public-data coverage
FOXA,Fox Corporation (Class A),Communication Services,Broadcasting,S&P 500,NR (to derive from financials),BBB+,default - no public rating available; derive from leverage/margin post-SEC pull,0001754301,True,2025-06-30,16300000000.0,2293000000.0,23195000000.0,,11962000000.0,5351000000.0,3324000000.0,331000000.0,349000000.0,,1705000000.0,385000000.0,2168000000.0,8429000000.0,2897000000.0,2472000000.0,432000000.0,2897000000.0,6602000000.0,0.0,6602000000.0,2993000000.0,0.62,0.28463030825608965,0.23069627074800603,0.14067484662576688,0.12903643026514336,-0.04444923474886829,2.9095616154642734,62.939998626708984,0.031465063168498064,0.006344369507771175,0.3020412027445765,-0.16898246060089694,True,,,False,True,False,False,False,False,False,False,False,False,False,False,False,True,True,False,False,False,False,False,False,False,False,True,False,False,False,False,False,False,False,False,False,False,False,1,1,92.1,Strong public-data coverage
FRT,Federal Realty Investment Trust,Real Estate,Retail REITs,S&P 500,NR (to derive from financials),BB-,default - no public rating available; derive from leverage/margin post-SEC pull,0000034903,True,2025-12-31,1278975000.0,411077000.0,9130460000.0,5629819000.0,3248731000.0,107415000.0,622378000.0,,183614000.0,,,367842000.0,46913000.0,,,,,,4963602000.0,,4963602000.0,,0.6165975208258948,0.5436310985426802,0.011764467507661169,0.3214112863816728,0.02,-0.02314242655901236,0.9,115.68000030517578,0.060797772286821594,0.10191301241170292,0.18212896001871431,-0.009334558270327253,True,,,False,False,False,False,False,True,False,True,False,False,False,False,False,True,True,False,False,False,False,False,False,False,False,False,False,False,False,False,False,False,False,False,False,False,False,2,0,87.3,Strong public-data coverage
FSLR,First Solar,Technology,Semiconductors,S&P 500,NR (to derive from financials),A,default - no public rating available; derive from leverage/margin post-SEC pull,0001274494,True,2025-12-31,5219376000.0,1528229000.0,13321310000.0,3783317000.0,9537993000.0,2803514000.0,2057105000.0,869875000.0,12965000.0,3099037000.0,5675794000.0,91899000.0,203759000.0,6028832000.0,2254102000.0,1294040000.0,736734000.0,405775000.0,282593000.0,0.0,282593000.0,1187230000.0,0.2840048763972913,0.021213604367738607,0.21045332628697927,0.2927991775262024,0.0891226163192659,-0.03970150082837198,2.6746047871835437,219.9499969482422,0.08099471975558337,-0.009814108344887496,0.48774127904153813,-0.22713377216851316,True,,,False,False,False,False,False,False,False,False,False,False,False,False,False,True,True,False,False,False,False,False,False,False,False,True,False,False,True,False,False,False,False,False,False,False,True,0,3,95.5,Strong public-data coverage
FTNT,Fortinet,Industrials,,Nasdaq 100; S&P 500,NR (to derive from financials),A-,default - no public rating available; derive from leverage/margin post-SEC pull,0001262039,True,2025-12-31,6799600000.0,1853400000.0,10389200000.0,9151700000.0,1237500000.0,2495300000.0,2590600000.0,364800000.0,20100000.0,1328900000.0,1619000000.0,152000000.0,233400000.0,5900200000.0,5034000000.0,1691200000.0,399500000.0,230800000.0,496600000.0,499700000.0,996300000.0,2225800000.0,0.8808859199938398,0.09589766295768683,0.24018211219343163,0.27257485734454967,0.21424171254764562,-0.07095830285296269,1.1720699245133095,114.06999969482422,0.48722300174013866,0.3274758441721255,0.5475000719015372,0.0,True,,,False,False,False,False,False,False,False,False,False,False,False,False,False,True,True,False,False,False,False,False,False,False,False,False,False,False,False,False,False,False,False,False,False,False,False,0,0,100.0,Strong public-data coverage
FTV,Fortive,Industrials,Industrial Machinery & Supplies & Components,S&P 500,NR (to derive from financials),BBB,default - no public rating available; derive from leverage/margin post-SEC pull,0001659166,True,2025-12-31,4159100000.0,579200000.0,11737700000.0,,6453400000.0,375500000.0,1083200000.0,105100000.0,-120500000.0,1518000000.0,269800000.0,437600000.0,1661700000.0,1605700000.0,2246600000.0,683600000.0,291800000.0,,3206000000.0,899500000.0,4105500000.0,978100000.0,0.66,0.34977039794849074,0.03199093519173262,0.13926089779038733,0.08332978351806572,-0.042938565477052576,0.714724472536277,60.43000030517578,0.035469494057151385,-0.0033587194965279954,0.27834136755811256,-0.0254797300294195,True,,,False,True,False,False,False,False,False,False,False,False,False,False,False,True,True,False,False,False,False,False,False,False,False,False,False,False,False,False,False,False,False,False,False,False,False,1,0,93.6,Strong public-data coverage
GD,General Dynamics,Aerospace & Defense,Aerospace & Defense,S&P 500,NR (to derive from financials),A,default - no public rating available; derive from leverage/margin post-SEC pull,0000040533,True,2025-12-31,52550000000.0,4210000000.0,57249000000.0,,25622000000.0,2333000000.0,5120000000.0,1161000000.0,399000000.0,32291000000.0,7525000000.0,924000000.0,2595000000.0,24248000000.0,16796000000.0,2406000000.0,9232000000.0,2678000000.0,8074000000.0,,8074000000.0,3959000000.0,0.78,0.14103303114464882,0.040751803524952404,0.08011417697431018,0.06915404635888836,-0.01589547415675383,1.4436770659680875,346.5299987792969,0.03395496073417026,-0.03321415842826714,0.26207697410214464,-0.052371971141608964,True,,,False,True,False,False,False,False,False,False,False,False,False,False,False,True,True,False,False,False,False,False,False,False,False,True,True,False,False,False,False,False,False,False,False,False,False,1,2,90.6,Strong public-data coverage
GDDY,GoDaddy,Technology,Internet Services & Infrastructure,S&P 500,NR (to derive from financials),BBB-,default - no public rating available; derive from leverage/margin post-SEC pull,0001609711,True,2025-12-31,4951100000.0,875000000.0,8034900000.0,,215100000.0,1080900000.0,1599400000.0,23900000.0,179000000.0,775500000.0,145400000.0,116600000.0,388900000.0,1840900000.0,2995500000.0,83100000.0,,67500000.0,3765200000.0,15100000.0,3780300000.0,1575500000.0,0.55,0.4704850091475936,0.1345256319307023,0.17672840378905696,0.1960820918741988,-0.09015669143362083,0.614555166082457,91.0199966430664,0.1479378937078808,-0.07188745868967195,0.523213183019572,-0.3153817319867954,True,,,False,True,False,False,False,False,False,False,False,False,False,False,False,True,True,False,False,False,False,False,False,False,False,True,True,False,False,False,False,False,False,False,False,False,False,1,2,90.6,Strong public-data coverage
GE,GE Aerospace,Aerospace & Defense,Aerospace & Defense,S&P 500,A / BBB bucket,A,demo_bucket_to_refresh,0000040545,True,2025-12-31,45855000000.0,8704000000.0,130169000000.0,111271000000.0,18677000000.0,12392000000.0,8537000000.0,1273000000.0,12508000000.0,6761000000.0,44662000000.0,4636000000.0,4088000000.0,40596000000.0,38980000000.0,11773000000.0,11868000000.0,10078000000.0,20469000000.0,25000000.0,20494000000.0,7264000000.0,0.8548195038757308,0.1574414799222549,0.09519931780992402,0.1898157234761749,0.05580437738632086,0.001282947552796749,1.0414571575166751,297.1499938964844,-0.036322399822723894,-0.060482220922189134,0.40587323182381246,-0.1392871693470249,True,,,False,False,False,False,False,False,False,False,False,False,False,False,False,True,True,False,False,False,False,False,False,False,False,True,False,True,True,False,False,False,False,False,False,False,False,0,3,95.5,Strong public-data coverage
GEHC,GE HealthCare,Industrials,,Nasdaq 100; S&P 500,NR (to derive from financials),BB+,default - no public rating available; derive from leverage/margin post-SEC pull,0001932393,True,2025-12-31,20625000000.0,2084000000.0,36906000000.0,26307000000.0,10379000000.0,4492000000.0,1987000000.0,482000000.0,440000000.0,,2144000000.0,287000000.0,4225000000.0,12501000000.0,9105000000.0,,2234000000.0,3250000000.0,10003000000.0,508000000.0,10511000000.0,1505000000.0,0.7128109250528369,0.28480463881211726,0.12171462634801929,0.10104242424242424,0.04077927708231724,0.0026282989215845663,1.3729818780889622,63.470001220703125,-0.13268651330937342,-0.19700459472821485,0.40813830336778634,-0.27942262619917724,True,,,False,False,False,False,False,False,False,False,False,False,False,False,False,True,True,False,False,False,False,False,False,False,False,False,False,True,False,False,False,False,False,False,False,False,False,0,1,98.5,Strong public-data coverage
GEN,Gen Digital,Technology,Systems Software,S&P 500,NR (to derive from financials),B+,default - no public rating available; derive from leverage/margin post-SEC pull,0000849399,True,2025-03-28,3935000000.0,643000000.0,15495000000.0,13226000000.0,2269000000.0,1006000000.0,1221000000.0,15000000.0,578000000.0,776000000.0,60000000.0,419000000.0,291000000.0,1444000000.0,2851000000.0,171000000.0,14000000.0,94000000.0,8259000000.0,291000000.0,8550000000.0,1206000000.0,0.8535656663439819,0.5517909002904162,0.0649241690868022,0.16340533672172808,0.07783155856727977,-0.03730235559858019,0.5064889512451771,22.68000030517578,0.2677474051954942,-0.07312908453618505,0.4376086395118782,-0.18275897570816868,True,,,False,False,False,False,False,False,False,False,False,False,False,False,False,True,True,False,False,False,False,False,False,False,False,False,False,False,False,False,False,False,False,True,False,False,False,0,1,98.5,Strong public-data coverage
GEV,GE Vernova,Industrials,Heavy Electrical Equipment,S&P 500,NR (to derive from financials),A-,default - no public rating available; derive from leverage/margin post-SEC pull,0001996810,True,2025-12-31,38068000000.0,4884000000.0,63016000000.0,50720000000.0,11178000000.0,8848000000.0,4987000000.0,1277000000.0,,30533000000.0,,615000000.0,4949000000.0,40216000000.0,40972000000.0,9803000000.0,10429000000.0,,,63000000.0,63000000.0,3710000000.0,0.8048749523930431,0.000999746096229529,0.1404087850704583,0.1282967321634969,0.058873936777961156,-0.0016345055224070077,0.9815483744996583,1040.1500244140625,0.049257572458005994,0.29847418891164956,0.4976430528777647,-0.09515193348164741,True,,,False,False,False,False,False,False,False,False,False,False,False,False,False,True,True,False,False,False,False,False,False,False,False,False,False,False,False,False,False,False,False,False,False,False,False,0,0,100.0,Strong public-data coverage
GILD,Gilead Sciences,Industrials,,Nasdaq 100; S&P 500,NR (to derive from financials),BBB,default - no public rating available; derive from leverage/margin post-SEC pull,0000882095,True,2025-12-31,29443000000.0,8510000000.0,59023000000.0,,22703000000.0,7564000000.0,10019000000.0,563000000.0,944000000.0,6234000000.0,5606000000.0,370000000.0,5774000000.0,18342000000.0,11813000000.0,4913000000.0,1774000000.0,715000000.0,24937000000.0,2807000000.0,27744000000.0,9456000000.0,0.66,0.4700540467275469,0.128153431713061,0.28903304690418774,0.1602087321891466,-0.025566304660894906,1.5526961821721832,131.3300018310547,-0.05511190272228683,-0.12924683282670835,0.25718216812286115,-0.15227320407570288,True,,,False,True,False,False,False,False,False,False,False,False,False,False,False,True,True,False,False,False,False,False,False,False,False,True,False,False,False,False,False,False,False,False,False,False,False,1,1,92.1,Strong public-data coverage
GIS,General Mills,Consumer Staples,Packaged Foods & Meats,S&P 500,NR (to derive from financials),A,default - no public rating available; derive from leverage/margin post-SEC pull,0000040704,True,2025-05-25,19486600000.0,2295200000.0,33071100000.0,23859900000.0,9199200000.0,363900000.0,2918200000.0,625300000.0,524200000.0,12753600000.0,3632600000.0,539000000.0,3445800000.0,5275700000.0,7857300000.0,1795900000.0,1910800000.0,4009500000.0,6573800000.0,677000000.0,677000000.0,2292900000.0,0.7214728267278682,0.020471045716652907,0.011003565046218602,0.11778350250941673,0.06933243829204351,-0.018838200120346767,0.6714392984867575,34.68000030517578,-0.02556897565357108,-0.26683248611755384,0.2611337709334742,-0.28044565232618857,True,,,False,False,False,False,False,False,False,False,False,False,False,False,False,True,True,False,False,False,False,False,False,False,False,False,False,False,False,False,False,False,False,False,False,True,False,0,1,98.5,Strong public-data coverage
GL,Globe Life,Financials,Life & Health Insurance,S&P 500,NR (to derive from financials),BBB+,default - no public rating available; derive from leverage/margin post-SEC pull,0000320335,True,2025-12-31,5994318000.0,1161238000.0,30813692000.0,24839113000.0,5974579000.0,144704000.0,1396391000.0,142484000.0,141221000.0,,369533000.0,30000000.0,302061000.0,,,,,,2320793000.0,304656000.0,2625449000.0,1253907000.0,0.8061063568753787,0.08520397361017304,0.004696094190855156,0.19372312246363974,0.04069317626722562,-0.007631445138089912,1.0,151.0800018310547,0.03592982463482586,0.07082351231116535,0.17787142162574338,-0.021439196655736792,True,,,False,False,False,False,False,False,False,True,False,False,False,False,False,True,True,False,False,False,False,False,False,False,False,False,False,False,False,True,False,False,False,False,False,False,False,1,1,92.1,Strong public-data coverage
GLW,Corning Inc.,Technology,Electronic Components,S&P 500,NR (to derive from financials),NR,default - no public rating available; derive from leverage/margin post-SEC pull,0000024741,True,2025-12-31,15629000000.0,1596000000.0,30976000000.0,18669000000.0,11807000000.0,1526000000.0,2695000000.0,986000000.0,329000000.0,10008000000.0,14825000000.0,1237000000.0,2122000000.0,8936000000.0,5628000000.0,2779000000.0,3077000000.0,1979000000.0,3458000000.0,75000000.0,,,0.6026924070247934,0.18,0.04926394628099173,0.10211785782839593,0.08,-0.035479080578512394,1.587775408670931,186.94000244140625,0.09168416517522782,0.4254426024121283,0.7276720888926573,0.0,True,,,False,False,True,False,False,True,False,False,False,False,False,False,False,True,True,False,False,False,False,False,False,False,True,True,False,False,False,False,False,False,False,False,False,True,True,2,4,81.3,Usable for demo; some stale/missing fields
GM,General Motors,Autos,Automobile Manufacturers,S&P 500,BBB / BB bucket,BBB,demo_bucket_to_refresh,0001467858,True,2025-12-31,185019000000.0,2697000000.0,281284000000.0,218116000000.0,61119000000.0,20945000000.0,26867000000.0,9303000000.0,4121000000.0,100544000000.0,45248000000.0,11980000000.0,8554000000.0,108767000000.0,93342000000.0,13054000000.0,14467000000.0,23919000000.0,,,,17564000000.0,0.7754298147068444,0.38,0.07446210946943303,0.014576881293272583,0.06244222920606931,-0.08592739011106212,1.165252512266718,78.80000305175781,0.03114374430565814,-0.020989280571045654,0.30508349491947934,-0.08559170072669464,True,,,False,False,True,False,False,False,False,False,False,False,False,False,False,True,True,False,False,False,False,False,False,False,False,True,True,True,False,True,False,False,False,False,False,False,False,1,4,87.6,Strong public-data coverage
GNRC,Generac,Industrials,Electrical Components & Equipment,S&P 500,NR (to derive from financials),BBB+,default - no public rating available; derive from leverage/margin post-SEC pull,0001474735,True,2025-12-31,4209147000.0,159554000.0,5573679000.0,2934633000.0,2632422000.0,341413000.0,437978000.0,169850000.0,70697000.0,2597410000.0,813605000.0,194835000.0,422211000.0,2462478000.0,1215346000.0,602739000.0,1248867000.0,436583000.0,1193750000.0,50618000.0,1244368000.0,268128000.0,0.5265163279047824,0.22325792353668017,0.061254514298365585,0.03790649269317513,0.04810610729466121,-0.049953361146201636,2.0261538689393803,269.4100036621094,0.3013090143970505,0.44976592050534725,0.619288552427062,0.0,True,,,False,False,False,False,False,False,False,False,False,False,False,False,False,True,True,False,False,False,False,False,False,False,False,False,False,False,False,False,False,False,False,False,False,False,False,0,0,100.0,Strong public-data coverage
GOOG,Alphabet Inc. (Class C),Industrials,,Nasdaq 100; S&P 500,NR (to derive from financials),A,default - no public rating available; derive from leverage/margin post-SEC pull,0001652044,True,2025-12-31,402836000000.0,132170000000.0,595281000000.0,180016000000.0,415265000000.0,30708000000.0,164713000000.0,91447000000.0,308000000.0,162535000000.0,246597000000.0,21136000000.0,21482000000.0,206038000000.0,102745000000.0,62886000000.0,2670000000.0,12200000000.0,49085000000.0,1996000000.0,51081000000.0,73266000000.0,0.3024050826416432,0.08580989482278117,0.05158572170117978,0.3280987796522654,0.12307800853714464,-0.054668299508971396,2.005333592875566,397.04998779296875,0.2576016288414118,0.22481411078567892,0.3320607136309429,0.0,True,,,False,False,False,False,False,False,False,False,False,False,False,False,False,True,True,False,False,False,False,False,False,False,False,True,False,False,False,False,False,False,False,True,False,False,False,0,2,97.0,Strong public-data coverage
GOOGL,Alphabet Inc. (Class A),Industrials,,Nasdaq 100; S&P 500,AA bucket,AA,demo_bucket_to_refresh,0001652044,True,2025-12-31,402836000000.0,132170000000.0,595281000000.0,180016000000.0,415265000000.0,30708000000.0,164713000000.0,91447000000.0,308000000.0,162535000000.0,246597000000.0,21136000000.0,21482000000.0,206038000000.0,102745000000.0,62886000000.0,2670000000.0,12200000000.0,49085000000.0,1996000000.0,51081000000.0,73266000000.0,0.3024050826416432,0.08580989482278117,0.05158572170117978,0.3280987796522654,0.12307800853714464,-0.054668299508971396,2.005333592875566,400.79998779296875,0.26339679778977465,0.23668638384638863,0.3399746241910385,0.0,True,,,False,False,False,False,False,False,False,False,False,False,False,False,False,True,True,False,False,False,False,False,False,False,False,True,False,False,False,False,False,False,False,True,False,False,False,0,2,97.0,Strong public-data coverage
GPC,Genuine Parts Company,Consumer Discretionary,Distributors,S&P 500,NR (to derive from financials),BBB,default - no public rating available; derive from leverage/margin post-SEC pull,0000040987,True,2025-12-31,24300141000.0,65945000.0,20795540000.0,,4422991000.0,477179000.0,890762000.0,469838000.0,64469000.0,15359443000.0,2172140000.0,538023000.0,7151043000.0,10564734000.0,9787705000.0,2370939000.0,6071996000.0,2554759000.0,4795751000.0,943540000.0,5739291000.0,420924000.0,0.72,0.2759866298254337,0.02294621827564949,0.0027137702616622677,0.02024107092193807,-0.039663168160095866,1.0793882733490638,104.72000122070312,-0.025951082318759644,-0.2762686676711622,0.40188400395021356,-0.2919787482101983,True,,,False,True,False,False,False,False,False,False,False,False,False,False,False,True,True,False,False,False,False,False,False,False,False,True,False,False,False,False,False,False,False,False,True,False,False,1,2,90.6,Strong public-data coverage
GPN,Global Payments,Financials,Transaction & Payment Processing Services,S&P 500,NR (to derive from financials),BB+,default - no public rating available; derive from leverage/margin post-SEC pull,0001123360,True,2025-12-31,7705878000.0,1400107000.0,53338484000.0,29559003000.0,22888767000.0,8336402000.0,2656592000.0,617769000.0,16848000.0,2113381000.0,1501763000.0,1229208000.0,4120631000.0,12602671000.0,7456844000.0,784174000.0,5228000.0,2660136000.0,21551201000.0,35137000.0,21551201000.0,2038823000.0,0.5541777865302658,0.4040459980077424,0.15629244355726346,0.181693377445114,0.03822423974404672,-0.023556818750229195,1.6900810852419603,69.19000244140625,0.057304398840108295,-0.03264839094058003,0.5022157900593718,-0.1582739295035881,True,,,False,False,False,False,False,False,False,False,False,False,False,False,False,True,True,False,False,False,False,False,False,False,False,True,False,False,False,False,False,False,False,True,False,False,True,0,3,95.5,Strong public-data coverage
GRMN,Garmin,Consumer Discretionary,Consumer Electronics,S&P 500,NR (to derive from financials),NR,default - no public rating available; derive from leverage/margin post-SEC pull,0001121788,True,2025-12-27,7245519000.0,1663887000.0,10993669000.0,,8972564000.0,2278646000.0,1633359000.0,270446000.0,1246000.0,2989216000.0,1375348000.0,152611000.0,1253996000.0,6248216000.0,1720071000.0,1253015000.0,1772257000.0,347493000.0,,,,1362913000.0,0.72,0.32,0.20726892905362168,0.2296435907489857,0.12397253364641049,0.00277687094272167,3.6325337733151715,240.08999633789062,-0.0653977085623132,0.16978185213984176,0.36017692913879695,-0.10253436678475425,True,,,False,True,True,False,False,False,False,False,False,False,False,False,False,True,True,False,False,False,False,False,False,False,False,True,False,False,False,False,False,False,False,False,False,False,False,2,1,85.8,Strong public-data coverage
GS,Goldman Sachs,Financials,,Dow; S&P 500,A- shown,A-,screenshot,0000886982,True,2025-12-31,80373000000.0,17176000000.0,1809320000000.0,1684348000000.0,124972000000.0,164259000000.0,-45154000000.0,2064000000.0,66814000000.0,,7474000000.0,2182000000.0,,,,,,,236027000000.0,69709000000.0,69709000000.0,-47218000000.0,0.9309287467114717,0.03852773417637566,0.09078493577697698,0.2137036069326764,-0.02609709725200628,0.03444940640682687,1.0,936.47998046875,0.03159285422057301,-0.0023436648613867073,0.32833460261515746,-0.03530377363745896,True,,,False,False,False,False,False,False,False,True,False,False,False,False,False,True,True,False,False,False,False,False,False,False,False,False,False,False,False,False,False,False,False,False,False,True,False,1,1,92.1,Strong public-data coverage
GWW,W. W. Grainger,Industrials,Industrial Machinery & Supplies & Components,S&P 500,NR (to derive from financials),BBB+,default - no public rating available; derive from leverage/margin post-SEC pull,0000277135,True,2025-12-31,17942000000.0,1706000000.0,8962000000.0,,3736000000.0,585000000.0,2015000000.0,684000000.0,88000000.0,10933000000.0,2268000000.0,330000000.0,4514000000.0,5484000000.0,1940000000.0,2329000000.0,2394000000.0,,2488000000.0,126000000.0,2614000000.0,1331000000.0,0.66,0.2916759651863423,0.06527560812318679,0.09508416007134099,0.14851595625976344,-0.03447891095737558,2.8268041237113404,1233.7099609375,0.05259073047952345,0.036600374431688065,0.27790490018688563,-0.0003160316474783986,True,,,False,True,False,False,False,False,False,False,False,False,False,False,False,True,True,False,False,False,False,False,False,False,False,True,False,False,False,False,False,False,False,False,False,False,False,1,1,92.1,Strong public-data coverage
HAL,Halliburton,Energy,Oil & Gas Equipment & Services,S&P 500,BBB bucket,BBB,demo_bucket_to_refresh,0000045012,True,2025-12-31,20620000000.0,1283000000.0,25010000000.0,14505000000.0,10461000000.0,2206000000.0,2926000000.0,1254000000.0,-297000000.0,4142000000.0,5261000000.0,1136000000.0,239000000.0,11398000000.0,5588000000.0,4942000000.0,2976000000.0,3133000000.0,7158000000.0,0.0,7158000000.0,1672000000.0,0.5799680127948821,0.28620551779288284,0.0882047181127549,0.12,0.0668532586965214,-0.0656937225109956,2.039727988546886,39.83000183105469,0.05959036098361348,0.14678973547447982,0.32060997096226124,-0.058392374717628925,True,,,False,False,False,False,True,False,False,False,False,False,False,False,False,True,True,True,False,False,False,False,False,False,False,True,True,False,False,False,False,False,False,False,False,False,False,1,3,89.1,Strong public-data coverage
HAS,Hasbro,Consumer Discretionary,Leisure Products,S&P 500,NR (to derive from financials),B-,default - no public rating available; derive from leverage/margin post-SEC pull,0000046080,True,2025-12-28,5365900000.0,-322400000.0,5552000000.0,4986500000.0,565500000.0,776600000.0,893200000.0,63300000.0,186300000.0,1296200000.0,247800000.0,135500000.0,1173900000.0,2583700000.0,1871100000.0,1059800000.0,259800000.0,335400000.0,2767900000.0,497000000.0,3264900000.0,829900000.0,0.8981448126801153,0.5880583573487032,0.13987752161383285,-0.060083117463985536,0.14947766570605187,-0.21894812680115275,1.380845491956603,97.77999877929688,0.0659543791666719,0.017508693055701796,0.35624228920242695,-0.07066130420759287,True,,,False,False,False,False,False,False,False,False,False,False,False,False,False,True,True,False,False,False,False,False,False,False,False,True,False,False,False,False,False,False,False,False,False,False,False,0,1,98.5,Strong public-data coverage
HBAN,Huntington Bancshares,Financials,Regional Banks,S&P 500,NR (to derive from financials),A,default - no public rating available; derive from leverage/margin post-SEC pull,0000049196,True,2025-12-31,1562000000.0,2211000000.0,225106000000.0,200727000000.0,24342000000.0,13495000000.0,2482000000.0,267000000.0,3477000000.0,,1321000000.0,622000000.0,,,,,,,17221000000.0,1261000000.0,18482000000.0,2215000000.0,0.8916999102644976,0.08210354233116843,0.05994953488578714,1.4154929577464788,0.009839808801186997,-0.001203877284479312,1.0,16.1200008392334,-0.015872914215768197,-0.14294709184379706,0.28042973763886075,-0.15495569666196662,True,,,False,False,False,False,False,False,False,True,False,False,False,False,False,True,True,False,False,False,False,False,False,False,False,True,False,False,False,False,False,False,False,False,False,False,False,1,1,92.1,Strong public-data coverage
HCA,HCA Healthcare,Healthcare,Health Care Facilities,S&P 500,BB / BBB bucket,BBB,demo_bucket_to_refresh,0000860730,True,2025-12-31,75600000000.0,6784000000.0,60720000000.0,45623000000.0,-6027000000.0,1040000000.0,12636000000.0,4944000000.0,2248000000.0,,31141000000.0,3523000000.0,548000000.0,15783000000.0,16350000000.0,10867000000.0,1652000000.0,4659000000.0,44285000000.0,4698000000.0,48983000000.0,7692000000.0,0.65,0.8067028985507246,0.017127799736495388,0.08973544973544974,0.1266798418972332,-0.0963768115942029,0.9653211009174312,435.19000244140625,-0.12166225731282088,-0.12401559833057907,0.3068860045075318,-0.2004892273000719,True,,,False,True,False,False,False,False,False,False,False,False,False,False,False,True,True,False,False,False,True,False,False,False,False,False,False,False,False,False,False,False,False,False,False,False,False,1,1,92.1,Strong public-data coverage
HD,Home Depot,Consumer Discretionary,,Dow; S&P 500,A bucket,A,demo_bucket_to_refresh,0000354950,True,2026-02-01,164683000000.0,14156000000.0,105095000000.0,92282000000.0,12813000000.0,1389000000.0,16325000000.0,3679000000.0,1943000000.0,109818000000.0,28021000000.0,3514000000.0,30702000000.0,34391000000.0,32424000000.0,5597000000.0,25817000000.0,11491000000.0,49397000000.0,1042000000.0,49397000000.0,12646000000.0,0.8780817355725772,0.4700223607212522,0.013216613540130357,0.08595908503002739,0.12032922593843665,-0.02063846995575432,1.06066493955095,317.45001220703125,-0.05896123894818839,-0.1612273967389135,0.2751716948867227,-0.1827838639635737,True,,,False,False,False,False,False,False,False,False,False,False,False,False,False,True,True,False,False,False,False,False,False,False,False,True,False,False,False,False,False,False,False,False,False,False,True,0,2,97.0,Strong public-data coverage
HIG,Hartford (The),Financials,Property & Casualty Insurance,S&P 500,NR (to derive from financials),A-,default - no public rating available; derive from leverage/margin post-SEC pull,0000874766,True,2025-12-31,28368000000.0,3836000000.0,85997000000.0,67018000000.0,18979000000.0,177000000.0,5922000000.0,169000000.0,199000000.0,,931000000.0,187000000.0,5584000000.0,,,,,,4371000000.0,0.0,4371000000.0,5753000000.0,0.7793062548693559,0.05082735444259683,0.002058211332953475,0.13522278623801468,0.06689768247729572,-0.02425666011605056,1.0,132.02000427246094,-0.037965398362484915,-0.04875250824831778,0.19163235170736778,-0.0762566373552177,True,,,False,False,False,False,False,False,False,True,False,False,False,False,False,True,True,False,False,False,False,False,False,False,False,False,False,False,False,False,False,False,False,False,False,False,True,1,1,92.1,Strong public-data coverage
HII,Huntington Ingalls Industries,Aerospace & Defense,Aerospace & Defense,S&P 500,NR (to derive from financials),NR,default - no public rating available; derive from leverage/margin post-SEC pull,0001501585,True,2025-12-31,12484000000.0,605000000.0,12749000000.0,7676000000.0,5073000000.0,774000000.0,1196000000.0,402000000.0,105000000.0,4444000000.0,3726000000.0,329000000.0,977000000.0,3451000000.0,3045000000.0,339000000.0,389000000.0,556000000.0,2214000000.0,231000000.0,,794000000.0,0.6020864381520119,0.3,0.06071064397207624,0.04846203140019224,0.06227939446231077,-0.04635657698643031,1.1333333333333333,316.2799987792969,-0.19809336517170695,-0.2182042977455939,0.3771412200464915,-0.3029334822006581,True,,,False,False,True,False,False,False,False,False,False,False,False,False,False,True,True,False,False,False,False,False,False,False,False,False,True,False,False,False,False,False,False,True,False,True,True,1,4,87.6,Strong public-data coverage
HLT,Hilton Worldwide,Consumer Discretionary,"Hotels, Resorts & Cruise Lines",S&P 500,NR (to derive from financials),NR,default - no public rating available; derive from leverage/margin post-SEC pull,0001585689,True,2025-12-31,12039000000.0,1457000000.0,16774000000.0,22120000000.0,-5388000000.0,918000000.0,2129000000.0,101000000.0,569000000.0,,684000000.0,177000000.0,393000000.0,2996000000.0,4508000000.0,1690000000.0,541000000.0,376000000.0,,46000000.0,,2028000000.0,1.3187075235483485,0.32,0.05472755454870633,0.12102334080903729,0.12090139501609634,-0.04006200071539287,0.6645962732919255,316.7799987792969,-0.020560844841469583,0.009233390751967052,0.2715944067855332,-0.07614691228588566,True,,,False,False,True,False,False,False,False,False,False,False,False,False,False,True,True,False,False,False,False,False,False,False,False,False,False,False,False,False,False,False,False,True,False,False,True,1,2,90.6,Strong public-data coverage
HON,Honeywell,Industrials,,Dow; Nasdaq 100; S&P 500,A bucket,A,demo_bucket_to_refresh,0000773840,True,2025-12-31,37442000000.0,4729000000.0,73681000000.0,,13904000000.0,12487000000.0,6408000000.0,986000000.0,1344000000.0,23613000000.0,4629000000.0,1388000000.0,5450000000.0,30387000000.0,23414000000.0,7621000000.0,6162000000.0,6315000000.0,29046000000.0,5893000000.0,34939000000.0,5422000000.0,0.66,0.47419280411503645,0.16947381278755716,0.12630201378131511,0.0735874920264383,-0.02278742145193469,1.2978132741095072,213.1199951171875,-0.09326071645288192,-0.10699598344119754,0.22948034140098883,-0.14078374098592428,True,,,False,True,False,False,False,False,False,False,False,False,False,False,False,True,True,False,False,False,False,False,False,False,False,False,False,False,False,False,False,False,False,False,False,False,False,1,0,93.6,Strong public-data coverage
HOOD,Robinhood Markets,Financials,Investment Banking & Brokerage,S&P 500,NR shown,NR,screenshot,0001783879,True,2025-12-31,4473000000.0,1883000000.0,38137000000.0,28986000000.0,9151000000.0,4261000000.0,1638000000.0,28000000.0,,,154000000.0,86000000.0,628000000.0,36305000000.0,28771000000.0,,,463000000.0,,,,,0.7600492959593046,0.25,0.11172876733880484,0.4209702660406886,0.015,0.006424207462569159,1.261860901602308,77.02999877929688,0.11331111520815385,-0.11009703151673356,0.7035904241553664,-0.43806537970262727,True,,,False,False,True,False,False,True,False,False,False,False,False,False,False,True,True,False,False,False,False,False,False,False,True,False,False,False,False,False,False,False,False,False,False,False,False,2,1,85.8,Strong public-data coverage
HPE,Hewlett Packard Enterprise,Technology,"Technology Hardware, Storage & Peripherals",S&P 500,NR (to derive from financials),BB+,default - no public rating available; derive from leverage/margin post-SEC pull,0001645590,True,2025-10-31,34296000000.0,57000000.0,75906000000.0,14276000000.0,24688000000.0,5773000000.0,2919000000.0,2292000000.0,1098000000.0,5002000000.0,6002000000.0,2737000000.0,5704000000.0,24994000000.0,24643000000.0,5290000000.0,6352000000.0,7731000000.0,21748000000.0,4609000000.0,26357000000.0,627000000.0,0.55,0.3472321028640687,0.07605459383974916,0.001662001399580126,0.008260216583669275,-0.037704529286222435,1.0142433956904597,31.350000381469727,0.259542030945487,0.31962146254174484,0.4680804986318289,0.0,True,,,False,True,False,False,False,False,False,False,False,False,False,False,False,True,True,False,False,False,True,False,False,False,False,False,True,False,False,False,False,False,False,False,False,False,False,1,2,90.6,Strong public-data coverage
HPQ,HP Inc.,Technology,"Technology Hardware, Storage & Peripherals",S&P 500,BBB bucket,BBB,demo_bucket_to_refresh,0000047217,True,2025-10-31,55295000000.0,2529000000.0,41769000000.0,,-346000000.0,3690000000.0,3697000000.0,897000000.0,567000000.0,43903000000.0,3049000000.0,916000000.0,5821000000.0,22453000000.0,29258000000.0,5692000000.0,8512000000.0,18051000000.0,9723000000.0,788000000.0,10511000000.0,2800000000.0,0.55,0.2516459575283105,0.08834302951950011,0.04573650420472014,0.0670353611530082,-0.02796332208096914,0.7674140406042792,22.68000030517578,0.24205914681768914,0.18620604069801772,0.37678491999402564,-0.11253913989187336,True,,,False,True,False,False,False,False,False,False,False,False,False,False,False,True,True,False,False,False,False,False,False,False,False,True,False,False,False,False,False,False,False,False,False,False,False,1,1,92.1,Strong public-data coverage
HRL,Hormel Foods,Consumer Staples,Packaged Foods & Meats,S&P 500,NR (to derive from financials),BBB+,default - no public rating available; derive from leverage/margin post-SEC pull,0000048465,True,2025-10-26,9167519000.0,478197000.0,13393119000.0,,7901171000.0,670679000.0,845251000.0,310902000.0,73402000.0,10214344000.0,2238770000.0,263901000.0,996624000.0,3405656000.0,1380796000.0,784812000.0,1747279000.0,731578000.0,2850778000.0,6646000.0,2857424000.0,534349000.0,0.7,0.21335015391112405,0.05007638623982957,0.1,0.03989727859507557,-0.027406162821371184,2.466443993174951,20.440000534057617,-0.006657968952404336,-0.15071487630126557,0.2538726265594126,-0.19647093297110552,True,,,False,True,False,False,True,False,False,False,False,False,False,False,False,True,True,True,False,False,False,False,False,False,False,True,False,False,False,False,False,False,False,False,False,False,False,2,2,84.3,Usable for demo; some stale/missing fields
HSIC,Henry Schein,Healthcare,Health Care Distributors,S&P 500,NR (to derive from financials),A,default - no public rating available; derive from leverage/margin post-SEC pull,0001000228,True,2025-12-27,13184000000.0,398000000.0,11215000000.0,6421000000.0,3245000000.0,156000000.0,712000000.0,139000000.0,150000000.0,9079000000.0,621000000.0,311000000.0,3084000000.0,4464000000.0,3228000000.0,1651000000.0,2002000000.0,1154000000.0,1046000000.0,764000000.0,764000000.0,573000000.0,0.5725367810967454,0.06812304948729381,0.013909942041908159,0.030188106796116505,0.051092287115470356,-0.02799821667409719,1.3828996282527881,70.81999969482422,-0.059994649094416985,-0.11585516799098416,0.2614439833391504,-0.1503299221197616,True,,,False,False,False,False,False,False,False,False,False,False,False,False,False,True,True,False,False,False,False,False,False,False,False,False,False,False,False,False,False,False,False,False,False,True,False,0,1,98.5,Strong public-data coverage
HST,Host Hotels & Resorts,Real Estate,Hotel & Resort REITs,S&P 500,NR (to derive from financials),A,default - no public rating available; derive from leverage/margin post-SEC pull,0001070750,True,2025-12-31,6114000000.0,765000000.0,13049000000.0,6317000000.0,6558000000.0,768000000.0,1510000000.0,274000000.0,191000000.0,,10636000000.0,795000000.0,124000000.0,,,,,,1274000000.0,,1274000000.0,,0.48409839834470075,0.0976320024522952,0.05885508468081845,0.12512266928361138,0.02,-0.05709249750938769,0.9,22.270000457763672,0.10575973846404452,0.1518638097106868,0.2641609336732696,0.0,True,,,False,False,False,False,False,True,False,True,False,False,False,False,False,True,True,False,False,False,False,False,False,False,True,True,False,False,False,False,False,False,False,False,False,False,False,2,2,84.3,Usable for demo; some stale/missing fields
HSY,Hershey Company (The),Consumer Staples,Packaged Foods & Meats,S&P 500,NR (to derive from financials),A,default - no public rating available; derive from leverage/margin post-SEC pull,0000047111,True,2025-12-31,11692576000.0,883259000.0,13741297000.0,9104547000.0,4636750000.0,925859000.0,2277367000.0,454622000.0,224806000.0,7769885000.0,3529608000.0,503701000.0,2460569000.0,3588899000.0,3011896000.0,729547000.0,1429254000.0,1255701000.0,4528584000.0,218546000.0,218546000.0,1822745000.0,0.6625682422845529,0.015904321113210784,0.0673778465016803,0.07554015471013402,0.13264723118931204,-0.10145388750421448,1.191574675885223,185.94000244140625,-0.08091540366138539,-0.1881628033589099,0.23043660122189882,-0.21305229641935086,True,,,False,False,False,False,False,False,False,False,False,False,False,False,False,True,True,False,False,False,False,False,False,False,False,False,False,False,False,False,False,False,False,False,False,True,False,0,1,98.5,Strong public-data coverage
HUBB,Hubbell Incorporated,Industrials,Industrial Machinery & Supplies & Components,S&P 500,NR (to derive from financials),A-,default - no public rating available; derive from leverage/margin post-SEC pull,0000048898,True,2025-12-31,5844600000.0,887100000.0,8228800000.0,4370900000.0,3847900000.0,482500000.0,1029800000.0,155100000.0,60300000.0,3780500000.0,841200000.0,206100000.0,855300000.0,2594000000.0,1508700000.0,856900000.0,1083800000.0,570500000.0,2036300000.0,15000000.0,2036300000.0,874700000.0,0.531171009138635,0.24746013999611122,0.058635524013221856,0.15178113130068782,0.10629739451681898,-0.017341532179661678,1.7193610393053622,492.5799865722656,-0.08102464954404398,-0.024147553110989484,0.3461519930665997,-0.1170027639512139,True,,,False,False,False,False,False,False,False,False,False,False,False,False,False,True,True,False,False,False,False,False,False,False,False,True,False,False,False,False,False,False,False,False,False,False,True,0,2,97.0,Strong public-data coverage
HUM,Humana,Healthcare,Managed Health Care,S&P 500,NR (to derive from financials),BBB-,default - no public rating available; derive from leverage/margin post-SEC pull,0000049071,True,2025-12-31,129664000000.0,1188000000.0,48909000000.0,31172000000.0,17657000000.0,4200000000.0,921000000.0,546000000.0,493000000.0,,2231000000.0,698000000.0,15450000000.0,32733000000.0,16346000000.0,3270000000.0,,5717000000.0,12369000000.0,1694000000.0,12369000000.0,375000000.0,0.6373469095667464,0.25289823958780594,0.08587376556462001,0.009162142152023692,0.007667300496841072,0.005459117953750843,2.00250825890126,274.9599914550781,0.4309653926047241,0.4584223512048926,0.46257165059415084,-0.02674265440901813,True,,,False,False,False,False,False,False,False,False,False,False,False,False,False,True,True,False,False,False,False,False,False,False,False,True,False,False,False,False,False,False,False,False,False,False,True,0,2,97.0,Strong public-data coverage
HWM,Howmet Aerospace,Aerospace & Defense,Aerospace & Defense,S&P 500,NR (to derive from financials),BBB+,default - no public rating available; derive from leverage/margin post-SEC pull,0000004281,True,2025-12-31,8252000000.0,1508000000.0,11179000000.0,5826000000.0,5353000000.0,742000000.0,1884000000.0,453000000.0,176000000.0,19137000000.0,2593000000.0,283000000.0,370000000.0,3779000000.0,1771000000.0,779000000.0,1849000000.0,845000000.0,3050000000.0,191000000.0,3241000000.0,1431000000.0,0.521155738438143,0.28991859737006886,0.06637445209768315,0.1827435773145904,0.12800787190267465,-0.03363449324626532,2.13382269904009,270.55999755859375,0.07127550117238779,0.20221713665659746,0.3785814398907642,-0.006827750449524328,True,,,False,False,False,False,False,False,False,False,False,False,False,False,False,True,True,False,False,False,False,False,False,False,False,False,True,False,False,False,False,False,False,False,False,False,False,0,1,98.5,Strong public-data coverage
IBKR,Interactive Brokers,Financials,Investment Banking & Brokerage,S&P 500,NR (to derive from financials),NR,default - no public rating available; derive from leverage/margin post-SEC pull,0001381197,True,2025-12-31,2440000000.0,4357000000.0,203240000000.0,182768000000.0,5363000000.0,4963000000.0,15811000000.0,,3436000000.0,,60000000.0,,247000000.0,,,,,,,16000000.0,,,0.899271796890376,0.25,0.024419405628813225,1.785655737704918,0.015,-0.056357016335367056,1.0,84.41999816894531,0.1855076429477598,0.07766732718858993,0.40492582507531605,-0.030101134179958855,True,,,False,False,True,False,False,True,False,True,False,False,False,False,False,True,True,False,False,False,False,False,False,False,False,True,False,False,False,False,False,False,False,False,False,False,True,3,2,77.9,Usable for demo; some stale/missing fields
IBM,IBM,Technology,,Dow; S&P 500,NR (to derive from financials),BB,default - no public rating available; derive from leverage/margin post-SEC pull,0000051143,True,2025-12-31,67535000000.0,10593000000.0,151880000000.0,119139000000.0,32648000000.0,13587000000.0,13193000000.0,1091000000.0,1935000000.0,28239000000.0,5899000000.0,2284000000.0,20123000000.0,36944000000.0,38658000000.0,8112000000.0,1220000000.0,4756000000.0,54836000000.0,6424000000.0,61260000000.0,12102000000.0,0.7844284961811957,0.40334474585198843,0.08945878324993416,0.15685200266528468,0.07968132736370818,-0.017118777982617857,0.9556624760722231,229.75999450683594,0.002994619051178038,-0.21451492215755785,0.4405412199029073,-0.2609986778264527,True,,,False,False,False,False,False,False,False,False,False,False,False,False,False,True,True,False,False,False,False,False,False,False,False,False,False,False,False,False,False,False,False,False,False,False,False,0,0,100.0,Strong public-data coverage
ICE,Intercontinental Exchange,Financials,Financial Exchanges & Data,S&P 500,NR (to derive from financials),BBB+,default - no public rating available; derive from leverage/margin post-SEC pull,0001571949,True,2025-12-31,12640000000.0,3315000000.0,136887000000.0,107896000000.0,28915000000.0,837000000.0,4662000000.0,373000000.0,808000000.0,1646000000.0,1241000000.0,1560000000.0,293000000.0,85778000000.0,84116000000.0,1552000000.0,,1078000000.0,18609000000.0,1035000000.0,19644000000.0,4289000000.0,0.7882121750056617,0.14350522693900808,0.00611453242455456,0.2622626582278481,0.03133241286608662,-0.009840233185035832,1.0197584288363688,155.82000732421875,-0.029763378565601628,-0.07762935365354451,0.277837890765388,-0.10723376331468648,True,,,False,False,False,False,False,False,False,False,False,False,False,False,False,True,True,False,False,False,False,False,False,False,False,True,True,True,False,False,False,False,False,False,False,False,False,0,3,95.5,Strong public-data coverage
IDXX,Idexx Laboratories,Industrials,,Nasdaq 100; S&P 500,NR (to derive from financials),A,default - no public rating available; derive from leverage/margin post-SEC pull,0000874716,True,2025-12-31,4303702000.0,1059464000.0,3350759000.0,1745376000.0,1605383000.0,180070000.0,1181805000.0,124676000.0,41581000.0,1644123000.0,747380000.0,145183000.0,404794000.0,1413827000.0,1148814000.0,552378000.0,377756000.0,110408000.0,450000000.0,74995000.0,524995000.0,1057129000.0,0.5208897446817273,0.15667942695968287,0.05374006307227706,0.24617503721214898,0.31548941598008096,-0.03651142920156299,1.2306839923608173,560.1099853515625,-0.005133240938610117,-0.12454085780064506,0.3090837645011896,-0.2694344567454683,True,,,False,False,False,False,False,False,False,False,False,False,False,False,False,True,True,False,False,False,False,False,False,False,False,True,False,False,False,False,False,False,False,False,False,False,False,0,1,98.5,Strong public-data coverage
IEX,IDEX Corporation,Industrials,Industrial Machinery & Supplies & Components,S&P 500,NR (to derive from financials),BBB+,default - no public rating available; derive from leverage/margin post-SEC pull,0000832101,True,2025-12-31,3457500000.0,483200000.0,6927000000.0,2900800000.0,4027500000.0,580000000.0,680400000.0,63600000.0,51700000.0,1918700000.0,468000000.0,75800000.0,818800000.0,1643200000.0,575400000.0,511900000.0,479400000.0,,1829800000.0,700000.0,1830500000.0,616800000.0,0.4187671430633752,0.2642558105962177,0.0837303305904432,0.13975415762834417,0.08904287570376787,-0.028468312400750685,2.8557525199860967,216.9199981689453,0.07872098124889115,0.029276385143275574,0.26195527026299,-0.005820634576517714,True,,,False,False,False,False,False,False,False,False,False,False,False,False,False,True,True,False,False,False,False,False,False,False,False,True,False,False,False,False,False,False,False,False,False,False,False,0,1,98.5,Strong public-data coverage
IFF,International Flavors & Fragrances,Materials,Specialty Chemicals,S&P 500,NR (to derive from financials),BBB,default - no public rating available; derive from leverage/margin post-SEC pull,0000051253,True,2025-12-31,10890000000.0,-359000000.0,25539000000.0,,14154000000.0,590000000.0,850000000.0,594000000.0,380000000.0,6952000000.0,4029000000.0,962000000.0,1834000000.0,5594000000.0,3933000000.0,1731000000.0,2245000000.0,1287000000.0,5637000000.0,1254000000.0,6891000000.0,256000000.0,0.6,0.26982262422177844,0.02310192254982576,-0.03296602387511478,0.010023885038568464,-0.04733936332667685,1.42232392575642,81.05000305175781,0.11762281858167944,0.08444622927461531,0.49777690602470864,-0.02266968824912252,True,,,False,True,False,False,False,False,False,False,False,False,False,False,False,True,True,False,False,False,False,False,False,False,False,True,False,False,False,False,False,False,False,False,False,False,False,1,1,92.1,Strong public-data coverage
INCY,Incyte,Healthcare,Biotechnology,S&P 500,NR (to derive from financials),NR,default - no public rating available; derive from leverage/margin post-SEC pull,0000879169,True,2025-12-31,5141242000.0,1286650000.0,6957973000.0,1790495000.0,5167478000.0,3097817000.0,1413498000.0,48700000.0,2551000.0,372130000.0,730885000.0,93286000.0,1376206000.0,5023902000.0,1515170000.0,,101060000.0,209938000.0,19094000000.0,689118000.0,,,0.25732997239282185,0.3,0.4452183128620936,0.2502605401574172,0.05,-0.018230596755693072,3.31573486803461,98.55999755859375,0.025918578866235498,-0.09602862824842306,0.29302120152966593,-0.1086189940253085,True,,,False,False,True,False,False,True,False,False,False,False,False,False,False,True,True,False,False,False,False,False,False,False,True,True,False,False,False,False,False,False,False,False,False,True,True,2,4,81.3,Usable for demo; some stale/missing fields
INSM,Insmed Incorporated,Industrials,,Nasdaq 100,NR (to derive from financials),B-,default - no public rating available; derive from leverage/margin post-SEC pull,0001104506,True,2025-12-31,606423000.0,-1276775000.0,2264558000.0,1525582000.0,738976000.0,510445000.0,-935014000.0,32561000.0,83795000.0,122938000.0,102942000.0,10449000.0,701167000.0,1794208000.0,468874000.0,140857000.0,132068000.0,79907000.0,546770000.0,0.0,546770000.0,-967575000.0,0.6736776006620276,0.2414466752452355,0.22540601742150124,-2.1054198142220857,-0.4272688091892546,-0.15091730924975205,3.8266314617573163,101.3499984741211,-0.34532652882601256,-0.32225489484812275,0.6512195529248859,-0.5205997979352674,True,,,False,False,False,False,False,False,False,False,False,False,False,False,False,True,True,False,False,False,False,False,False,False,False,False,False,False,False,False,False,False,False,False,False,False,True,0,1,98.5,Strong public-data coverage
INTC,Intel,Industrials,,Nasdaq 100; S&P 500,A- shown,A-,screenshot,0000050863,True,2025-12-27,52853000000.0,-267000000.0,211429000000.0,,114281000000.0,14265000000.0,9697000000.0,14646000000.0,878000000.0,34478000000.0,105414000000.0,10757000000.0,4624000000.0,63688000000.0,31575000000.0,3839000000.0,11618000000.0,9882000000.0,46585000000.0,2499000000.0,49084000000.0,-4949000000.0,0.66,0.23215358347246592,0.06746945783218007,-0.005051747299112633,-0.023407384985030436,-0.047126931499463176,2.017038796516231,124.91999816894531,1.002564861012749,1.4864648486364773,0.8656236996070137,0.0,True,,,False,True,False,False,False,False,False,False,False,False,False,False,False,True,True,False,False,False,False,False,False,False,False,True,False,False,False,False,False,False,False,False,False,False,False,1,1,92.1,Strong public-data coverage
INTU,Intuit,Industrials,,Nasdaq 100; S&P 500,NR (to derive from financials),A,default - no public rating available; derive from leverage/margin post-SEC pull,0000896878,True,2025-07-31,18831000000.0,3869000000.0,36958000000.0,17248000000.0,19710000000.0,2884000000.0,6207000000.0,84000000.0,,322000000.0,961000000.0,172000000.0,1601000000.0,14107000000.0,10370000000.0,530000000.0,,792000000.0,5973000000.0,0.0,5973000000.0,6123000000.0,0.46669192055847175,0.16161588830564425,0.07803452567779642,0.2054590834262652,0.16567454948860869,-0.06326099897180583,1.3603664416586307,396.30999755859375,0.12928134382389933,-0.09134922781778743,0.5067985468547701,-0.4113267557747048,True,,,False,False,False,False,False,False,False,False,False,False,False,False,False,True,True,False,False,False,False,False,False,False,False,False,True,False,False,False,False,False,False,False,False,False,False,0,1,98.5,Strong public-data coverage
INVH,Invitation Homes,Real Estate,Single-Family Residential REITs,S&P 500,NR (to derive from financials),BB+,default - no public rating available; derive from leverage/margin post-SEC pull,0001687229,True,2025-12-31,2729296000.0,587924000.0,18680290000.0,9112398000.0,9530132000.0,129971000.0,1206230000.0,4027000.0,333457000.0,,56613000.0,746933000.0,95250000.0,,,,,,8380020000.0,,8380020000.0,,0.48780816571905466,0.44860224332705756,0.00695765429765812,0.21541232610900393,0.02,-0.033099379078162065,0.9,28.729999542236328,0.10415061632576039,0.09986787969472855,0.23267499802670064,-0.00828442446691846,True,,,False,False,False,False,False,True,False,True,False,False,False,False,False,True,True,False,False,False,False,False,False,False,True,True,False,False,False,False,False,False,False,False,False,False,False,2,2,84.3,Usable for demo; some stale/missing fields
IP,International Paper,Materials,Paper & Plastic Packaging Products & Materials,S&P 500,NR (to derive from financials),BBB-,default - no public rating available; derive from leverage/margin post-SEC pull,0000051434,True,2025-12-31,23634000000.0,-3516000000.0,37964000000.0,,14827000000.0,1145000000.0,1698000000.0,1857000000.0,551000000.0,16637000000.0,14443000000.0,2747000000.0,2050000000.0,10106000000.0,7899000000.0,3791000000.0,2012000000.0,3902000000.0,8839000000.0,992000000.0,9831000000.0,-159000000.0,0.6,0.25895585291328627,0.030160151722684648,-0.14876872302614877,-0.004188178274154462,-0.13734063849963124,1.2794024560070896,33.029998779296875,-0.09506852659460618,-0.29769395910530405,0.46837097535876543,-0.32182273685602225,True,,,False,True,False,False,False,False,False,False,False,False,False,False,False,True,True,False,False,False,False,False,False,False,False,False,False,False,False,False,False,False,False,False,False,False,False,1,0,93.6,Strong public-data coverage
IQV,IQVIA,Healthcare,Life Sciences Tools & Services,S&P 500,NR (to derive from financials),B+,default - no public rating available; derive from leverage/margin post-SEC pull,0001478242,True,2025-12-31,16310000000.0,1360000000.0,29944000000.0,23314000000.0,6503000000.0,1980000000.0,2654000000.0,603000000.0,729000000.0,4622000000.0,533000000.0,1144000000.0,1999000000.0,6249000000.0,8338000000.0,3400000000.0,,437000000.0,13884000000.0,1840000000.0,15724000000.0,2051000000.0,0.7785866951643067,0.5251135452845311,0.06612343040341971,0.08338442673206621,0.06849452310980497,-0.04321399946566925,0.7494603022307508,178.7100067138672,0.06794556367157067,-0.07245545018813526,0.4397780442261625,-0.2684513830881844,True,,,False,False,False,False,False,False,False,False,False,False,False,False,False,True,True,False,False,False,False,False,False,False,False,False,True,False,False,False,False,False,False,False,True,False,False,0,2,97.0,Strong public-data coverage
IR,Ingersoll Rand,Industrials,Industrial Machinery & Supplies & Components,S&P 500,NR (to derive from financials),A,default - no public rating available; derive from leverage/margin post-SEC pull,0001699150,True,2025-12-31,7650900000.0,581400000.0,18297200000.0,8143200000.0,10089800000.0,1248800000.0,1355700000.0,135600000.0,156700000.0,4314600000.0,930300000.0,505800000.0,1439300000.0,4248000000.0,2066300000.0,1518000000.0,1172900000.0,996100000.0,2778100000.0,0.0,0.0,1220100000.0,0.44505170189974425,0.0,0.06825087991605273,0.07599105987530878,0.0666823339090134,-0.04231795028747568,2.0558486183032474,75.75,-0.11278985199349434,-0.2299364106598778,0.369265526370007,-0.23282141753855445,True,,,False,False,False,False,False,False,False,False,False,False,False,False,False,True,True,False,False,False,False,False,False,False,False,True,False,False,False,False,False,False,False,False,False,True,False,0,2,97.0,Strong public-data coverage
IRM,Iron Mountain,Real Estate,Other Specialized REITs,S&P 500,NR (to derive from financials),B-,default - no public rating available; derive from leverage/margin post-SEC pull,0001020569,True,2025-12-31,6901737000.0,152254000.0,21125019000.0,,-981007000.0,158535000.0,1339999000.0,2271628000.0,260717000.0,,9546325000.0,1024435000.0,1393902000.0,1934983000.0,2619496000.0,1443669000.0,11726000.0,710662000.0,16431959000.0,216074000.0,16648033000.0,-931629000.0,0.7,0.7880718592489787,0.00750460863490821,0.02206024367488938,-0.04410074140051661,-0.05622456481577602,0.7386852279980577,128.83999633789062,0.17801950354177043,0.3379727987859513,0.36970463654482566,-0.02438286597176742,True,,,False,True,False,False,False,False,False,False,False,False,False,False,False,True,True,False,False,False,False,False,False,False,False,True,False,False,False,False,False,False,False,True,False,False,False,1,2,90.6,Strong public-data coverage
ISRG,Intuitive Surgical,Industrials,,Nasdaq 100; S&P 500,NR (to derive from financials),NR,default - no public rating available; derive from leverage/margin post-SEC pull,0001035267,True,2025-12-31,10064700000.0,2856000000.0,20458700000.0,2517000000.0,17824000000.0,3368000000.0,3030500000.0,539800000.0,,3422400000.0,5342400000.0,600000000.0,2385000000.0,9779500000.0,2006200000.0,1527300000.0,1840000000.0,255100000.0,,,,2490700000.0,0.1230283449095006,0.28,0.16462434074501311,0.28376404661837906,0.12174282823444305,-0.008529378699526363,4.874638620277141,450.05999755859375,-0.0012427268311698825,-0.08680301740357721,0.2773366117992626,-0.24085347711487826,True,,,False,False,True,False,False,False,False,False,False,False,False,False,False,True,True,False,False,False,False,False,False,False,False,False,False,False,False,False,False,False,False,False,False,False,False,1,0,93.6,Strong public-data coverage
IT,Gartner,Technology,IT Consulting & Other Services,S&P 500,NR (to derive from financials),B+,default - no public rating available; derive from leverage/margin post-SEC pull,0000749251,True,2025-12-31,6497226000.0,729231000.0,8085400000.0,7765492000.0,319908000.0,1722521000.0,1290365000.0,,132772000.0,2053575000.0,214183000.0,200309000.0,3067631000.0,4066337000.0,4072092000.0,1684522000.0,,49778000.0,2976674000.0,5000000.0,2981674000.0,,0.9604338684542508,0.3687726024686472,0.2130409132510451,0.11223728403475576,0.08,-0.06940089544116555,0.9985867215180797,158.64999389648438,0.10388249755755341,-0.006885797205105626,0.4313400506754338,-0.37684121065807763,True,,,False,False,False,False,False,True,False,False,False,False,False,False,False,True,True,False,False,False,False,False,False,False,False,True,False,False,False,False,False,False,False,False,False,False,False,1,1,92.1,Strong public-data coverage
ITW,Illinois Tool Works,Industrials,Industrial Machinery & Supplies & Components,S&P 500,NR (to derive from financials),BB+,default - no public rating available; derive from leverage/margin post-SEC pull,0000049826,True,2025-12-31,16044000000.0,3066000000.0,16148000000.0,,3226000000.0,851000000.0,3126000000.0,419000000.0,266000000.0,8969000000.0,2230000000.0,317000000.0,,6200000000.0,5126000000.0,3227000000.0,1659000000.0,522000000.0,7682000000.0,999000000.0,8681000000.0,2707000000.0,0.66,0.5375897944017834,0.05270002477086946,0.19109947643979058,0.16763685905375278,-0.003715630418627694,1.2095200936402652,254.75999450683594,-0.05825815151145608,-0.11772614701486073,0.21898056202059266,-0.1442886068376953,True,,,False,True,False,False,False,False,False,False,False,False,False,False,False,True,True,False,False,False,False,False,False,False,False,True,False,False,False,False,False,False,False,False,False,False,False,1,1,92.1,Strong public-data coverage
IVZ,Invesco,Financials,Asset Management & Custody Banks,S&P 500,NR (to derive from financials),A,default - no public rating available; derive from leverage/margin post-SEC pull,0000914208,True,2025-12-31,6377100000.0,-174800000.0,27094000000.0,14089100000.0,12231000000.0,1037500000.0,1525300000.0,84300000.0,70500000.0,,378900000.0,155900000.0,576500000.0,3907600000.0,2713000000.0,449400000.0,,287900000.0,1825100000.0,0.0,1825100000.0,1441000000.0,0.52000811987894,0.06736177751531705,0.038292610910164615,-0.02741057847610983,0.05318520705691297,-0.06274820993577913,1.0,27.59000015258789,0.17005938260629083,0.03431283554589326,0.36470468773796416,-0.05527616070702579,True,,,False,False,False,False,False,False,False,True,False,False,False,False,False,True,True,False,False,False,False,False,False,False,False,True,False,False,False,False,True,True,True,False,True,False,True,1,6,84.6,Usable for demo; some stale/missing fields
J,Jacobs Solutions,Industrials,Construction & Engineering,S&P 500,NR (to derive from financials),BBB+,default - no public rating available; derive from leverage/margin post-SEC pull,0000052988,True,2025-09-26,14984646000.0,289336000.0,11252535000.0,,3640807000.0,1235448000.0,686704000.0,79232000.0,168108000.0,9044849000.0,311872000.0,82059000.0,2121300000.0,4359319000.0,3350899000.0,2989067000.0,,1261489000.0,2236456000.0,0.0,2236456000.0,607472000.0,0.66,0.19875130359514545,0.109792860008878,0.09,0.05398534641305271,-0.03531364265918746,1.300940135766551,118.43000030517578,-0.036135772297195334,-0.21345501390438693,0.37863588752340277,-0.2304677399269317,True,,,False,True,False,False,True,False,False,False,False,False,False,False,False,True,True,True,False,False,False,False,False,False,False,True,False,False,False,False,False,False,False,False,False,False,False,2,2,84.3,Usable for demo; some stale/missing fields
JBHT,J.B. Hunt,Transportation,Cargo Ground Transportation,S&P 500,NR (to derive from financials),A-,default - no public rating available; derive from leverage/margin post-SEC pull,0000728535,True,2025-12-31,7189568000.0,598282000.0,7927155000.0,4362070000.0,3565085000.0,17284000.0,1678272000.0,730687000.0,79020000.0,,5538101000.0,714785000.0,281508000.0,1604190000.0,1935343000.0,1160371000.0,42209000.0,,766938000.0,699859000.0,1466797000.0,947585000.0,0.5502692958570887,0.18503447958315436,0.002180353481166951,0.06,0.11953658027375522,-0.13623929392070674,0.8288918295103245,245.39999389648438,0.08287889436632145,0.08656387644364227,0.352343629499805,-0.03095344760215335,True,,,False,False,False,False,True,False,False,False,False,False,False,False,False,True,True,True,False,False,False,False,False,False,False,False,False,False,False,False,False,False,False,False,False,False,False,1,1,92.1,Strong public-data coverage
JBL,Jabil,Technology,Electronic Manufacturing Services,S&P 500,NR (to derive from financials),BB+,default - no public rating available; derive from leverage/margin post-SEC pull,0000898293,True,2025-08-31,29802000000.0,657000000.0,18543000000.0,17026000000.0,1513000000.0,1933000000.0,1640000000.0,468000000.0,151000000.0,27156000000.0,2847000000.0,674000000.0,1122000000.0,13720000000.0,13714000000.0,3647000000.0,4681000000.0,7937000000.0,2885000000.0,499000000.0,3384000000.0,1172000000.0,0.9181901526182387,0.1824947419511406,0.10424418918190152,0.022045500301993155,0.06320444372539502,-0.05301191824408132,1.0004375091147732,355.1499938964844,0.18580966242565733,0.3357710154382836,0.4823689578176994,-0.04616748834526685,True,,,False,False,False,False,False,False,False,False,False,False,False,False,False,True,True,False,False,False,False,False,False,False,False,True,False,False,False,False,False,False,True,False,False,False,False,0,2,97.0,Strong public-data coverage
JCI,Johnson Controls,Industrials,Building Products,S&P 500,NR (to derive from financials),BBB+,default - no public rating available; derive from leverage/margin post-SEC pull,0000833444,True,2025-09-30,23596000000.0,3291000000.0,37939000000.0,8245000000.0,12927000000.0,379000000.0,2554000000.0,434000000.0,225000000.0,15004000000.0,2193000000.0,865000000.0,5764000000.0,10162000000.0,10941000000.0,6269000000.0,1820000000.0,3614000000.0,9195000000.0,723000000.0,9918000000.0,2120000000.0,0.66,0.26141964732860645,0.009989720340546668,0.13947279199864385,0.0558791744642716,0.019425920556683098,0.9287999268805411,139.52000427246094,-0.021118322687259772,0.006835207673085986,0.2945402592103075,-0.0445798436023741,True,,,False,True,False,False,False,False,False,False,False,False,False,False,False,True,True,False,False,False,True,False,False,False,False,True,False,False,False,False,False,False,False,False,False,False,False,1,2,90.6,Strong public-data coverage
JKHY,Jack Henry & Associates,Financials,Transaction & Payment Processing Services,S&P 500,NR (to derive from financials),A,default - no public rating available; derive from leverage/margin post-SEC pull,0000779152,True,2025-06-30,2375288000.0,455748000.0,3043970000.0,913138000.0,2130832000.0,101953000.0,641504000.0,53358000.0,15073000.0,1360747000.0,220964000.0,43700000.0,283055000.0,681464000.0,535784000.0,317977000.0,,28186000.0,0.0,0.0,0.0,588146000.0,0.2999825885274822,0.0,0.0334934312756039,0.19187062789859588,0.1932167531217456,-0.06102425450973564,1.2719006166664177,145.83999633789062,-0.009239134772738855,-0.14682847858307635,0.2710151135519637,-0.2400306285045466,True,,,False,False,False,False,False,False,False,False,False,False,False,False,False,True,True,False,False,False,False,False,False,False,False,True,False,False,False,False,False,False,False,False,False,False,False,0,1,98.5,Strong public-data coverage
JNJ,Johnson & Johnson,Healthcare,,Dow; S&P 500,AAA / AA bucket,AAA,demo_bucket_to_refresh,0000200406,True,2025-12-28,94193000000.0,26804000000.0,199210000000.0,117666000000.0,81544000000.0,19709000000.0,24530000000.0,4832000000.0,772000000.0,30256000000.0,23169000000.0,7503000000.0,23676000000.0,55624000000.0,54126000000.0,17178000000.0,14191000000.0,11991000000.0,41438000000.0,8495000000.0,49933000000.0,19698000000.0,0.5906631193213192,0.2506550875960042,0.09893579639576326,0.2845646704107524,0.09888057828422268,0.011415089603935545,1.027676163027011,221.32000732421875,-0.07187787849983185,-0.067647613337671,0.16013603359229797,-0.10959120736213257,True,,,False,False,False,False,False,False,False,False,False,False,False,False,False,True,True,False,False,False,False,False,False,False,False,True,False,False,False,False,False,False,False,False,False,False,False,0,1,98.5,Strong public-data coverage
JPM,JPMorgan Chase,Financials,,Dow; S&P 500,A+ shown,A+,screenshot,0000019617,True,2025-12-31,182447000000.0,57048000000.0,4424900000000.0,4062462000000.0,362438000000.0,343338000000.0,-147782000000.0,,81321000000.0,,27734000000.0,,,,,,,,267889000000.0,64776000000.0,64776000000.0,,0.9180912562995774,0.014638974892087956,0.07759226197202197,0.31268258727192005,0.015,0.046290311645460915,1.0,302.1000061035156,-0.02507499640529376,-0.057292597644396426,0.22983447322017453,-0.09253729509879849,True,,,False,False,False,False,False,True,False,True,False,False,False,False,False,True,True,False,False,False,False,False,False,False,False,True,False,True,False,False,False,False,False,False,False,True,False,2,3,82.8,Usable for demo; some stale/missing fields
KDP,Keurig Dr Pepper,Industrials,,Nasdaq 100; S&P 500,NR (to derive from financials),BBB+,default - no public rating available; derive from leverage/margin post-SEC pull,0001418135,True,2025-12-31,16603000000.0,2079000000.0,55459000000.0,29943000000.0,25516000000.0,1026000000.0,1991000000.0,486000000.0,496000000.0,7604000000.0,3230000000.0,455000000.0,5351000000.0,5266000000.0,8290000000.0,1671000000.0,1733000000.0,2996000000.0,13036000000.0,895000000.0,13931000000.0,1505000000.0,0.539912367695054,0.25119457617338936,0.018500153266376964,0.1252183340360176,0.027137164391712796,0.0015867577850303828,0.6352231604342582,28.829999923706055,0.0850583460609553,0.020155794355554146,0.2893076682557946,-0.0626928613533908,True,,,False,False,False,False,False,False,False,False,False,False,False,False,False,True,True,False,False,False,False,False,False,False,False,True,False,False,False,False,False,False,False,False,False,False,False,0,1,98.5,Strong public-data coverage
KEY,KeyCorp,Financials,Regional Banks,S&P 500,NR (to derive from financials),BBB+,default - no public rating available; derive from leverage/margin post-SEC pull,0000091576,True,2025-12-31,7513000000.0,1829000000.0,184381000000.0,164000000000.0,20381000000.0,1287000000.0,2208000000.0,107000000.0,4014000000.0,,628000000.0,87000000.0,,,,,,,9917000000.0,343000000.0,9917000000.0,2101000000.0,0.88946258020078,0.053785368340555695,0.006980111833648803,0.24344469586050846,0.011394883420742918,-0.002055526328634729,1.0,21.600000381469727,0.006523825860662136,-0.0519833548656814,0.26489687842935244,-0.06015234589675755,True,,,False,False,False,False,False,False,False,True,False,False,False,False,False,True,True,False,False,False,False,False,False,False,False,True,False,False,False,False,False,False,False,False,False,False,True,1,2,90.6,Strong public-data coverage
KEYS,Keysight Technologies,Technology,Electronic Equipment & Instruments,S&P 500,NR (to derive from financials),A-,default - no public rating available; derive from leverage/margin post-SEC pull,0001601046,True,2025-10-31,5375000000.0,850000000.0,11301000000.0,5420000000.0,5881000000.0,1873000000.0,1409000000.0,128000000.0,96000000.0,2038000000.0,795000000.0,131000000.0,1474000000.0,4348000000.0,1850000000.0,939000000.0,1050000000.0,355000000.0,2534000000.0,0.0,2534000000.0,1281000000.0,0.47960357490487565,0.22422794442969649,0.16573754534996904,0.15813953488372093,0.11335280063711176,-0.04946464914609327,2.3502702702702702,360.29998779296875,0.11141956916913065,0.5271478785153811,0.5848311064508546,-0.01739938095955429,True,,,False,False,False,False,False,False,False,False,False,False,False,False,False,True,True,False,False,False,False,False,False,False,False,False,False,False,False,False,False,False,False,False,False,False,False,0,0,100.0,Strong public-data coverage
KHC,Kraft Heinz,Industrials,,Nasdaq 100; S&P 500,BBB / BB bucket,BBB,demo_bucket_to_refresh,0001637459,True,2025-12-27,26232000000.0,-5846000000.0,81786000000.0,39997000000.0,41664000000.0,2615000000.0,4462000000.0,801000000.0,947000000.0,16633000000.0,7318000000.0,968000000.0,12978000000.0,10127000000.0,8778000000.0,2254000000.0,3167000000.0,,13636000000.0,0.0,,3661000000.0,0.4890445797569266,0.28,0.03197368742816619,0.09,0.04476316239943266,-0.1260362409214291,1.1536796536796536,23.959999084472656,0.039028605350121204,-0.008861586646440878,0.2625454954159613,-0.044994854335931866,True,,,False,False,True,False,True,False,False,False,False,False,False,False,False,True,True,True,False,False,False,False,False,False,False,False,False,False,False,False,False,False,False,False,False,True,True,2,3,82.8,Usable for demo; some stale/missing fields
KIM,Kimco Realty,Real Estate,Retail REITs,S&P 500,NR (to derive from financials),BBB,default - no public rating available; derive from leverage/margin post-SEC pull,0000879101,True,2025-12-31,2140116000.0,584741000.0,19688250000.0,9120372000.0,10391836000.0,211648000.0,1120015000.0,18400000.0,330196000.0,,6708373000.0,627090000.0,133015000.0,,,,,142116000.0,7718700000.0,,7718700000.0,1101615000.0,0.4632393432631138,0.3920460172945793,0.010749965080695338,0.27322864741911185,0.05595291607938745,-0.02718748492120935,0.9,23.479999542236328,0.01337934678125241,0.09111080601283117,0.1711828924374406,-0.029351011829109486,True,,,False,False,False,False,False,False,False,True,False,False,False,False,False,True,True,False,False,False,False,False,False,False,False,False,False,True,False,False,False,False,False,False,True,False,False,1,2,90.6,Strong public-data coverage
KKR,KKR & Co.,Financials,Asset Management & Custody Banks,S&P 500,NR (to derive from financials),NR,default - no public rating available; derive from leverage/margin post-SEC pull,0001404912,True,2025-12-31,19464307000.0,2370463000.0,410144072000.0,328512161000.0,30902561000.0,17151790000.0,477760000.0,194569000.0,2772088000.0,,760606000.0,18600000.0,,,,,,,36914472000.0,,,,0.8009677170221298,0.25,0.041818939175110155,0.1217851218643438,0.015,0.004614727187864854,1.0,102.5199966430664,0.12387629106716846,-0.04271810050208946,0.4303403151152226,-0.2806138083592803,True,,,False,False,True,False,False,True,False,True,False,False,False,False,False,True,True,False,False,False,False,False,False,False,True,True,False,True,True,False,False,False,False,False,False,True,False,3,5,73.4,Usable for demo; some stale/missing fields
KLAC,KLA Corporation,Industrials,,Nasdaq 100; S&P 500,NR (to derive from financials),BBB,default - no public rating available; derive from leverage/margin post-SEC pull,0000319201,True,2025-06-30,12156162000.0,4061643000.0,16067926000.0,11375473000.0,4692453000.0,2078908000.0,4081903000.0,335259000.0,296940000.0,4751867000.0,1252775000.0,394088000.0,1029734000.0,10698789000.0,4085795000.0,2263915000.0,3212149000.0,458509000.0,5884257000.0,0.0,5884257000.0,3746644000.0,0.7079615004450481,0.3662113579562166,0.12938247288417934,0.33412215138297763,0.23317533326952092,-0.0012608970193166188,2.618532990519593,1869.18994140625,0.075928986625583,0.29959080774244407,0.4783826480005258,-0.03401036619832043,True,,,False,False,False,False,False,False,False,False,False,False,False,False,False,True,True,False,False,False,False,False,False,False,False,True,False,False,False,False,False,False,False,False,False,False,False,0,1,98.5,Strong public-data coverage
KMB,Kimberly-Clark,Consumer Staples,Household Products,S&P 500,NR (to derive from financials),NR,default - no public rating available; derive from leverage/margin post-SEC pull,0000055785,True,2025-12-31,16447000000.0,2021000000.0,17098000000.0,,1502000000.0,688000000.0,2777000000.0,1138000000.0,256000000.0,10524000000.0,6775000000.0,805000000.0,,5310000000.0,7125000000.0,1892000000.0,1475000000.0,3388000000.0,7402000000.0,963000000.0,,1639000000.0,0.7,0.3,0.04023862440051468,0.12287955250197605,0.0958591648145982,-0.044215697742426015,0.7452631578947368,98.30999755859375,0.010587981005568015,-0.049433670500179216,0.2439780116036093,-0.1069249369769405,True,,,False,True,True,False,False,False,False,False,False,False,False,False,False,True,True,False,False,False,False,False,False,False,False,False,False,False,False,False,False,False,False,False,False,True,True,2,2,84.3,Usable for demo; some stale/missing fields
KMI,Kinder Morgan,Energy,Oil & Gas Storage & Transportation,S&P 500,NR (to derive from financials),BB+,default - no public rating available; derive from leverage/margin post-SEC pull,0001506307,True,2025-12-31,16937000000.0,3056000000.0,72748000000.0,40299000000.0,31162000000.0,63000000.0,5917000000.0,3026000000.0,1807000000.0,9255000000.0,39331000000.0,2453000000.0,744000000.0,2754000000.0,4322000000.0,1370000000.0,574000000.0,1408000000.0,30777000000.0,1000000000.0,30777000000.0,2891000000.0,0.5539533732886127,0.42306317699455653,0.000866003189091109,0.18043337072681112,0.03973992412162534,-0.03932754165062957,0.6372049976862564,31.40999984741211,-0.02997554187856888,0.022923509290480704,0.18933075425202928,-0.06955092808812857,True,,,False,False,False,False,False,False,False,False,False,False,False,False,False,True,True,False,False,False,False,False,False,False,False,True,True,False,False,False,False,False,True,False,False,False,True,0,4,94.0,Strong public-data coverage
KO,Coca-Cola,Consumer Staples,,Dow; S&P 500,A+ / AA bucket,AA,demo_bucket_to_refresh,0000021344,True,2025-12-31,47941000000.0,13107000000.0,104816000000.0,,32169000000.0,10270000000.0,7408000000.0,2112000000.0,1654000000.0,18397000000.0,9613000000.0,1050000000.0,14521000000.0,31044000000.0,21281000000.0,3038000000.0,4425000000.0,14813000000.0,37507000000.0,1960000000.0,,5296000000.0,0.7,0.3,0.09798122424057396,0.2733985523873094,0.05052663715463288,0.05437147000457945,1.4587660354306657,78.41999816894531,0.012262771824874008,0.012687029046805742,0.1745745872695103,-0.03188798432133133,True,,,False,True,True,False,False,False,False,False,False,False,False,False,False,True,True,False,False,False,False,False,False,False,False,False,False,False,False,False,False,False,False,False,False,True,True,2,2,84.3,Usable for demo; some stale/missing fields
KR,Kroger,Consumer Staples,Food Retail,S&P 500,NR (to derive from financials),BB-,default - no public rating available; derive from leverage/margin post-SEC pull,0000056873,True,2026-01-31,147642000000.0,1016000000.0,49953000000.0,44017000000.0,5927000000.0,3334000000.0,7311000000.0,3855000000.0,441000000.0,95662000000.0,24260000000.0,3332000000.0,,14505000000.0,18108000000.0,2192000000.0,5256000000.0,10488000000.0,15875000000.0,1366000000.0,17241000000.0,3456000000.0,0.8811682982003083,0.34514443576962345,0.06674273817388345,0.006881510681242465,0.06918503393189598,-0.1260184573499089,0.8010271703114645,65.63999938964844,-0.03456388510012531,-0.058927416279801914,0.2990100478923905,-0.13174602229498855,True,,,False,False,False,False,False,False,False,False,False,False,False,False,False,True,True,False,False,False,False,False,False,False,False,True,True,False,False,False,False,False,False,True,False,False,False,0,3,95.5,Strong public-data coverage
KVUE,Kenvue,Consumer Staples,Personal Care Products,S&P 500,NR (to derive from financials),A,default - no public rating available; derive from leverage/margin post-SEC pull,0001944048,True,2025-12-28,15124000000.0,1470000000.0,27076000000.0,16311000000.0,10765000000.0,1062000000.0,2197000000.0,475000000.0,250000000.0,6332000000.0,2212000000.0,557000000.0,6088000000.0,5697000000.0,5945000000.0,2382000000.0,1666000000.0,2473000000.0,7687000000.0,750000000.0,750000000.0,1722000000.0,0.6024154232530654,0.02769980794799823,0.03922292805436549,0.09719650886008992,0.06359875904860393,-0.02685034717092628,0.9582842724978974,17.59000015258789,0.01383283952976111,-0.021341802802977372,0.20731556939581133,-0.0800209529021575,True,,,False,False,False,False,False,False,False,False,False,False,False,False,False,True,True,False,False,False,False,False,False,False,False,True,False,False,False,False,False,False,False,False,False,True,False,0,2,97.0,Strong public-data coverage
L,Loews Corporation,Financials,Multi-line Insurance,S&P 500,NR (to derive from financials),NR,default - no public rating available; derive from leverage/margin post-SEC pull,0000060086,True,2025-12-31,18454000000.0,1667000000.0,86348000000.0,66707000000.0,18686000000.0,495000000.0,3279000000.0,579000000.0,437000000.0,1082000000.0,10695000000.0,607000000.0,,,,,,,11533000000.0,19000000.0,,2700000000.0,0.7725367119099458,0.25,0.005732616852735442,0.09033271919367075,0.03126881919673878,-0.018668643164867743,1.0,104.5,-0.0454005770099799,-0.057166373120126734,0.192675248057499,-0.0720184758582273,True,,,False,False,True,False,False,False,False,True,False,False,False,False,False,True,True,False,False,False,False,False,False,False,False,False,True,False,False,False,False,False,False,False,False,True,True,2,3,82.8,Usable for demo; some stale/missing fields
LDOS,Leidos,Industrials,Diversified Support Services,S&P 500,NR (to derive from financials),NR,default - no public rating available; derive from leverage/margin post-SEC pull,0001336920,True,2026-01-02,17174000000.0,1448000000.0,13493000000.0,8531000000.0,4916000000.0,1108000000.0,1750000000.0,125000000.0,185000000.0,14075000000.0,961000000.0,290000000.0,999000000.0,4814000000.0,2827000000.0,2708000000.0,342000000.0,627000000.0,1333000000.0,18000000.0,,1625000000.0,0.632253761209516,0.28,0.08211665307937449,0.0843134971468499,0.12043281701623064,-0.022381975839324095,1.7028652281570569,130.11000061035156,-0.14894036855843173,-0.3296711218528644,0.41958302435835043,-0.34237878272087974,True,,,False,False,True,False,False,False,False,False,False,False,False,False,False,True,True,False,False,False,False,False,False,False,False,True,False,False,False,False,False,False,False,False,False,True,True,1,3,89.1,Strong public-data coverage
LEN,Lennar,Consumer Discretionary,Homebuilding,S&P 500,NR (to derive from financials),A-,default - no public rating available; derive from leverage/margin post-SEC pull,0000920760,True,2025-11-30,34186934000.0,2078179000.0,34430437000.0,12289828000.0,21959417000.0,3756305000.0,216812000.0,188629000.0,4626000.0,,642838000.0,43666000.0,2678337000.0,,,,,,5874995000.0,,5874995000.0,28183000.0,0.35694661673913697,0.17063376221451967,0.10909838292206399,0.060788691960501635,0.0008185490065083983,0.05406167223494723,1.05,88.37999725341797,-0.0013650027064708858,-0.22117324391996207,0.3758631147144941,-0.32963950976327727,True,,,False,False,False,False,False,False,False,True,False,False,False,False,False,True,True,False,False,False,False,False,False,False,False,True,False,False,True,False,False,False,False,False,False,False,False,1,2,90.6,Strong public-data coverage
LH,Labcorp,Healthcare,Health Care Services,S&P 500,NR (to derive from financials),BBB,default - no public rating available; derive from leverage/margin post-SEC pull,0000920148,True,2025-12-31,13951700000.0,876500000.0,18392700000.0,9756000000.0,8619800000.0,532300000.0,1640500000.0,434500000.0,224100000.0,9939200000.0,3081500000.0,681100000.0,2216300000.0,4020500000.0,2823500000.0,2103800000.0,534700000.0,840800000.0,5084600000.0,500100000.0,5584700000.0,1206000000.0,0.530427832781484,0.30363676893550157,0.028940829785730208,0.06282388526129433,0.06556949224420558,-0.04153821896730768,1.4239419160616256,254.1199951171875,-0.026098945118415373,-0.07026128246938124,0.2479304004816706,-0.12119178452439217,True,,,False,False,False,False,False,False,False,False,False,False,False,False,False,True,True,False,False,False,False,False,False,False,False,False,False,False,False,False,False,False,False,False,False,False,False,0,0,100.0,Strong public-data coverage
LHX,L3Harris,Aerospace & Defense,Aerospace & Defense,S&P 500,NR (to derive from financials),BBB+,default - no public rating available; derive from leverage/margin post-SEC pull,0000202058,True,2026-01-02,21865000000.0,1606000000.0,41195000000.0,21560000000.0,19635000000.0,1069000000.0,3106000000.0,424000000.0,270000000.0,16240000000.0,2665000000.0,1224000000.0,3430000000.0,8593000000.0,7226000000.0,1371000000.0,1219000000.0,2461000000.0,10443000000.0,0.0,10443000000.0,2682000000.0,0.5233644859813084,0.25350163854836755,0.02594975118339604,0.0734507203292934,0.06510498846947445,-0.03641218594489622,1.1891779684472736,299.6400146484375,-0.15257779419160522,-0.14237378917319188,0.27467465456675205,-0.20554913017916843,True,,,False,False,False,False,False,False,False,False,False,False,False,False,False,True,True,False,False,False,False,False,False,False,False,True,False,False,False,False,False,False,False,False,False,False,False,0,1,98.5,Strong public-data coverage
LII,Lennox International,Industrials,Building Products,S&P 500,NR (to derive from financials),A,default - no public rating available; derive from leverage/margin post-SEC pull,0001069202,True,2025-12-31,5195300000.0,805800000.0,4081800000.0,2918700000.0,1163100000.0,34200000.0,757600000.0,118800000.0,40900000.0,3460500000.0,887200000.0,112500000.0,681400000.0,1903800000.0,1191800000.0,578800000.0,1152600000.0,438000000.0,,18300000.0,18300000.0,638800000.0,0.7150521828605028,0.004483316184036455,0.008378656475084522,0.1551017265605451,0.1564995835170758,0.011808515850850115,1.597415673770767,521.25,0.031544997166927935,-0.012298161012275988,0.4165419498566787,-0.08274426175453553,True,,,False,False,False,False,False,False,False,False,False,False,False,False,False,True,True,False,False,False,False,False,False,False,False,False,False,False,False,False,False,False,False,False,False,False,False,0,0,100.0,Strong public-data coverage
LIN,Linde plc,Industrials,,Nasdaq 100; S&P 500,NR (to derive from financials),BBB,default - no public rating available; derive from leverage/margin post-SEC pull,0001707925,True,2025-12-31,33986000000.0,6898000000.0,86817000000.0,47076000000.0,38245000000.0,5056000000.0,10350000000.0,5261000000.0,77000000.0,,28260000000.0,3763000000.0,3433000000.0,13325000000.0,15198000000.0,4966000000.0,2055000000.0,2810000000.0,22479000000.0,4510000000.0,26989000000.0,5089000000.0,0.5422440305470126,0.31087229459668037,0.05823744197564993,0.20296592714647207,0.05861755186196252,-0.03976179780457745,0.8767601000131596,493.1600036621094,-0.01985489487341685,0.08431540955050854,0.19335464276726386,-0.034439542511778054,True,,,False,False,False,False,False,False,False,False,False,False,False,False,False,True,True,False,False,False,False,False,False,False,False,True,False,False,False,False,False,False,False,False,False,False,False,0,1,98.5,Strong public-data coverage
LITE,Lumentum,Technology,Communications Equipment,S&P 500,NR (to derive from financials),B,default - no public rating available; derive from leverage/margin post-SEC pull,0001633978,True,2025-06-28,1645000000.0,25900000.0,4218700000.0,3084000000.0,1134700000.0,520700000.0,126300000.0,231000000.0,35500000.0,1092900000.0,726400000.0,104300000.0,348200000.0,1717300000.0,392800000.0,197100000.0,470100000.0,225200000.0,2562600000.0,10600000.0,2573200000.0,-104700000.0,0.7310308862919856,0.6099509327517956,0.12342664801953208,0.01574468085106383,-0.024818071917889397,-0.023798800578377226,4.3719450101833,903.7999877929688,0.007243954183023815,0.5659706307914127,0.9799150406851134,-0.09125644504948827,True,,,False,False,False,False,False,False,False,False,False,False,False,False,False,True,True,False,False,False,False,False,False,False,False,True,True,False,False,False,False,False,True,False,False,False,False,0,3,95.5,Strong public-data coverage
LLY,Lilly (Eli),Healthcare,Pharmaceuticals,S&P 500,NR (to derive from financials),BBB,default - no public rating available; derive from leverage/margin post-SEC pull,0000059478,True,2025-12-31,65179000000.0,20640000000.0,112476000000.0,,26535000000.0,7268000000.0,16813000000.0,1353600000.0,485900000.0,11052000000.0,24675000000.0,1997000000.0,11094000000.0,55629000000.0,35228000000.0,17760000000.0,13744000000.0,5379000000.0,40868000000.0,1000000000.0,40868000000.0,,0.65,0.3633486254845478,0.06461822966677336,0.31666641096058545,0.05,0.034025036452220915,1.5791132054047916,948.4500122070312,0.009558625378079277,-0.0905903277944613,0.36790036109716723,-0.1440680598805153,True,,,False,True,False,False,False,True,False,False,False,False,False,False,False,True,True,False,False,False,False,False,False,False,True,True,False,False,False,False,False,False,False,False,False,False,True,2,3,82.8,Usable for demo; some stale/missing fields
LMT,Lockheed Martin,Aerospace & Defense,Aerospace & Defense,S&P 500,A bucket,A,demo_bucket_to_refresh,0000936468,True,2025-12-31,75048000000.0,5017000000.0,59840000000.0,53119000000.0,6721000000.0,4121000000.0,8557000000.0,1649000000.0,916000000.0,67429000000.0,8875000000.0,1687000000.0,,25362000000.0,23335000000.0,3901000000.0,3524000000.0,3630000000.0,21700000000.0,1168000000.0,22868000000.0,6908000000.0,0.8876838235294118,0.3821524064171123,0.06886697860962566,0.06685054898198486,0.11544117647058824,-0.05915775401069519,1.0868652239125778,506.510009765625,-0.17468872784874834,-0.20227574609354804,0.2630153571761038,-0.251499925183004,True,,,False,False,False,False,False,False,False,False,False,False,False,False,False,True,True,False,False,False,False,False,False,False,False,True,False,False,False,False,False,False,False,False,False,False,False,0,1,98.5,Strong public-data coverage
LNT,Alliant Energy,Utilities,Electric Utilities,S&P 500,NR (to derive from financials),BB,default - no public rating available; derive from leverage/margin post-SEC pull,0000352541,True,2025-12-31,4362000000.0,810000000.0,24991000000.0,,7334000000.0,556000000.0,1169000000.0,1484000000.0,512000000.0,625000000.0,20344000000.0,846000000.0,,1697000000.0,2123000000.0,476000000.0,,498000000.0,10954000000.0,1074000000.0,12028000000.0,,0.74,0.4812932655756072,0.022248009283342002,0.1856946354883081,-0.01,-0.014365171461726221,0.7993405558172397,71.76000213623047,-0.010982035227979137,0.08067571422777409,0.1735521422395767,-0.0310558398350419,True,,,False,True,False,False,False,True,False,False,False,False,False,False,False,True,True,False,False,False,False,False,False,False,True,False,False,False,False,False,False,False,False,False,False,False,False,2,1,85.8,Strong public-data coverage
LOW,Lowe's,Consumer Discretionary,Home Improvement Retail,S&P 500,A bucket,A,demo_bucket_to_refresh,0000060667,True,2026-01-30,86286000000.0,6654000000.0,54144000000.0,64061000000.0,-9917000000.0,982000000.0,9864000000.0,2213000000.0,332000000.0,57401000000.0,18362000000.0,2194000000.0,16791000000.0,20955000000.0,19463000000.0,1090000000.0,17300000000.0,9762000000.0,39819000000.0,0.0,39819000000.0,7651000000.0,1.1831597222222223,0.7354277482269503,0.018136820330969267,0.0771156386899381,0.14130836288416077,-0.059286347517730494,1.0766582746750244,229.1999969482422,-0.05699697170039997,-0.1682610564346645,0.31619308232682514,-0.19864929374166684,True,,,False,False,False,False,False,False,False,False,False,False,False,False,False,True,True,False,False,False,False,False,False,False,False,True,False,False,False,False,False,False,False,False,False,False,True,0,2,97.0,Strong public-data coverage
LRCX,Lam Research,Industrials,,Nasdaq 100; S&P 500,NR (to derive from financials),A,default - no public rating available; derive from leverage/margin post-SEC pull,0000707549,True,2025-06-29,18435591000.0,5358217000.0,21345260000.0,11483641000.0,9861619000.0,6390659000.0,6173264000.0,759186000.0,186462000.0,9456532000.0,2405522000.0,386277000.0,981704000.0,14516995000.0,6568425000.0,3378071000.0,4307991000.0,854208000.0,4469364000.0,749670000.0,5219034000.0,5414078000.0,0.5379948991017209,0.24450552487999677,0.2993947602418523,0.29064525243589967,0.25364310390222466,-0.0381839808931819,2.210118102893768,294.04998779296875,0.11526201816262338,0.28402951123835485,0.5739326444807523,-0.01049912674154907,True,,,False,False,False,False,False,False,False,False,False,False,False,False,False,True,True,False,False,False,False,False,False,False,False,True,False,False,False,False,False,False,False,False,False,False,False,0,1,98.5,Strong public-data coverage
LULU,Lululemon Athletica,Consumer Discretionary,"Apparel, Accessories & Luxury Goods",S&P 500,NR (to derive from financials),A,default - no public rating available; derive from leverage/margin post-SEC pull,0001397187,True,2026-02-01,11102600000.0,1579183000.0,8456743000.0,3494903000.0,4961840000.0,1807202000.0,1602477000.0,680802000.0,,4818468000.0,2033720000.0,496228000.0,4066556000.0,4262701000.0,1887548000.0,190657000.0,1700753000.0,331421000.0,,0.0,0.0,921675000.0,0.41326820502881545,0.0,0.21369952947606424,0.14223542233350747,0.10898699416548428,-0.0027544883414335757,2.258327205453848,131.17999267578125,-0.19943859277946208,-0.25330146775521034,0.45832963630255147,-0.39234764819006507,True,,,False,False,False,False,False,False,False,False,False,False,False,False,False,True,True,False,False,False,False,False,False,False,False,False,False,False,False,False,False,False,False,False,False,False,False,0,0,100.0,Strong public-data coverage
LUV,Southwest Airlines,Transportation,Passenger Airlines,S&P 500,BBB bucket,BBB,demo_bucket_to_refresh,0000092380,True,2025-12-31,28063000000.0,441000000.0,29061000000.0,,7981000000.0,3231000000.0,1842000000.0,2673000000.0,118000000.0,,20245000000.0,1560000000.0,,5645000000.0,10921000000.0,98000000.0,,1991000000.0,4929000000.0,271000000.0,4929000000.0,-831000000.0,0.78,0.16960875400020647,0.11117993186745122,0.015714642055375407,-0.02859502425931661,-0.04820893981624858,0.5168940573207582,41.310001373291016,0.04423660109328287,-0.22248042607608742,0.4907822776254703,-0.242911556335338,True,,,False,True,False,False,False,False,False,False,False,False,False,False,False,True,True,False,False,False,False,False,False,False,False,True,False,False,False,False,False,False,False,False,False,False,True,1,2,90.6,Strong public-data coverage
LVS,Las Vegas Sands,Consumer Discretionary,Casinos & Gaming,S&P 500,NR (to derive from financials),NR,default - no public rating available; derive from leverage/margin post-SEC pull,0001300514,True,2025-12-31,13017000000.0,1627000000.0,21920000000.0,19986000000.0,1590000000.0,3841000000.0,3023000000.0,1168000000.0,746000000.0,,11673000000.0,1464000000.0,1188000000.0,4832000000.0,4222000000.0,742000000.0,46000000.0,190000000.0,9496002000.0,,,1855000000.0,0.9117700729927007,0.32,0.17522810218978102,0.1249903971729277,0.08462591240875912,-0.06368613138686131,1.1444812884888678,53.11000061035156,-0.0005796615393958149,-0.06577439780474426,0.3072030746033604,-0.2272596234912726,True,,,False,False,True,False,False,False,False,False,False,False,False,False,False,True,True,False,False,False,False,False,False,False,False,False,False,False,False,False,False,False,False,False,False,True,False,1,1,92.1,Strong public-data coverage
LYB,LyondellBasell,Materials,Specialty Chemicals,S&P 500,NR (to derive from financials),A,default - no public rating available; derive from leverage/margin post-SEC pull,0001489393,True,2025-12-31,30153000000.0,-738000000.0,34003000000.0,,10082000000.0,3443000000.0,2262000000.0,1878000000.0,477000000.0,27576000000.0,15833000000.0,1390000000.0,1610000000.0,10868000000.0,6129000000.0,3392000000.0,3533000000.0,3545000000.0,5772000000.0,226000000.0,226000000.0,384000000.0,0.6,0.006646472370084993,0.10125577154956916,-0.02447517659934335,0.01129312119518866,-0.0882275093374114,1.7732093326806984,71.76000213623047,-0.02658707341315425,0.3093793666532212,0.5516242911632748,-0.1289147301682736,True,,,False,True,False,False,False,False,False,False,False,False,False,False,False,True,True,False,False,False,False,False,False,False,False,True,False,False,False,False,False,False,True,False,True,True,False,1,4,87.6,Strong public-data coverage
LYV,Live Nation Entertainment,Communication Services,Movies & Entertainment,S&P 500,NR (to derive from financials),NR,default - no public rating available; derive from leverage/margin post-SEC pull,0001335258,True,2025-12-31,25201406000.0,495972000.0,22912533000.0,,271007000.0,7094200000.0,1395316000.0,1061705000.0,316033000.0,,3415771000.0,638872000.0,4091759000.0,10974392000.0,11028850000.0,2009055000.0,56576000.0,253261000.0,1715688000.0,,,333611000.0,0.62,0.28,0.3096209397712597,0.019680330533939257,0.014560197250997959,-0.03925118187500264,0.9950622231692334,163.27999877929688,0.01675074726165593,0.1039145070423988,0.3839168500058487,-0.027052844397455145,True,,,False,True,True,False,False,False,False,False,False,False,False,False,False,True,True,False,False,False,False,False,False,False,False,False,False,False,False,False,False,False,False,False,False,True,False,2,1,85.8,Strong public-data coverage
MA,Mastercard,Financials,Transaction & Payment Processing Services,S&P 500,AA- shown,AA-,screenshot,0001141391,True,2025-12-31,32791000000.0,14968000000.0,54157000000.0,46411000000.0,7737000000.0,10566000000.0,17648000000.0,489000000.0,575000000.0,,2303000000.0,1143000000.0,11318000000.0,23558000000.0,22762000000.0,4609000000.0,,999000000.0,18251000000.0,749000000.0,19000000000.0,17159000000.0,0.8569713979725613,0.350831840759274,0.19509943312960468,0.45646671342746487,0.3168380818730727,-0.0494857543807818,1.0349705649767156,495.4800109863281,-0.006377075868182147,-0.07284948262865754,0.2614269586507993,-0.14347281837036518,True,,,False,False,False,False,False,False,False,False,False,False,False,False,False,True,True,False,False,False,False,False,False,False,False,True,False,False,False,False,False,False,False,False,False,False,False,0,1,98.5,Strong public-data coverage
MAA,Mid-America Apartment Communities,Real Estate,Multi-Family Residential REITs,S&P 500,NR (to derive from financials),NR,default - no public rating available; derive from leverage/margin post-SEC pull,0000912595,True,2025-12-31,2209126000.0,446909000.0,11975383000.0,6135738000.0,5662851000.0,60258000.0,1078175000.0,,185257000.0,,,622969000.0,54807000.0,,,,,,,,,,0.5123625691136559,0.45,0.005031822364261753,0.20230127208678908,0.02,-0.05271363763480467,0.9,129.30999755859375,0.035644891339263296,-0.02009913412870512,0.19629428789157402,-0.05380956634362022,True,,,False,False,True,False,False,True,False,True,False,False,False,False,False,True,True,False,False,False,False,False,False,False,False,False,False,False,False,False,False,False,False,False,False,False,False,3,0,80.9,Usable for demo; some stale/missing fields
MAR,Marriott International,Industrials,,Nasdaq 100; S&P 500,NR (to derive from financials),A,default - no public rating available; derive from leverage/margin post-SEC pull,0001048286,True,2025-12-31,26186000000.0,2601000000.0,27540000000.0,,-3771000000.0,358000000.0,3212000000.0,604000000.0,565000000.0,,1954000000.0,145000000.0,870000000.0,3584000000.0,8398000000.0,2909000000.0,10000000.0,634000000.0,23000000.0,355000000.0,23000000.0,2608000000.0,0.66,0.0008351488743645606,0.01299927378358751,0.09932788512945849,0.09469862018881627,-0.022185911401597674,0.426768278161467,353.17999267578125,-0.0025981739956971728,0.06839282285342896,0.32568891178936615,-0.06743770717839159,True,,,False,True,False,False,False,False,False,False,False,False,False,False,False,True,True,False,False,False,False,False,False,False,False,True,False,False,False,False,False,False,False,True,True,False,True,1,4,87.6,Strong public-data coverage
MAS,Masco,Industrials,Building Products,S&P 500,NR (to derive from financials),B,default - no public rating available; derive from leverage/margin post-SEC pull,0000062996,True,2025-12-31,7562000000.0,810000000.0,5201000000.0,5125000000.0,-185000000.0,647000000.0,1022000000.0,156000000.0,106000000.0,4883000000.0,1195000000.0,148000000.0,1426000000.0,2840000000.0,1573000000.0,1028000000.0,1046000000.0,810000000.0,2947000000.0,206000000.0,2947000000.0,866000000.0,0.9853874254950971,0.566621803499327,0.12439915400884445,0.10711451996826236,0.16650644106902518,-0.04076139203999231,1.8054672600127146,71.73999786376953,0.13927261351525955,0.006104072134812899,0.42336312842446455,-0.07418261566139028,True,,,False,False,False,False,False,False,False,False,False,False,False,False,False,True,True,False,False,False,False,False,False,False,False,True,False,False,False,False,False,False,False,False,False,False,True,0,2,97.0,Strong public-data coverage
MCD,McDonald's,Consumer Discretionary,,Dow; S&P 500,BBB+ / A bucket,A,demo_bucket_to_refresh,0000063908,True,2025-12-31,26885000000.0,8563000000.0,59515000000.0,,-1791000000.0,774000000.0,10551000000.0,3365000000.0,1582000000.0,1940000000.0,28241000000.0,457000000.0,3039000000.0,4163000000.0,4361000000.0,2466000000.0,61000000.0,1149000000.0,39973000000.0,725000000.0,40698000000.0,7186000000.0,0.72,0.6838276064857599,0.013005124758464253,0.31850474242142457,0.12074266991514744,-0.03340334369486684,0.9545975693648245,275.75,-0.09791282842487647,-0.14837100238822065,0.18557545728119026,-0.18697471695023382,True,,,False,True,False,False,False,False,False,False,False,False,False,False,False,True,True,False,False,False,False,False,False,False,False,False,False,False,False,False,False,False,False,False,False,False,False,1,0,93.6,Strong public-data coverage
MCHP,Microchip Technology,Industrials,,Nasdaq 100; S&P 500,NR (to derive from financials),BB+,default - no public rating available; derive from leverage/margin post-SEC pull,0000827054,True,2025-03-31,4401600000.0,-500000.0,15374600000.0,,7078300000.0,771700000.0,898100000.0,126000000.0,198300000.0,1933700000.0,1183700000.0,750100000.0,617700000.0,2991300000.0,1155100000.0,689700000.0,1293500000.0,160600000.0,5630400000.0,0.0,5630400000.0,772100000.0,0.66,0.3662144055780313,0.05019317575741808,-0.00011359505634314795,0.05021919269444408,-0.05844704902891783,2.589645918102329,99.08999633789062,0.38471212574811986,0.33951665319372637,0.45269465035838957,-0.0372133880605755,True,,,False,True,False,False,False,False,False,False,False,False,False,False,False,True,True,False,False,False,False,False,False,False,False,False,False,False,False,False,False,False,False,False,False,False,False,1,0,93.6,Strong public-data coverage
MCK,McKesson Corporation,Healthcare,Health Care Distributors,S&P 500,NR (to derive from financials),A,default - no public rating available; derive from leverage/margin post-SEC pull,0000927653,True,2025-03-31,359051000000.0,3295000000.0,75140000000.0,,-2074000000.0,5691000000.0,6085000000.0,537000000.0,252000000.0,345728000000.0,2502000000.0,272000000.0,8507000000.0,55398000000.0,61604000000.0,25643000000.0,23001000000.0,55330000000.0,5654000000.0,0.0,5654000000.0,5548000000.0,0.65,0.07524620708011712,0.07573862124035134,0.00917696928848548,0.07383550705350013,-0.037130689379824326,0.8992597883254334,736.0900268554688,-0.1496187065425938,-0.2344523208314161,0.26870218068727736,-0.2607236940708504,True,,,False,True,False,False,False,False,False,False,False,False,False,False,False,True,True,False,False,False,False,False,False,False,False,False,False,False,False,False,False,False,False,False,False,False,True,1,1,92.1,Strong public-data coverage
MCO,Moody's Corporation,Financials,Financial Exchanges & Data,S&P 500,NR (to derive from financials),BB+,default - no public rating available; derive from leverage/margin post-SEC pull,0001059556,True,2025-12-31,7718000000.0,2459000000.0,15830000000.0,11625000000.0,4054000000.0,2384000000.0,2901000000.0,326000000.0,,1973000000.0,722000000.0,480000000.0,1803000000.0,5186000000.0,2981000000.0,2024000000.0,,62000000.0,6994000000.0,0.0,6994000000.0,2575000000.0,0.7343651295009476,0.44181933038534427,0.15060012634238787,0.3186058564394921,0.16266582438408086,-0.0279216677195199,1.7396846695739685,451.32000732421875,0.055941609829543326,0.006286203849373617,0.32318971556661613,-0.1618104393122436,True,,,False,False,False,False,False,False,False,False,False,False,False,False,False,True,True,False,False,False,False,False,False,False,False,False,False,False,False,False,False,False,False,False,False,False,False,0,0,100.0,Strong public-data coverage
MDLZ,Mondelez International,Industrials,,Nasdaq 100; S&P 500,NR (to derive from financials),A,default - no public rating available; derive from leverage/margin post-SEC pull,0001103982,True,2025-12-31,38537000000.0,2451000000.0,71487000000.0,45596000000.0,25838000000.0,2195000000.0,4514000000.0,1279000000.0,1863000000.0,27602000000.0,10667000000.0,1358000000.0,7173000000.0,12951000000.0,21864000000.0,3903000000.0,4419000000.0,10139000000.0,15875000000.0,2688000000.0,2688000000.0,3235000000.0,0.6378222613901828,0.037601242183893574,0.030704883405374403,0.06360121441731323,0.04525298305985704,-0.028858393833843917,0.5923435784851812,61.54999923706055,0.04322032605187376,0.022277268968133646,0.25959584061115554,-0.008101984194021195,True,,,False,False,False,False,False,False,False,False,False,False,False,False,False,True,True,False,False,False,False,False,False,False,False,True,False,False,False,False,False,False,False,False,False,True,False,0,2,97.0,Strong public-data coverage
MDT,Medtronic,Healthcare,Health Care Equipment,S&P 500,NR (to derive from financials),NR,default - no public rating available; derive from leverage/margin post-SEC pull,0001613103,True,2025-04-25,33537000000.0,4662000000.0,91680000000.0,43424000000.0,48024000000.0,2218000000.0,7044000000.0,1859000000.0,719000000.0,11632000000.0,6837000000.0,2861000000.0,10849000000.0,23814000000.0,12879000000.0,6515000000.0,5476000000.0,2449000000.0,22140000000.0,2776000000.0,,5185000000.0,0.4736474694589878,0.3,0.02419284467713787,0.13901064495929868,0.05655541012216405,-0.025981675392670156,1.849056603773585,76.1500015258789,-0.12682029210757018,-0.2447443045959129,0.20967499460309336,-0.26591136687379635,True,,,False,False,True,False,False,False,False,False,False,False,False,False,False,True,True,False,False,False,False,False,False,False,False,False,False,False,False,False,False,False,False,False,False,True,True,1,2,90.6,Strong public-data coverage
MELI,Mercado Libre,Industrials,,Nasdaq 100,NR (to derive from financials),BBB,default - no public rating available; derive from leverage/margin post-SEC pull,0001099590,True,2025-12-31,28893000000.0,1997000000.0,42667000000.0,35919000000.0,6748000000.0,3670000000.0,12116000000.0,1343000000.0,213878.0,16035000000.0,2303000000.0,818000000.0,1078000000.0,33573000000.0,28633000000.0,369000000.0,570000000.0,4502000000.0,9193000000.0,,9193000000.0,10773000000.0,0.8418449855860501,0.21545925422457637,0.08601495300817963,0.06911708718374693,0.2524902149201959,-0.23716220967023696,1.172528201725282,1632.52001953125,-0.07973119152672536,-0.19801136430078214,0.4581442526460116,-0.28866230085784317,True,,,False,False,False,False,False,False,False,False,False,False,False,False,False,True,True,False,False,False,False,False,False,False,False,True,False,False,False,False,False,False,False,False,False,False,False,0,1,98.5,Strong public-data coverage
MET,MetLife,Financials,Life & Health Insurance,S&P 500,NR (to derive from financials),BBB,default - no public rating available; derive from leverage/margin post-SEC pull,0001099219,True,2025-12-31,77084000000.0,3379000000.0,745166000000.0,716245000000.0,28398000000.0,22032000000.0,17092000000.0,,1061000000.0,,,117000000.0,560000000.0,,,,,,23692000000.0,355000000.0,355000000.0,,0.961188513700303,0.0004764039153691929,0.029566566375814247,0.04383529655959732,0.015,-0.018402610961852795,1.0,78.08000183105469,0.05684900830775841,0.02359731358892403,0.2558909268145448,-0.04806277030506334,True,,,False,False,False,False,False,True,False,True,False,False,False,False,False,True,True,False,False,False,False,False,False,False,False,False,False,False,False,False,False,False,False,False,False,True,False,2,1,85.8,Strong public-data coverage
META,Meta Platforms,Industrials,,Nasdaq 100; S&P 500,A bucket,A,demo_bucket_to_refresh,0001326801,True,2025-12-31,200966000000.0,60458000000.0,366021000000.0,148778000000.0,217243000000.0,35873000000.0,115800000000.0,69691000000.0,446000000.0,36175000000.0,176400000000.0,18616000000.0,12152000000.0,108722000000.0,41836000000.0,19769000000.0,,1331000000.0,58744000000.0,,58744000000.0,46109000000.0,0.4064739454840023,0.16049352359564067,0.09800803779018144,0.3008369574952977,0.12597364632083952,-0.1511989749222039,2.5987666124868536,609.6300048828125,-0.03211821823775396,-0.0990342844359774,0.39899806864365,-0.17358295956445258,True,,,False,False,False,False,False,False,False,False,False,False,False,False,False,True,True,False,False,False,False,False,False,False,False,True,False,False,False,False,False,False,False,False,True,False,False,0,2,97.0,Strong public-data coverage
MGM,MGM Resorts,Consumer Discretionary,Casinos & Gaming,S&P 500,NR (to derive from financials),BB+,default - no public rating available; derive from leverage/margin post-SEC pull,0000789570,True,2025-12-31,17537683000.0,205862000.0,41373786000.0,38097468000.0,2429917000.0,2062994000.0,2529378000.0,1068927000.0,460293000.0,,6305614000.0,1017794000.0,4877538000.0,4332424000.0,3512107000.0,1122940000.0,124535000.0,421502000.0,6230141000.0,0.0,6230141000.0,1460451000.0,0.9208117429717454,0.15058184426245158,0.049862345205730026,0.011738266679811695,0.03529894508566366,-0.05615913419187695,1.2335683394611838,38.790000915527344,0.039389100555297984,0.01918022900410654,0.41441234717540804,-0.043403165342717376,True,,,False,False,False,False,False,False,False,False,False,False,False,False,False,True,True,False,False,False,False,False,False,False,False,True,False,False,False,False,False,False,False,False,False,False,True,0,2,97.0,Strong public-data coverage
MKC,McCormick & Company,Consumer Staples,Packaged Foods & Meats,S&P 500,NR (to derive from financials),BBB,default - no public rating available; derive from leverage/margin post-SEC pull,0000063754,True,2025-11-30,6840300000.0,789400000.0,13200400000.0,7432300000.0,5736500000.0,95900000.0,962200000.0,221800000.0,196200000.0,4248100000.0,1448800000.0,231300000.0,1500300000.0,2138100000.0,3062200000.0,628900000.0,1272000000.0,,3614900000.0,381400000.0,3996300000.0,740400000.0,0.5630359686070119,0.3027408260355747,0.0072649313657161905,0.11540429513325438,0.05608920941789643,-0.013090512408714887,0.6982234994448436,48.31999969482422,-0.09233462323188912,-0.2812810298969617,0.339255363409387,-0.31959937423845164,True,,,False,False,False,False,False,False,False,False,False,False,False,False,False,True,True,False,False,False,False,False,False,False,False,False,False,False,False,False,False,False,False,False,False,False,False,0,0,100.0,Strong public-data coverage
MLM,Martin Marietta Materials,Materials,Construction Materials,S&P 500,NR (to derive from financials),BBB+,default - no public rating available; derive from leverage/margin post-SEC pull,0000916076,True,2025-12-31,6150000000.0,1137000000.0,18711000000.0,8677000000.0,10032000000.0,67000000.0,1785000000.0,807000000.0,230000000.0,4261000000.0,10290000000.0,637000000.0,443000000.0,3193000000.0,895000000.0,723000000.0,1078000000.0,389000000.0,5323000000.0,30000000.0,5353000000.0,978000000.0,0.4637379081823526,0.2860883971995083,0.0035807813585591363,0.1848780487804878,0.0522687189353856,-0.03463203463203463,3.5675977653631286,590.3800048828125,-0.06515925214178275,-0.15038134869690056,0.3009948484209192,-0.1652353612846874,True,,,False,False,False,False,False,False,False,False,False,False,False,False,False,True,True,False,False,False,False,False,False,False,False,False,False,False,False,False,False,False,False,False,False,False,False,0,0,100.0,Strong public-data coverage
MMM,3M,Industrials,,Dow; S&P 500,BBB / A bucket,A,demo_bucket_to_refresh,0000066740,True,2025-12-31,24948000000.0,3250000000.0,37733000000.0,32986000000.0,4702000000.0,5235000000.0,2306000000.0,910000000.0,942000000.0,14991000000.0,7101000000.0,1308000000.0,3997000000.0,16387000000.0,9595000000.0,3533000000.0,3661000000.0,2702000000.0,12602000000.0,1670000000.0,14272000000.0,1396000000.0,0.8741950017226301,0.3782365568600429,0.13873797471709115,0.13027096360429694,0.03699679325789097,0.02501788885060822,1.7078686816050026,143.2899932861328,-0.04676698839511895,-0.15472779447001783,0.25619556536499277,-0.17568893875180247,True,,,False,False,False,False,False,False,False,False,False,False,False,False,False,True,True,False,False,False,False,False,False,False,False,True,False,False,False,False,False,False,False,False,False,False,False,0,1,98.5,Strong public-data coverage
MNST,Monster Beverage,Industrials,,Nasdaq 100; S&P 500,NR (to derive from financials),A,default - no public rating available; derive from leverage/margin post-SEC pull,0000865752,True,2025-12-31,8294343000.0,1905432000.0,9988945000.0,,8254108000.0,2088117000.0,2098177000.0,132275000.0,,3662148000.0,1081544000.0,114441000.0,,5361084000.0,1447780000.0,1618072000.0,799623000.0,565974000.0,373951000.0,0.0,373951000.0,1965902000.0,0.66,0.037436486035312036,0.20904279681187554,0.22972669444704663,0.19680777099083036,-0.019295831541769427,3.7029686830872093,86.29000091552734,0.1395932319654296,0.06662545473406745,0.37149454593053627,-0.004269590710204496,True,,,False,True,False,False,False,False,False,False,False,False,False,False,False,True,True,False,False,False,False,False,False,False,False,False,False,False,False,False,False,False,False,False,False,False,False,1,0,93.6,Strong public-data coverage
MO,Altria,Consumer Staples,Tobacco,S&P 500,NR (to derive from financials),B-,default - no public rating available; derive from leverage/margin post-SEC pull,0000764180,True,2025-12-31,23279000000.0,6947000000.0,35017000000.0,38469000000.0,-3502000000.0,4474000000.0,9290000000.0,216000000.0,1149000000.0,5597000000.0,1710000000.0,266000000.0,551000000.0,5932000000.0,9154000000.0,263000000.0,1070000000.0,750000000.0,25709000000.0,0.0,25709000000.0,9074000000.0,1.0985806893794443,0.7341862523916954,0.12776651340777337,0.2984234717986168,0.259131279093012,-0.06691035782619871,0.6480227223071882,68.12000274658203,0.010982569357800287,0.07548812757711221,0.2534884173573698,-0.08625083892634622,True,,,False,False,False,False,False,False,False,False,False,False,False,False,False,True,True,False,False,False,False,False,False,False,False,True,False,False,False,True,False,False,False,False,False,False,False,0,2,97.0,Strong public-data coverage
MOS,Mosaic Company (The),Materials,Fertilizers & Agricultural Chemicals,S&P 500,NR (to derive from financials),A,default - no public rating available; derive from leverage/margin post-SEC pull,0001285785,True,2025-12-31,12052400000.0,540700000.0,24480100000.0,,12084900000.0,276600000.0,824800000.0,1359400000.0,241500000.0,10150500000.0,13982600000.0,1049900000.0,533900000.0,5237500000.0,3982800000.0,1078600000.0,3363000000.0,1171900000.0,3834100000.0,759900000.0,759900000.0,-534600000.0,0.6,0.031041539862990755,0.011298973451905834,0.044862434038033916,-0.02183814608600455,-0.011605344749408704,1.3150296273978106,22.190000534057617,-0.10379643259560178,-0.24299343026927656,0.5363379687224983,-0.292410711027443,True,,,False,True,False,False,False,False,False,False,False,False,False,False,False,True,True,False,False,False,False,False,False,False,False,False,False,False,False,False,False,False,False,False,False,True,False,1,1,92.1,Strong public-data coverage
MPC,Marathon Petroleum,Energy,Oil & Gas Refining & Marketing,S&P 500,NR (to derive from financials),NR,default - no public rating available; derive from leverage/margin post-SEC pull,0001510295,True,2025-12-31,132699000000.0,4047000000.0,83955000000.0,59869000000.0,17314000000.0,3672000000.0,8253000000.0,3486000000.0,1276000000.0,119446000000.0,37397000000.0,3251000000.0,3349000000.0,24780000000.0,19678000000.0,10317000000.0,10129000000.0,12974000000.0,3299000000.0,15000000.0,,4767000000.0,0.7131082127330117,0.22,0.043737716633911024,0.030497592295345103,0.056780418081114885,-0.05009826692871181,1.2592743164955789,244.8699951171875,0.09994609867944515,0.20482316664778466,0.394989784635967,-0.06003613704712718,True,,,False,False,True,False,False,False,False,False,False,False,False,False,False,True,True,False,False,False,False,False,False,False,False,False,False,False,False,False,False,False,False,False,False,True,True,1,2,90.6,Strong public-data coverage
MPWR,Monolithic Power Systems,Industrials,,Nasdaq 100; S&P 500,NR (to derive from financials),NR,default - no public rating available; derive from leverage/margin post-SEC pull,0001280452,True,2025-12-31,2790459000.0,621483000.0,4194199000.0,662702000.0,3531497000.0,1099302000.0,838202000.0,172013000.0,,1250718000.0,627689000.0,52513000.0,428842000.0,2183802000.0,369365000.0,255626000.0,564649000.0,138272000.0,,,,666189000.0,0.15800442468275827,0.28,0.2621005822565882,0.2227171228819345,0.1588358110809716,-0.05167112957682742,5.912314377377391,1600.8399658203125,0.18243527324914965,0.32985167996425635,0.5330411112024291,-0.031173789164949173,True,,,False,False,True,False,False,False,False,False,False,False,False,False,False,True,True,False,False,False,False,False,False,False,False,False,False,False,False,False,False,False,False,False,False,False,False,1,0,93.6,Strong public-data coverage
MRK,Merck,Healthcare,,Dow; S&P 500,A / AA bucket,AA,demo_bucket_to_refresh,0000310158,True,2025-12-31,65011000000.0,18254000000.0,136866000000.0,,52606000000.0,14565000000.0,16472000000.0,4112000000.0,1146000000.0,16382000000.0,25316000000.0,3045000000.0,10733000000.0,43516000000.0,28327000000.0,11775000000.0,6658000000.0,4404000000.0,46750000000.0,2300000000.0,49050000000.0,12360000000.0,0.65,0.35837972907807636,0.10641795624917803,0.2807832520650351,0.09030730787777827,0.013020034194029197,1.5362022099057437,111.37999725341797,-0.08268819854170617,-0.04628168205850769,0.24869669735418265,-0.09579479641600552,True,,,False,True,False,False,False,False,False,False,False,False,False,False,False,True,True,False,False,False,False,False,False,False,False,True,False,False,False,False,False,False,False,False,False,False,False,1,1,92.1,Strong public-data coverage
MRNA,Moderna,Healthcare,Biotechnology,S&P 500,NR (to derive from financials),B,default - no public rating available; derive from leverage/margin post-SEC pull,0001682852,True,2025-12-31,1944000000.0,-2822000000.0,12338000000.0,3688000000.0,8650000000.0,2595000000.0,-1873000000.0,192000000.0,,868000000.0,2134000000.0,211000000.0,1018000000.0,6544000000.0,1987000000.0,184000000.0,153000000.0,317000000.0,590000000.0,,590000000.0,-2065000000.0,0.2989139244610147,0.047819743880693794,0.21032582266169558,-1.4516460905349795,-0.16736910358242826,-0.07691684227589561,3.2934071464519374,54.349998474121094,0.06652275216938452,0.2955899281445631,0.6407532814641976,-0.05968859530239168,True,,,False,False,False,False,False,False,False,False,False,False,False,False,False,True,True,False,False,False,False,False,False,False,False,False,False,False,False,False,False,False,False,False,False,False,False,0,0,100.0,Strong public-data coverage
MRSH,Marsh McLennan,Financials,Insurance Brokers,S&P 500,NR (to derive from financials),BBB,default - no public rating available; derive from leverage/margin post-SEC pull,0000062709,True,2025-12-31,26981000000.0,4160000000.0,58710000000.0,,15315000000.0,2687000000.0,5292000000.0,291000000.0,578000000.0,,829000000.0,361000000.0,,23200000000.0,21060000000.0,7670000000.0,,3652000000.0,19587000000.0,1267000000.0,20854000000.0,5001000000.0,0.88,0.3552035428376767,0.045767330948731054,0.15418257292168563,0.08518140010219724,-0.01928121274058934,1.1016144349477683,163.25,-0.02914061299045234,-0.04119437740984022,0.30190684740648815,-0.13523055704842235,True,,,False,True,False,False,False,False,False,False,False,False,False,False,False,True,True,False,False,False,False,False,False,False,False,True,False,False,False,False,False,False,False,False,False,False,False,1,1,92.1,Strong public-data coverage
MRVL,Marvell Technology,Industrials,,Nasdaq 100,NR (to derive from financials),A,default - no public rating available; derive from leverage/margin post-SEC pull,0001835632,True,2026-01-31,8194600000.0,2670100000.0,22285300000.0,7976900000.0,14308400000.0,2638800000.0,1750500000.0,354100000.0,211700000.0,4013900000.0,935000000.0,221700000.0,767100000.0,6460600000.0,3220500000.0,2186600000.0,1388000000.0,1073800000.0,4470600000.0,499800000.0,4970400000.0,1396400000.0,0.35794447460882284,0.22303491539265793,0.11840989351725129,0.3258365264930564,0.06266013919489528,0.041264869667448946,2.0060860114888994,170.1300048828125,0.3240718936062601,1.0669722485648676,0.6705805975557705,-0.011733889545685994,True,,,False,False,False,False,False,False,False,False,False,False,False,False,False,True,True,False,False,False,False,False,False,False,False,True,False,False,False,False,False,False,False,False,False,False,False,0,1,98.5,Strong public-data coverage
MS,Morgan Stanley,Financials,Investment Banking & Brokerage,S&P 500,A- bucket,A-,demo_bucket_to_refresh,0000895421,True,2025-12-31,59063000000.0,16861000000.0,1420270000000.0,1307618000000.0,111632000000.0,111695000000.0,-17889000000.0,,42051000000.0,,6373000000.0,4658000000.0,,,,,,,341681000000.0,24241000000.0,341681000000.0,,0.9206826870947074,0.24057467946235575,0.07864349736317743,0.2854748319590945,0.015,0.02446717877586656,1.0,193.08999633789062,0.09281506264559036,0.06458821610297494,0.3304360511930249,-0.0013447621278367405,True,,,False,False,False,False,False,True,False,True,False,False,False,False,False,True,True,False,False,False,False,False,False,False,False,True,False,True,False,False,False,False,False,False,False,False,True,2,3,82.8,Usable for demo; some stale/missing fields
MSCI,MSCI Inc.,Financials,Financial Exchanges & Data,S&P 500,NR (to derive from financials),B-,default - no public rating available; derive from leverage/margin post-SEC pull,0001408198,True,2025-12-31,3134459000.0,1202305000.0,5702459000.0,8356999000.0,-2654540000.0,515332000.0,1588446000.0,39319000.0,186679000.0,95903000.0,87299000.0,23405000.0,180216000.0,1644769000.0,1829713000.0,663236000.0,,15339000.0,6202119000.0,0.0,6202119000.0,1549127000.0,1.4655079501667614,1.0876218487498113,0.09037013681290826,0.38357655978272487,0.2716594718173335,-0.06771482267562116,0.8989218527714455,585.4199829101562,0.09122428463899968,0.0506571974269443,0.2986416599466813,-0.05926024660146678,True,,,False,False,False,False,False,False,False,False,False,False,False,False,False,True,True,False,False,False,False,False,False,False,False,True,True,False,False,False,False,False,True,False,False,False,False,0,3,95.5,Strong public-data coverage
MSFT,Microsoft,Technology,,Dow; Nasdaq 100; S&P 500,AAA / AA bucket,AAA,demo_bucket_to_refresh,0000789019,True,2025-06-30,281724000000.0,101832000000.0,619003000000.0,275524000000.0,343479000000.0,30242000000.0,136162000000.0,64551000000.0,2935000000.0,87831000000.0,204966000000.0,22000000000.0,7223000000.0,191131000000.0,141218000000.0,69905000000.0,938000000.0,27724000000.0,43151000000.0,2999000000.0,46150000000.0,71611000000.0,0.44510931287893596,0.07455537372193673,0.04885598292738484,0.3614601524896707,0.11568764610187673,-0.055460151243208834,1.3534464445042416,415.1199951171875,0.11931404692368797,0.005965841398102745,0.2756332900717692,-0.18447744428608803,True,,,False,False,False,False,False,False,False,False,False,False,False,False,False,True,True,False,False,False,False,False,False,False,False,False,False,False,False,False,False,False,False,False,False,False,False,0,0,100.0,Strong public-data coverage
MSI,Motorola Solutions,Technology,Communications Equipment,S&P 500,NR (to derive from financials),BBB-,default - no public rating available; derive from leverage/margin post-SEC pull,0000068505,True,2025-12-31,11682000000.0,2154000000.0,19389000000.0,,2410000000.0,1165000000.0,2837000000.0,265000000.0,360000000.0,5647000000.0,1165000000.0,425000000.0,1870000000.0,6300000000.0,6078000000.0,2200000000.0,983000000.0,1134000000.0,8413000000.0,749000000.0,9162000000.0,2572000000.0,0.55,0.4725359740058796,0.06008561555521172,0.18438623523369285,0.13265253494249316,-0.035226159162411674,1.0365251727541955,383.989990234375,-0.11459801223742982,-0.08894066427638736,0.3318395920907771,-0.20798878269081977,True,,,False,True,False,False,False,False,False,False,False,False,False,False,False,True,True,False,False,False,False,False,False,False,False,False,False,False,False,False,False,False,False,False,False,False,False,1,0,93.6,Strong public-data coverage
MSTR,MicroStrategy,Industrials,,Nasdaq 100,NR (to derive from financials),B-,default - no public rating available; derive from leverage/margin post-SEC pull,0001050446,True,2025-12-31,477233000.0,-3848152000.0,61641082000.0,10598110000.0,44123458000.0,2301470000.0,-67241000.0,8212000.0,2391000.0,149417000.0,28858000.0,25517000.0,151909000.0,2564137000.0,456492000.0,205748000.0,,33684000.0,8190155000.0,31313000.0,8221468000.0,-75453000.0,0.17193257574550685,0.1333764387847702,0.03733662559654615,-8.063465854205388,-0.001224070012268766,-0.06133751837775982,5.617046958106604,187.58999633789062,0.4582555754659452,0.3550273983654888,0.6962051530118749,-0.22461041616577704,True,,,False,False,False,False,False,False,False,False,False,False,False,False,False,True,True,False,False,False,False,False,False,False,False,True,False,False,False,False,False,False,False,False,True,False,False,0,2,97.0,Strong public-data coverage
MTB,M&T Bank,Financials,Regional Banks,S&P 500,NR (to derive from financials),A,default - no public rating available; derive from leverage/margin post-SEC pull,0000036270,True,2025-12-31,1657000000.0,2851000000.0,213510000000.0,184333000000.0,29177000000.0,18769000000.0,3003000000.0,256000000.0,3109000000.0,,1629000000.0,323000000.0,,,,,,,10911000000.0,2149000000.0,13060000000.0,,0.8633459791110487,0.06116809517118636,0.08790688960704417,1.7205793602896802,0.015,-0.00071191044915929,1.0,212.13999938964844,-0.0353764952895288,-0.09580214317963387,0.23727127984641466,-0.10248831033380634,True,,,False,False,False,False,False,True,False,True,False,False,False,False,False,True,True,False,False,False,False,False,False,False,True,True,False,False,False,False,False,False,False,False,False,False,False,2,2,84.3,Usable for demo; some stale/missing fields
MTD,Mettler Toledo,Healthcare,Life Sciences Tools & Services,S&P 500,NR (to derive from financials),B,default - no public rating available; derive from leverage/margin post-SEC pull,0001037646,True,2025-12-31,4026399000.0,869193000.0,3712646000.0,3736282000.0,-23636000.0,66888000.0,955772000.0,107124000.0,68515000.0,833793000.0,845636000.0,51141000.0,998314000.0,1362667000.0,1198116000.0,778243000.0,387228000.0,266628000.0,2088241000.0,,2088241000.0,848648000.0,1.0063663489597445,0.5624670383333072,0.018016261178684958,0.2158735386135353,0.22858306447746432,-0.023320025663637202,1.13734145942463,1124.4599609375,-0.15135738398202692,-0.1856932123273618,0.41527763700320525,-0.25335656475038815,True,,,False,False,False,False,False,False,False,False,False,False,False,False,False,True,True,False,False,False,False,False,False,False,False,False,True,False,False,False,False,False,False,False,False,False,False,0,1,98.5,Strong public-data coverage
MU,Micron Technology,Industrials,,Nasdaq 100; S&P 500,BBB bucket,BBB,demo_bucket_to_refresh,0000723125,True,2025-08-28,37378000000.0,8539000000.0,82798000000.0,28633000000.0,54165000000.0,9642000000.0,17525000000.0,15857000000.0,388000000.0,22505000000.0,46590000000.0,8352000000.0,1205000000.0,28841000000.0,11454000000.0,7163000000.0,8355000000.0,9649000000.0,11533000000.0,224000000.0,11533000000.0,1668000000.0,0.3458175318244402,0.13929080412570352,0.11645208821469118,0.22844989030980792,0.020145414140438175,-0.10852919152636537,2.5179849834119086,746.8099975585938,0.7756247273143102,0.9481714042653873,0.7681088188053712,0.0,True,,,False,False,False,False,False,False,False,False,False,False,False,False,False,True,True,False,False,False,False,False,False,False,False,True,False,False,False,False,False,False,False,False,False,False,True,0,2,97.0,Strong public-data coverage
NCLH,Norwegian Cruise Line Holdings,Consumer Discretionary,"Hotels, Resorts & Cruise Lines",S&P 500,NR (to derive from financials),NR,default - no public rating available; derive from leverage/margin post-SEC pull,0001513761,True,2025-12-31,5396175000.0,423246000.0,22541401000.0,20331513000.0,2209888000.0,209893000.0,2089746000.0,3259606000.0,727500000.0,5639163000.0,19068807000.0,1162108000.0,1548806000.0,1138541000.0,5452577000.0,291659000.0,138181000.0,169655000.0,1552480000.0,,,-1169860000.0,0.9019631477209424,0.32,0.00931144430641201,0.08,-0.05189828263114613,-0.07393063101978443,0.20880787194752132,17.079999923706055,-0.14428854172678895,-0.25251642719633693,0.642059714840382,-0.3173461386406109,True,,,False,False,True,False,True,False,False,False,False,False,False,False,False,True,True,True,False,False,False,False,False,False,False,True,False,False,False,False,False,False,False,False,False,True,False,2,3,82.8,Usable for demo; some stale/missing fields
NDAQ,"Nasdaq, Inc.",Financials,Financial Exchanges & Data,S&P 500,NR (to derive from financials),BBB,default - no public rating available; derive from leverage/margin post-SEC pull,0001120193,True,2025-12-31,8262000000.0,1788000000.0,31053000000.0,18821000000.0,12227000000.0,604000000.0,2255000000.0,266000000.0,284000000.0,3013000000.0,728000000.0,145000000.0,75000000.0,8003000000.0,7961000000.0,943000000.0,,280000000.0,8573000000.0,431000000.0,9004000000.0,1989000000.0,0.6060928090683669,0.28995588187936755,0.01945061668759862,0.21641249092229484,0.06405178243647956,-0.015038804624351915,1.0052757191307624,88.91000366210938,0.06914381609893927,0.03350589749415689,0.29145244567831097,-0.11674035872267641,True,,,False,False,False,False,False,False,False,False,False,False,False,False,False,True,True,False,False,False,False,False,False,False,False,True,False,False,False,False,False,False,False,False,False,False,False,0,1,98.5,Strong public-data coverage
NDSN,Nordson Corporation,Industrials,Industrial Machinery & Supplies & Components,S&P 500,NR (to derive from financials),BBB,default - no public rating available; derive from leverage/margin post-SEC pull,0000072331,True,2025-10-31,2791687000.0,484474000.0,5917681000.0,,3043571000.0,108442000.0,719175000.0,58060000.0,59505000.0,1251903000.0,516914000.0,79264000.0,815514000.0,1242851000.0,758260000.0,587843000.0,444814000.0,121006000.0,1996254000.0,315000000.0,2311254000.0,661115000.0,0.66,0.3905675212976164,0.018325083761696517,0.1735416613681978,0.11171859382078891,-0.03966097530434642,1.639082900324427,283.5299987792969,0.029969485747543656,-0.023547211978193427,0.22060769268540745,-0.049745542558374045,True,,,False,True,False,False,False,False,False,False,False,False,False,False,False,True,True,False,False,False,False,False,False,False,False,True,False,False,False,False,False,False,False,False,False,False,False,1,1,92.1,Strong public-data coverage
NEE,NextEra Energy,Utilities,Multi-Utilities,S&P 500,A / BBB+ bucket,A,demo_bucket_to_refresh,0000753308,True,2025-12-31,14256000000.0,6835000000.0,212721000000.0,146242000000.0,54608000000.0,2812000000.0,12485000000.0,,,,156197000000.0,6580000000.0,,13584000000.0,22817000000.0,4018000000.0,2420000000.0,,89556000000.0,3500000000.0,93056000000.0,,0.687482665087133,0.4374556343755436,0.013219193215526441,0.1,-0.01,-0.026560612257369984,0.5953455756672656,93.0999984741211,-0.010416702145621182,0.047550441059077464,0.2520538313608398,-0.04883529743999826,True,,,False,False,False,False,True,True,False,False,False,False,False,False,False,True,True,True,False,False,False,False,False,False,False,False,False,False,False,False,False,False,False,False,False,False,False,2,1,85.8,Strong public-data coverage
NEM,Newmont,Materials,Gold,S&P 500,NR (to derive from financials),A,default - no public rating available; derive from leverage/margin post-SEC pull,0001164727,True,2025-12-31,22669000000.0,7085000000.0,57121000000.0,23079000000.0,33867000000.0,7647000000.0,10334000000.0,3035000000.0,249000000.0,,33310000000.0,2521000000.0,382000000.0,13066000000.0,5712000000.0,1067000000.0,700000000.0,816000000.0,5115000000.0,0.0,5115000000.0,7299000000.0,0.4040370441693948,0.08954675163249944,0.13387370669281,0.31254135603687855,0.127781376376464,-0.056879256315540694,2.2874649859943976,116.51000213623047,-0.03631099532044879,-0.0330010144776941,0.5179357365564798,-0.11522703913436949,True,,,False,False,False,False,False,False,False,False,False,False,False,False,False,True,True,False,False,False,False,False,False,False,False,True,False,False,False,False,False,False,False,True,False,False,False,0,2,97.0,Strong public-data coverage
NFLX,"Netflix, Inc.",Industrials,,Nasdaq 100; S&P 500,BBB / BB bucket,BBB,demo_bucket_to_refresh,0001065280,True,2025-12-31,45183036000.0,10981201000.0,55596993000.0,28981505000.0,26615488000.0,9033681000.0,10149273000.0,688220000.0,699826000.0,23275329000.0,2004350000.0,333389000.0,1888408000.0,13020191000.0,10980930000.0,,,900612000.0,13463971000.0,998865000.0,14462836000.0,9461053000.0,0.5212782820826299,0.2601370185614175,0.1624850646149154,0.24303813935832022,0.17017202710945176,0.014963543082267057,1.185709316059751,87.48999786376953,-0.15066502233380963,0.07389218795711283,0.4498707943312886,-0.24414688670609475,True,,,False,False,False,False,False,False,False,False,False,False,False,False,False,True,True,False,False,False,False,False,False,False,False,True,False,False,False,False,False,False,False,False,False,False,False,0,1,98.5,Strong public-data coverage
NI,NiSource,Utilities,Multi-Utilities,S&P 500,NR (to derive from financials),A,default - no public rating available; derive from leverage/margin post-SEC pull,0001111711,True,2025-12-31,6522800000.0,929500000.0,35858700000.0,,9450100000.0,110100000.0,2362300000.0,2782300000.0,489600000.0,1534800000.0,28688200000.0,1167600000.0,,2377200000.0,3457400000.0,1197500000.0,,1124500000.0,6427700000.0,736000000.0,736000000.0,-420000000.0,0.74,0.020525005089420418,0.00307038459286031,0.14250015330839516,-0.011712638773854044,-0.039956830559947795,0.6875686932376931,46.720001220703125,-0.021587225909656116,0.05765428706294595,0.1865477300001477,-0.03231146640506333,True,,,False,True,False,False,False,False,False,False,False,False,False,False,False,True,True,False,False,False,False,False,False,False,False,True,True,False,False,False,False,False,False,False,False,True,False,1,3,89.1,Strong public-data coverage
NKE,Nike,Consumer Discretionary,,Dow; S&P 500,A bucket,A,demo_bucket_to_refresh,0000320187,True,2025-05-31,46309000000.0,3219000000.0,36579000000.0,,13213000000.0,7464000000.0,3698000000.0,430000000.0,,26519000000.0,4828000000.0,775000000.0,16088000000.0,23362000000.0,10566000000.0,4717000000.0,7489000000.0,3479000000.0,7961000000.0,5000000.0,7966000000.0,3268000000.0,0.72,0.21777522622269607,0.20405150496186336,0.06951132609212032,0.08934087864621777,-0.013094945187129227,2.2110543251940187,44.13999938964844,0.035664019142584547,-0.28804709174510057,0.40500518285387577,-0.34445295389565733,True,,,False,True,False,False,False,False,False,False,False,False,False,False,False,True,True,False,False,False,False,False,False,False,False,False,False,False,False,False,False,False,False,False,False,False,False,1,0,93.6,Strong public-data coverage
NOC,Northrop Grumman,Aerospace & Defense,Aerospace & Defense,S&P 500,BBB+ / A- bucket,A-,demo_bucket_to_refresh,0001133421,True,2025-12-31,41954000000.0,4182000000.0,51377000000.0,34703000000.0,16674000000.0,4403000000.0,4757000000.0,1450000000.0,665000000.0,12271000000.0,10972000000.0,1472000000.0,4033000000.0,15287000000.0,13882000000.0,1375000000.0,1309000000.0,3240000000.0,15696000000.0,534000000.0,16230000000.0,3307000000.0,0.6754578897171887,0.3159001109445861,0.08569982677073398,0.09968060256471373,0.06436732389979952,-0.011191778422251202,1.1012102002593287,549.52001953125,-0.1843616352816606,-0.21022322313216601,0.29399730106290417,-0.28449779230150585,True,,,False,False,False,False,False,False,False,False,False,False,False,False,False,True,True,False,False,False,False,False,False,False,False,False,True,False,False,False,False,False,False,False,False,False,False,0,1,98.5,Strong public-data coverage
NOW,ServiceNow,Technology,Systems Software,S&P 500,A- shown,A-,screenshot,0001373715,True,2025-12-31,13278000000.0,1748000000.0,26038000000.0,13074000000.0,12964000000.0,3726000000.0,5444000000.0,868000000.0,27000000.0,2983000000.0,2289000000.0,738000000.0,1123000000.0,10471000000.0,10443000000.0,2627000000.0,,204000000.0,1484000000.0,0.0,,4576000000.0,0.5021122974114756,0.18,0.1430985482755972,0.13164633227895767,0.17574314463476456,-0.141946386051156,1.0026812218711099,91.18000030517578,0.09855422054428642,-0.12217196597526647,0.6347042442788251,-0.47446080226976006,True,,,False,False,True,False,False,False,False,False,False,False,False,False,False,True,True,False,False,False,False,False,False,False,False,True,False,False,False,False,False,False,False,False,False,True,True,1,3,89.1,Strong public-data coverage
NRG,NRG Energy,Utilities,Independent Power Producers & Energy Traders,S&P 500,NR (to derive from financials),B+,default - no public rating available; derive from leverage/margin post-SEC pull,0001013871,True,2025-12-31,30713000000.0,864000000.0,29140000000.0,27459000000.0,1681000000.0,4708000000.0,1913000000.0,1147000000.0,667000000.0,6540000000.0,3048000000.0,1406000000.0,2602000000.0,13147000000.0,8029000000.0,4065000000.0,461000000.0,2834000000.0,10892000000.0,777000000.0,11669000000.0,766000000.0,0.9423129718599863,0.40044612216884007,0.16156485929993136,0.028131410152052876,0.026286890871654083,-0.03599862731640357,1.637439282600573,138.11000061035156,-0.1556473225280195,-0.11037153228847851,0.49957336838637856,-0.2472262438862759,True,,,False,False,False,False,False,False,False,False,False,False,False,False,False,True,True,False,False,False,False,False,False,False,False,True,True,True,False,False,False,False,False,False,False,False,False,0,3,95.5,Strong public-data coverage
NSC,Norfolk Southern,Transportation,Rail Transportation,S&P 500,NR (to derive from financials),NR,default - no public rating available; derive from leverage/margin post-SEC pull,0000702165,True,2025-12-31,12180000000.0,2873000000.0,45236000000.0,29689000000.0,15547000000.0,1530000000.0,4361000000.0,2204000000.0,807000000.0,,36479000000.0,1393000000.0,,3198000000.0,3775000000.0,988000000.0,,1863000000.0,9736000000.0,0.0,,2157000000.0,0.6563135555752055,0.42,0.03382261915288708,0.2358784893267652,0.047683261119462375,-0.032894155097709786,0.8471523178807947,312.010009765625,0.0576120346647071,0.024989776613362658,0.2305496143591104,-0.025137274372249885,True,,,False,False,True,False,False,False,False,False,False,False,False,False,False,True,True,False,False,False,False,False,False,False,False,False,False,False,False,False,False,False,False,False,False,True,True,1,2,90.6,Strong public-data coverage
NTAP,NetApp,Technology,"Technology Hardware, Storage & Peripherals",S&P 500,NR (to derive from financials),BB,default - no public rating available; derive from leverage/margin post-SEC pull,0001002047,True,2025-04-25,6572000000.0,1186000000.0,10823000000.0,9783000000.0,1040000000.0,2742000000.0,1506000000.0,168000000.0,64000000.0,1959000000.0,563000000.0,196000000.0,311000000.0,5851000000.0,4662000000.0,1246000000.0,186000000.0,511000000.0,3235000000.0,750000000.0,3985000000.0,1338000000.0,0.903908343342881,0.36819735747944193,0.25334934860944286,0.18046256847230677,0.12362561212233207,-0.029566663586805875,1.255040755040755,118.0,0.23006358411982064,0.1439468910878552,0.34402384332355934,-0.0017326798654982989,True,,,False,False,False,False,False,False,False,False,False,False,False,False,False,True,True,False,False,False,False,False,False,False,False,False,False,False,False,False,False,False,False,False,False,False,False,0,0,100.0,Strong public-data coverage
NTRS,Northern Trust,Financials,Asset Management & Custody Banks,S&P 500,NR (to derive from financials),NR,default - no public rating available; derive from leverage/margin post-SEC pull,0000073124,True,2025-12-31,8086400000.0,1736900000.0,177132700000.0,164174800000.0,12957900000.0,5873100000.0,5533500000.0,74000000.0,5343000000.0,,464600000.0,,,,,,,,1421600000.0,,,5459500000.0,0.9268463699813756,0.25,0.03315649792500199,0.2147927384250099,0.0308215253310089,-0.02143364833257778,1.0,160.41000366210938,0.05373453435031861,0.04204971742340091,0.3057845547570683,-0.06597182641586485,True,,,False,False,True,False,False,False,False,True,False,False,False,False,False,True,True,False,False,False,False,False,False,False,False,True,False,False,False,False,False,False,False,False,False,True,False,2,2,84.3,Usable for demo; some stale/missing fields
NUE,Nucor,Materials,Steel,S&P 500,NR (to derive from financials),A,default - no public rating available; derive from leverage/margin post-SEC pull,0000073309,True,2025-12-31,32494000000.0,1744000000.0,35104000000.0,12980000000.0,20936000000.0,2260000000.0,3234000000.0,3422000000.0,170000000.0,28616000000.0,15306000000.0,1226000000.0,1219000000.0,11765000000.0,4004000000.0,3105000000.0,5462000000.0,1890000000.0,4233276000.0,122000000.0,122000000.0,-188000000.0,0.3697584320875114,0.00347538742023701,0.06438012762078396,0.05367144703637595,-0.005355515041020966,-0.04244530537830447,2.938311688311688,227.5,0.22232971184400818,0.18228676011127076,0.2907411902334761,-0.028690979359917823,True,,,False,False,False,False,False,False,False,False,False,False,False,False,False,True,True,False,False,False,False,False,False,False,False,False,False,False,False,False,False,False,False,False,False,True,False,0,1,98.5,Strong public-data coverage
NVDA,Nvidia,Technology,,Dow; Nasdaq 100; S&P 500,A / AA bucket,AA,demo_bucket_to_refresh,0001045810,True,2026-01-25,215938000000.0,120067000000.0,206803000000.0,49510000000.0,157293000000.0,10605000000.0,102718000000.0,6042000000.0,257000000.0,62475000000.0,10383000000.0,2843000000.0,4579000000.0,125605000000.0,32163000000.0,38466000000.0,21403000000.0,9812000000.0,8468000000.0,999000000.0,9467000000.0,96676000000.0,0.23940658501085574,0.045777865891694025,0.05128068741749394,0.5560253406070261,0.46747871162410604,0.08389143290958062,3.905263812455306,215.1999969482422,0.14085771816597492,0.13245448954603134,0.3614667824512918,-0.006509411652907748,True,,,False,False,False,False,False,False,False,False,False,False,False,False,False,True,True,False,False,False,False,False,False,False,False,True,False,False,False,False,False,False,False,False,False,False,False,0,1,98.5,Strong public-data coverage
NVR,"NVR, Inc.",Consumer Discretionary,Homebuilding,S&P 500,NR (to derive from financials),NR,default - no public rating available; derive from leverage/margin post-SEC pull,0000906163,True,2025-12-31,10323959000.0,1339816000.0,5856930000.0,1992061000.0,3864869000.0,1956881000.0,1121320000.0,24508000.0,27783000.0,,,24510000.0,,,,,,,600115000.0,,,1096812000.0,0.34012033608050635,0.32,0.3341137763299203,0.1297773460743112,0.18726739093689015,0.03730555086026297,1.05,5974.06982421875,-0.11495786845014377,-0.24208572118129346,0.31978041479935554,-0.2622100312799098,True,,,False,False,True,False,False,False,False,True,False,False,False,False,False,True,True,False,False,False,False,False,False,False,False,False,False,False,False,False,False,False,False,False,False,True,False,2,1,85.8,Strong public-data coverage
NWS,News Corp (Class B),Communication Services,Publishing,S&P 500,NR (to derive from financials),A,default - no public rating available; derive from leverage/margin post-SEC pull,0001564708,True,2025-06-30,8452000000.0,1180000000.0,15504000000.0,,8774000000.0,2403000000.0,978000000.0,407000000.0,,,1331000000.0,459000000.0,3301000000.0,4811000000.0,2608000000.0,1562000000.0,327000000.0,335000000.0,1962000000.0,25000000.0,1987000000.0,571000000.0,0.62,0.12816047471620226,0.15499226006191952,0.1396119261713204,0.036829205366357066,0.01302889576883385,1.8447085889570551,31.309999465942383,0.1079263698640538,0.19624852622859468,0.23726526504399092,0.0,True,,,False,True,False,False,False,False,False,False,False,False,False,False,False,True,True,False,False,False,False,False,False,False,False,False,False,False,False,False,False,False,False,False,False,False,False,1,0,93.6,Strong public-data coverage
NWSA,News Corp (Class A),Communication Services,Publishing,S&P 500,NR (to derive from financials),A,default - no public rating available; derive from leverage/margin post-SEC pull,0001564708,True,2025-06-30,8452000000.0,1180000000.0,15504000000.0,,8774000000.0,2403000000.0,978000000.0,407000000.0,,,1331000000.0,459000000.0,3301000000.0,4811000000.0,2608000000.0,1562000000.0,327000000.0,335000000.0,1962000000.0,25000000.0,1987000000.0,571000000.0,0.62,0.12816047471620226,0.15499226006191952,0.1396119261713204,0.036829205366357066,0.01302889576883385,1.8447085889570551,27.020000457763672,0.10375820927385959,0.19317998146166482,0.23558543451338818,-0.0007396618745003636,True,,,False,True,False,False,False,False,False,False,False,False,False,False,False,True,True,False,False,False,False,False,False,False,False,False,False,False,False,False,False,False,False,False,False,False,False,1,0,93.6,Strong public-data coverage
NXPI,NXP Semiconductors,Industrials,,Nasdaq 100; S&P 500,NR (to derive from financials),BB,default - no public rating available; derive from leverage/margin post-SEC pull,0001413447,True,2026-03-29,12269000000.0,2021000000.0,26560000000.0,15839000000.0,10056000000.0,3267000000.0,2820000000.0,397000000.0,466000000.0,5553000000.0,2977000000.0,832000000.0,1204000000.0,7940000000.0,3881000000.0,1055000000.0,2577000000.0,997000000.0,11040000000.0,1250000000.0,12290000000.0,2423000000.0,0.5963478915662651,0.4627259036144578,0.12300451807228915,0.16472410139375662,0.09122740963855422,-0.030082831325301203,2.045864467920639,294.75,0.4422371534088838,0.2943063945251505,0.6312711726504855,-0.028990242618525897,True,,,False,False,False,False,False,False,False,False,False,False,False,False,False,True,True,False,False,False,False,False,False,False,False,False,False,False,False,False,False,False,False,False,False,False,False,0,0,100.0,Strong public-data coverage
O,Realty Income,Real Estate,Retail REITs,S&P 500,NR (to derive from financials),NR,default - no public rating available; derive from leverage/margin post-SEC pull,0000726728,True,2025-12-31,5749377000.0,1058590000.0,72795612000.0,32671644000.0,39438695000.0,434842000.0,3994754000.0,,730423000.0,,,2524200000.0,202554000.0,,,,,,3975000000.0,,,,0.4488133707839423,0.45,0.005973464444532728,0.18412255797454227,0.02,-0.040334354219042766,0.9,61.91999816894531,-0.02452908551216837,-0.005906579584859517,0.1700195888293633,-0.07544264898018749,True,,,False,False,True,False,False,True,False,True,False,False,False,False,False,True,True,False,False,False,False,False,False,False,False,True,False,False,False,False,False,False,False,False,False,True,False,3,2,77.9,Usable for demo; some stale/missing fields
ODFL,Old Dominion Freight Line,Industrials,,Nasdaq 100; S&P 500,NR (to derive from financials),A,default - no public rating available; derive from leverage/margin post-SEC pull,0000878927,True,2025-12-31,3358112000.0,1023703000.0,5470160000.0,1159103000.0,4311057000.0,120091000.0,1370133000.0,415034000.0,296000.0,,4504204000.0,364683000.0,,694833000.0,483906000.0,471947000.0,,62696000.0,45000000.0,20000000.0,20000000.0,955099000.0,0.21189563010953977,0.0036562001842724893,0.021953836816473376,0.09,0.17460165698992353,-0.06333087149187593,1.4358842419808806,198.3300018310547,-0.048092171725124144,0.012732558687664541,0.42983953147589987,-0.11625522034916802,True,,,False,False,False,False,True,False,False,False,False,False,False,False,False,True,True,True,False,False,False,False,False,False,False,False,False,False,False,False,False,False,False,False,False,True,False,1,2,90.6,Strong public-data coverage
OKE,Oneok,Energy,Oil & Gas Storage & Transportation,S&P 500,NR (to derive from financials),BB,default - no public rating available; derive from leverage/margin post-SEC pull,0001039684,True,2025-12-31,33629000000.0,3393000000.0,66641000000.0,,22485000000.0,78000000.0,5599000000.0,3152000000.0,866000000.0,23373000000.0,47861000000.0,1514000000.0,,4488000000.0,6365000000.0,3010000000.0,948000000.0,2838000000.0,30755000000.0,820000000.0,31575000000.0,2447000000.0,0.48,0.4738074158551042,0.0011704506234900436,0.1008950608106099,0.03671913686769406,-0.03310274455665431,0.7051060487038492,85.16000366210938,-0.0003420231452677669,0.03669577446396577,0.28402183763614497,-0.08279569980829427,True,,,False,True,False,False,False,False,False,False,False,False,False,False,False,True,True,False,False,False,False,False,False,False,False,True,False,False,False,False,False,False,False,False,False,False,False,1,1,92.1,Strong public-data coverage
OMC,Omnicom Group,Communication Services,Advertising,S&P 500,NR (to derive from financials),A-,default - no public rating available; derive from leverage/margin post-SEC pull,0000029989,True,2025-12-31,17271900000.0,-54500000.0,54415300000.0,,12045800000.0,6881100000.0,2938200000.0,149800000.0,263400000.0,15804800000.0,1010300000.0,276700000.0,745700000.0,27465400000.0,29538200000.0,14398000000.0,,20659500000.0,9272900000.0,62000000.0,9334900000.0,2788400000.0,0.62,0.17154917826420144,0.12645524328635513,-0.003155414285631575,0.05124294086405846,-0.05499739962841333,0.9298264620051323,77.05999755859375,0.030627270540872775,0.10005464110097728,0.406523989129655,-0.09290365885430818,True,,,False,True,False,False,False,False,False,False,False,False,False,False,False,True,True,False,False,False,False,False,False,False,False,False,False,False,False,False,False,False,False,False,False,False,False,1,0,93.6,Strong public-data coverage
ON,ON Semiconductor,Technology,Semiconductors,S&P 500,NR (to derive from financials),BBB+,default - no public rating available; derive from leverage/margin post-SEC pull,0001097864,True,2025-12-31,5995400000.0,121000000.0,12524100000.0,4832200000.0,7673300000.0,2147600000.0,1759800000.0,341200000.0,74800000.0,4011500000.0,3369000000.0,686000000.0,348900000.0,5823100000.0,1287700000.0,908000000.0,1989600000.0,572300000.0,2980500000.0,0.0,2980500000.0,1418600000.0,0.3858321156809671,0.23798117229980598,0.17147739158901637,0.020182139640390968,0.11326961618000495,-0.1308517178879121,4.522093655354508,103.19999694824219,0.503277416670399,0.5852534464999537,0.5588055457877379,-0.02429800299131135,True,,,False,False,False,False,False,False,False,False,False,False,False,False,False,True,True,False,False,False,False,False,False,False,False,True,False,False,False,False,False,False,False,False,False,False,False,0,1,98.5,Strong public-data coverage
ORCL,Oracle Corporation,Technology,Application Software,S&P 500,A shown,A,screenshot,0001341439,True,2025-05-31,57399000000.0,12443000000.0,168361000000.0,,20451000000.0,10786000000.0,20821000000.0,21215000000.0,3578000000.0,2888000000.0,43522000000.0,3867000000.0,1602000000.0,24579000000.0,32643000000.0,8558000000.0,303000000.0,5113000000.0,0.0,,,-394000000.0,0.55,0.18,0.06406471807603899,0.21678078015296434,-0.002340209430925214,-0.04976211830530824,0.7529638819961401,195.9499969482422,0.41900211561143563,0.2557275096770031,0.5754390990941181,-0.19132837462959118,True,,,False,True,True,False,False,False,False,False,False,False,False,False,False,True,True,False,False,False,False,False,False,False,False,False,True,False,False,False,False,False,False,False,False,True,False,2,2,84.3,Usable for demo; some stale/missing fields
ORLY,O'Reilly Automotive,Industrials,,Nasdaq 100; S&P 500,NR (to derive from financials),BBB,default - no public rating available; derive from leverage/margin post-SEC pull,0000898173,True,2025-12-31,17781992000.0,2538209000.0,16538253000.0,,-763352000.0,193793000.0,2761993000.0,1168815000.0,,8607851000.0,6257425000.0,511230000.0,5713529000.0,6744277000.0,8775821000.0,389793000.0,5731385000.0,7103684000.0,6016904000.0,25000.0,6016904000.0,1593178000.0,0.66,0.36381738748343007,0.011717864033159971,0.14274041963352588,0.09633290771401308,-0.013531296201600011,0.7685066730508747,92.95999908447266,-0.0005376094033905376,0.0025884152352226852,0.2855870189261692,-0.08593901795510916,True,,,False,True,False,False,False,False,False,False,False,False,False,False,False,True,True,False,False,False,False,False,False,False,False,False,False,False,False,False,False,False,False,False,False,False,True,1,1,92.1,Strong public-data coverage
OTIS,Otis Worldwide,Industrials,Industrial Machinery & Supplies & Components,S&P 500,NR (to derive from financials),B-,default - no public rating available; derive from leverage/margin post-SEC pull,0001781335,True,2025-12-31,14431000000.0,1384000000.0,10653000000.0,15924000000.0,-5392000000.0,1096000000.0,1596000000.0,152000000.0,5000000.0,,743000000.0,113000000.0,1979000000.0,6501000000.0,7656000000.0,3688000000.0,613000000.0,2142000000.0,7741000000.0,215000000.0,7956000000.0,1444000000.0,1.494790199943678,0.7468318783441285,0.10288181732845209,0.09590464971242464,0.13554867173566132,-0.01990049751243781,0.8491379310344828,74.81999969482422,-0.06416507128498095,-0.15829707797084402,0.26288408412250236,-0.20081181905801837,True,,,False,False,False,False,False,False,False,False,False,False,False,False,False,True,True,False,False,False,False,False,False,False,False,True,False,False,False,False,False,False,False,False,False,False,False,0,1,98.5,Strong public-data coverage
OXY,Occidental Petroleum,Energy,Oil & Gas Exploration & Production,S&P 500,BBB / BB bucket,BBB,demo_bucket_to_refresh,0000797468,True,2025-12-31,21593000000.0,2369000000.0,84186000000.0,,36034000000.0,1968000000.0,10532000000.0,6427000000.0,1079000000.0,3121000000.0,63643000000.0,7533000000.0,986000000.0,8827000000.0,9428000000.0,2575000000.0,1823000000.0,3285000000.0,21397000000.0,440000000.0,21397000000.0,4105000000.0,0.48,0.25416340009027627,0.023376808495474306,0.10971148057240772,0.04876107666357827,-0.09696386572589266,0.9362537123462028,53.029998779296875,-0.08521653160914544,0.1419157328950602,0.4303895939283691,-0.19942632111251868,True,,,False,True,False,False,False,False,False,False,False,False,False,False,False,True,True,False,False,False,False,False,False,False,False,False,False,False,False,False,False,False,False,False,False,False,True,1,1,92.1,Strong public-data coverage
PANW,Palo Alto Networks,Industrials,,Nasdaq 100; S&P 500,NR (to derive from financials),NR,default - no public rating available; derive from leverage/margin post-SEC pull,0001327567,True,2025-07-31,9221500000.0,1133900000.0,23576200000.0,15751800000.0,7824400000.0,2268600000.0,3716000000.0,246200000.0,8300000.0,2451600000.0,387300000.0,343400000.0,442700000.0,7522800000.0,7988000000.0,2965000000.0,113400000.0,232200000.0,1991500000.0,,,3469800000.0,0.6681229375387043,0.28,0.0962241582612974,0.12296264165265955,0.1471738448095961,-0.10952146656373801,0.9417626439659489,207.8800048828125,0.3348745301869376,0.2522891860410392,0.4575717532263447,-0.047601590627536994,True,,,False,False,True,False,False,False,False,False,False,False,False,False,False,True,True,False,False,False,False,False,False,False,False,False,False,False,False,False,False,False,False,False,False,True,False,1,1,92.1,Strong public-data coverage
PAYX,Paychex,Industrials,,Nasdaq 100; S&P 500,NR (to derive from financials),BBB,default - no public rating available; derive from leverage/margin post-SEC pull,0000723531,True,2025-05-31,5571700000.0,1657300000.0,16564100000.0,12436100000.0,4128000000.0,1628600000.0,1900900000.0,191800000.0,37300000.0,1540400000.0,511500000.0,209500000.0,1823600000.0,8916500000.0,6956300000.0,1330500000.0,,129800000.0,4948200000.0,18600000.0,4966800000.0,1709100000.0,0.7507863391310122,0.29985329719091286,0.09832106785155849,0.2974496114291868,0.10318097572460924,-0.014706503824536196,1.281787731983957,93.93000030517578,0.09769779876319462,-0.04240999274161361,0.31174725843247525,-0.1867459919394563,True,,,False,False,False,False,False,False,False,False,False,False,False,False,False,True,True,False,False,False,False,False,False,False,False,False,False,False,False,False,False,False,False,False,False,False,False,0,0,100.0,Strong public-data coverage
PCAR,Paccar,Industrials,,Nasdaq 100; S&P 500,NR (to derive from financials),NR,default - no public rating available; derive from leverage/margin post-SEC pull,0000075362,True,2025-12-31,28444800000.0,2375800000.0,44336200000.0,,19264000000.0,3435900000.0,4415800000.0,743000000.0,,22736700000.0,4505300000.0,398200000.0,735800000.0,,,,1976000000.0,,,,,3672800000.0,0.66,0.28,0.06,0.08352317471031612,0.08283975622628913,-0.04601206237792143,1.2,114.30999755859375,-0.10126585923092535,-0.09942143685980054,0.28674761729990805,-0.11716094122266651,True,,,False,True,True,True,False,False,False,True,False,False,False,False,False,True,True,False,False,False,False,False,True,False,False,False,False,False,False,False,False,False,False,True,False,False,False,4,2,71.5,Usable for demo; some stale/missing fields
PCG,PG&E Corporation,Utilities,Multi-Utilities,S&P 500,BB / B bucket,BB,demo_bucket_to_refresh,0001004980,True,2025-12-31,24935000000.0,2703000000.0,141611000000.0,,32540000000.0,713000000.0,8716000000.0,11787000000.0,2850000000.0,,96348000000.0,,,15830000000.0,16300000000.0,2267000000.0,75000000.0,1975000000.0,57387000000.0,2675000000.0,60062000000.0,-3071000000.0,0.74,0.4241337184258285,0.005034919603703102,0.10840184479647083,-0.021686168447366375,-0.042461390711173566,0.9711656441717792,16.06999969482422,-0.13322551773093427,-0.014305905443043665,0.24596075510717957,-0.15666676843016125,True,,,False,True,False,False,False,False,False,False,False,False,False,False,False,True,True,False,False,False,False,False,False,False,False,True,False,False,False,False,False,False,False,False,True,False,False,1,2,90.6,Strong public-data coverage
PDD,PDD Holdings,Industrials,,Nasdaq 100,NR (to derive from financials),NR,default - no public rating available; derive from leverage/margin post-SEC pull,0001737806,True,2025-12-31,61753116000.0,13991297000.0,90095139000.0,30981848000.0,59113291000.0,15572577000.0,15292029000.0,6597000.0,6195000.0,26998292000.0,186762000.0,86011000.0,1166540000.0,74213136000.0,30564007000.0,,2228000.0,4670742000.0,,,,,0.3438792408100952,0.28,0.17284591791350695,0.22656827551827508,0.04,-0.014437316090938047,2.428121940948384,98.77999877929688,-0.013876404263321263,-0.06431752330354734,0.31725224398338353,-0.2848765996707203,True,,,False,False,True,False,False,True,False,False,False,False,False,False,False,True,True,False,False,False,False,False,False,False,True,True,False,False,False,False,False,False,False,True,False,False,False,2,3,82.8,Usable for demo; some stale/missing fields
PEG,Public Service Enterprise Group,Utilities,Electric Utilities,S&P 500,NR (to derive from financials),BBB-,default - no public rating available; derive from leverage/margin post-SEC pull,0000788784,True,2025-12-31,12168000000.0,2111000000.0,57576000000.0,,16982000000.0,132000000.0,3298000000.0,3272000000.0,1005000000.0,3056000000.0,15440000000.0,1158000000.0,1925000000.0,4596000000.0,5740000000.0,1888000000.0,360000000.0,1489000000.0,22545000000.0,875000000.0,23420000000.0,26000000.0,0.74,0.40676670835070167,0.0022926219258024177,0.17348783694937542,0.0004515770459913853,-0.020616228984299014,0.8006968641114982,77.12999725341797,-0.07217611209235675,-0.042253610525981755,0.20876069634369548,-0.1058096378591934,True,,,False,True,False,False,False,False,False,False,False,False,False,False,False,True,True,False,False,False,False,False,False,False,False,False,True,True,True,True,False,False,False,True,False,False,False,1,5,86.1,Strong public-data coverage
PEP,PepsiCo,Industrials,,Nasdaq 100; S&P 500,A+ / AA bucket,AA,demo_bucket_to_refresh,0000077476,True,2025-12-27,93925000000.0,8240000000.0,107399000000.0,86852000000.0,20406000000.0,9159000000.0,12087000000.0,4415000000.0,1121000000.0,43066000000.0,29905000000.0,3451000000.0,37368000000.0,27949000000.0,32764000000.0,11506000000.0,5845000000.0,11704000000.0,46351000000.0,2200000000.0,46351000000.0,7672000000.0,0.8086853695099582,0.43157757521019746,0.0852801236510582,0.08772957146659568,0.07143455711878137,-0.035819700369649626,0.8530399218654621,154.6199951171875,-0.015535479939734254,-0.06288589509165299,0.19109464455970618,-0.08498221195861333,True,,,False,False,False,False,False,False,False,False,False,False,False,False,False,True,True,False,False,False,False,False,False,False,False,False,False,False,False,False,False,False,False,False,False,False,True,0,1,98.5,Strong public-data coverage
PFE,Pfizer,Healthcare,Pharmaceuticals,S&P 500,A bucket,A,demo_bucket_to_refresh,0000078003,True,2025-12-31,62579000000.0,7771000000.0,208160000000.0,121385000000.0,86476000000.0,1142000000.0,11704000000.0,2629000000.0,2671000000.0,16067000000.0,19317000000.0,6592000000.0,13794000000.0,42898000000.0,36984000000.0,11874000000.0,10654000000.0,5240000000.0,61641000000.0,2997000000.0,64638000000.0,9075000000.0,0.5831331667947732,0.3105207532667179,0.0054861644888547275,0.12417903769635182,0.04359627209838586,-0.018894119907763258,1.1599069868051048,25.68000030517578,-0.030316011726048697,-0.03497618532747249,0.2024284274221984,-0.08567794023831277,True,,,False,False,False,False,False,False,False,False,False,False,False,False,False,True,True,False,False,False,False,False,False,False,False,False,False,False,False,False,False,False,False,False,False,False,False,0,0,100.0,Strong public-data coverage
PFG,Principal Financial Group,Financials,Life & Health Insurance,S&P 500,NR (to derive from financials),BBB,default - no public rating available; derive from leverage/margin post-SEC pull,0001126328,True,2025-12-31,15625500000.0,1185100000.0,341376500000.0,328985200000.0,11883900000.0,4431000000.0,4536700000.0,,,,701400000.0,202900000.0,,,,,,,3926300000.0,27700000.0,3954000000.0,,0.9637019537080027,0.01158251959346938,0.012979803823637538,0.07584397299286423,0.015,-0.009817899005936262,1.0,100.5,0.09477120543598505,0.057063303255415754,0.24670646342687155,-0.010339763862169948,True,,,False,False,False,False,False,True,False,True,False,False,False,False,False,True,True,False,False,False,False,False,False,False,False,False,False,False,True,False,False,False,False,False,False,False,False,2,1,85.8,Strong public-data coverage
PG,Procter & Gamble,Consumer Staples,,Dow; S&P 500,AA / A bucket,AA,demo_bucket_to_refresh,0000080424,True,2025-06-30,84284000000.0,15974000000.0,125231000000.0,72946000000.0,52284000000.0,9556000000.0,17817000000.0,3773000000.0,756000000.0,41164000000.0,23897000000.0,2847000000.0,22669000000.0,25392000000.0,36058000000.0,6185000000.0,7551000000.0,15227000000.0,24995000000.0,5377000000.0,30372000000.0,14044000000.0,0.5824915556052415,0.24252780860968928,0.07630698469228865,0.1895258886621423,0.11214475649000646,-0.014716803347413978,0.7041987908369849,146.4199981689453,0.016275392769855346,-0.06233686893298518,0.21891205822728899,-0.11768807299633566,True,,,False,False,False,False,False,False,False,False,False,False,False,False,False,True,True,False,False,False,False,False,False,False,False,True,False,False,False,False,False,False,False,False,False,False,False,0,1,98.5,Strong public-data coverage
PGR,Progressive Corporation,Financials,Property & Casualty Insurance,S&P 500,NR (to derive from financials),A,default - no public rating available; derive from leverage/margin post-SEC pull,0000080661,True,2025-12-31,87671000000.0,11308000000.0,123039000000.0,92716000000.0,30323000000.0,138000000.0,17548000000.0,348000000.0,,,783000000.0,313000000.0,,,,,,,2707900000.0,0.0,0.0,17200000000.0,0.7535496874974602,0.0,0.0011215955916416746,0.12898221760901551,0.1397930737408464,-0.05071562675249311,1.0,194.0,-0.0006696794907669057,-0.036866018379867804,0.22241465261486587,-0.12663379414896114,True,,,False,False,False,False,False,False,False,True,False,False,False,False,False,True,True,False,False,False,False,False,False,False,False,False,False,False,False,False,False,False,False,False,False,True,False,1,1,92.1,Strong public-data coverage
PH,Parker Hannifin,Industrials,Industrial Machinery & Supplies & Components,S&P 500,NR (to derive from financials),A-,default - no public rating available; derive from leverage/margin post-SEC pull,0000076334,True,2025-06-30,19850000000.0,3532000000.0,29494000000.0,15803000000.0,13682000000.0,467000000.0,3776000000.0,435000000.0,573894000.0,12535000000.0,2937000000.0,354000000.0,3255000000.0,6950000000.0,5819000000.0,2910000000.0,2839000000.0,2126000000.0,7501000000.0,3763175000.0,7501000000.0,3341000000.0,0.5358038923170815,0.2543229131348749,0.01583372889401234,0.1779345088161209,0.11327727673425103,-0.008272869058113514,1.1943632926619694,878.8300170898438,-0.10507048274510133,-0.10017018257755861,0.3121569735635897,-0.13900370499708192,True,,,False,False,False,False,False,False,False,False,False,False,False,False,False,True,True,False,False,False,False,False,False,False,False,True,False,False,False,False,False,False,False,False,False,False,True,0,2,97.0,Strong public-data coverage
PHM,PulteGroup,Consumer Discretionary,Homebuilding,S&P 500,NR (to derive from financials),A,default - no public rating available; derive from leverage/margin post-SEC pull,0000822416,True,2026-03-31,17311953000.0,2218730000.0,18048423000.0,5062981000.0,12985442000.0,1980869000.0,1871249000.0,122716000.0,605000.0,2527301000.0,238614000.0,112507000.0,1573928000.0,,,6200000.0,,,43900000.0,,43900000.0,1748533000.0,0.280522071097292,0.0024323454741724524,0.10975302385144674,0.12816173888642143,0.09688009861027748,0.01925270700936032,1.05,117.55000305175781,-0.023103122554589794,-0.11006490123418855,0.33894541199376443,-0.1736763199633935,True,,,False,False,False,False,False,False,False,True,False,False,False,False,False,True,True,False,False,False,False,False,False,False,False,False,False,False,False,False,False,False,True,False,False,False,False,1,1,92.1,Strong public-data coverage
PKG,Packaging Corporation of America,Materials,Paper & Plastic Packaging Products & Materials,S&P 500,NR (to derive from financials),BBB-,default - no public rating available; derive from leverage/margin post-SEC pull,0000075677,True,2025-12-31,8989300000.0,774100000.0,10725500000.0,,4598000000.0,529000000.0,1557500000.0,828900000.0,,7099700000.0,4985100000.0,652800000.0,634200000.0,3213700000.0,1015100000.0,1255800000.0,1243200000.0,471400000.0,3992500000.0,0.0,3992500000.0,728600000.0,0.6,0.3722437182415738,0.049321709943592376,0.08611349048312994,0.06793156496200643,-0.07304088387487763,3.165894985715693,224.58999633789062,0.08823525062623294,-0.0536244520819712,0.29873970951235623,-0.08282528146046753,True,,,False,True,False,False,False,False,False,False,False,False,False,False,False,True,True,False,False,False,False,False,False,False,False,False,False,False,False,False,False,False,False,False,False,False,False,1,0,93.6,Strong public-data coverage
PLD,Prologis,Real Estate,Industrial REITs,S&P 500,NR (to derive from financials),BBB+,default - no public rating available; derive from leverage/margin post-SEC pull,0001045609,True,2025-12-31,8790127000.0,3328231000.0,98724256000.0,40970248000.0,53193178000.0,1145647000.0,5008434000.0,,1002344000.0,,221704000.0,2626028000.0,469114000.0,,,,,,35037073000.0,,35037073000.0,,0.41499677647608707,0.35489832407549365,0.011604513889676718,0.37863286844433536,0.02,-0.017019150795119693,0.9,144.08999633789062,0.050295165636660366,0.058050774343471945,0.21665648000472756,-0.006960783756993383,True,,,False,False,False,False,False,True,False,True,False,False,False,False,False,True,True,False,False,False,False,False,False,False,False,False,False,False,False,False,False,False,False,False,False,False,False,2,0,87.3,Strong public-data coverage
PLTR,Palantir Technologies,Industrials,,Nasdaq 100; S&P 500,NR (to derive from financials),NR,default - no public rating available; derive from leverage/margin post-SEC pull,0001321655,True,2025-12-31,4475446000.0,1625033000.0,8900392000.0,1412381000.0,7387268000.0,1423796000.0,2134473000.0,33882000.0,3470000.0,789177000.0,51960000.0,26145000.0,657718000.0,8358174000.0,1175581000.0,1042065000.0,,8064000.0,0.0,,,2100591000.0,0.1586875049997798,0.28,0.15997003278057864,0.3630996776634105,0.23601106558003287,-0.05723792839686162,7.109823993412619,137.8000030517578,0.0760581421119233,-0.03575677334970506,0.5130219740525775,-0.29031259024960465,True,,,False,False,True,False,False,False,False,False,False,False,False,False,False,True,True,False,False,False,False,False,False,False,False,True,False,False,False,False,False,False,False,False,False,True,False,1,2,90.6,Strong public-data coverage
PM,Philip Morris International,Consumer Staples,Tobacco,S&P 500,NR (to derive from financials),BBB+,default - no public rating available; derive from leverage/margin post-SEC pull,0001413329,True,2025-12-31,40648000000.0,11348000000.0,69185000000.0,77213000000.0,-9994000000.0,4872000000.0,12233000000.0,1569000000.0,1526000000.0,13366000000.0,8397000000.0,1996000000.0,164000000.0,24363000000.0,25427000000.0,4572000000.0,11478000000.0,4407000000.0,17034000000.0,168000000.0,168000000.0,10664000000.0,1.1160367131603672,0.0024282720242827203,0.0704198887041989,0.279177327297776,0.15413745754137456,-0.012791790127917901,0.9581547174263578,170.99000549316406,0.06569030068801962,-0.05122134286119473,0.32035775149257795,-0.09106208971668972,True,,,False,False,False,False,False,False,False,False,False,False,False,False,False,True,True,False,False,False,False,False,False,False,False,True,False,False,False,True,False,False,False,False,False,True,False,0,3,95.5,Strong public-data coverage
PNC,PNC Financial Services,Financials,Diversified Banks,S&P 500,NR (to derive from financials),BBB+,default - no public rating available; derive from leverage/margin post-SEC pull,0000713676,True,2025-12-31,23099000000.0,6997000000.0,573572000000.0,512936000000.0,60585000000.0,39713000000.0,4384000000.0,,10392000000.0,,8935000000.0,381000000.0,,,,,,,57101000000.0,,57101000000.0,,0.8942835424323363,0.099553325476139,0.06923803811901558,0.30291354604095416,0.015,0.004555661712914856,1.0,216.85000610351562,-0.011821924821605823,-0.09310718470095436,0.2419184213727983,-0.09882951366091597,True,,,False,False,False,False,False,True,False,True,False,False,False,False,False,True,True,False,False,False,False,False,False,False,False,True,False,False,False,False,False,False,False,False,False,False,False,2,1,85.8,Strong public-data coverage
PNR,Pentair,Industrials,Industrial Machinery & Supplies & Components,S&P 500,NR (to derive from financials),A-,default - no public rating available; derive from leverage/margin post-SEC pull,0000077360,True,2025-12-31,4176000000.0,653800000.0,6868800000.0,2999600000.0,3869200000.0,101600000.0,814800000.0,68800000.0,30100000.0,2485700000.0,376800000.0,59600000.0,736900000.0,1541800000.0,959300000.0,,632600000.0,301500000.0,1638600000.0,0.0,1638600000.0,746000000.0,0.43669927789424645,0.2385569531795947,0.014791521080829257,0.15656130268199234,0.10860703470766364,-0.02343931982296762,1.6072135932450746,76.81999969482422,-0.1458325945895964,-0.2098600435524689,0.3261643158918041,-0.2892878091337796,True,,,False,False,False,False,False,False,False,False,False,False,False,False,False,True,True,False,False,False,False,False,False,False,False,True,False,False,False,False,False,False,False,False,False,False,True,0,2,97.0,Strong public-data coverage
PNW,Pinnacle West Capital,Utilities,Multi-Utilities,S&P 500,NR (to derive from financials),BBB-,default - no public rating available; derive from leverage/margin post-SEC pull,0000764622,True,2025-12-31,5339939000.0,631643000.0,30031599000.0,,7046458000.0,6604000.0,1805095000.0,2624618000.0,331323000.0,1076116000.0,18358275000.0,969615000.0,,1703709000.0,3161026000.0,,,680203000.0,9205676000.0,757005000.0,9962681000.0,-819523000.0,0.74,0.3317399449826165,0.00021990171086128313,0.11828655720599056,-0.027288690155992026,-0.03907391011714028,0.5389734219206043,99.25,-0.03340058989115735,0.07539506349295966,0.16933107434746683,-0.0413591718173113,True,,,False,True,False,False,False,False,False,False,False,False,False,False,False,True,True,False,False,False,False,False,False,False,False,True,True,False,False,False,False,False,False,False,False,False,False,1,2,90.6,Strong public-data coverage
PODD,Insulet Corporation,Healthcare,Health Care Equipment,S&P 500,NR (to derive from financials),A,default - no public rating available; derive from leverage/margin post-SEC pull,0001145197,True,2025-12-31,2708100000.0,247100000.0,3190400000.0,1675200000.0,1515200000.0,716100000.0,569300000.0,191600000.0,36200000.0,768200000.0,819500000.0,90400000.0,1165000000.0,1914000000.0,680100000.0,140900000.0,452600000.0,75000000.0,1401800000.0,18400000.0,18400000.0,377700000.0,0.5250752256770311,0.005767301905717151,0.22445461384152457,0.09124478416602046,0.11838640922768305,-0.10099047141424272,2.8142920158800178,154.16000366210938,-0.21718372317256374,-0.37223602612603857,0.4907493438913781,-0.5549139329543689,True,,,False,False,False,False,False,False,False,False,False,False,False,False,False,True,True,False,False,False,False,False,False,False,False,True,False,False,False,False,False,False,True,False,False,True,False,0,3,95.5,Strong public-data coverage
POOL,Pool Corporation,Consumer Discretionary,Distributors,S&P 500,NR (to derive from financials),BB+,default - no public rating available; derive from leverage/margin post-SEC pull,0000945841,True,2025-12-31,5289396000.0,406404000.0,3626126000.0,2440897000.0,1185229000.0,104963000.0,365850000.0,56334000.0,7964000.0,3716938000.0,267065000.0,42678000.0,992254000.0,1969864000.0,880285000.0,136063000.0,1454672000.0,652619000.0,1186424000.0,13029000.0,1199453000.0,309516000.0,0.6731418047800877,0.330780838834613,0.02894631901925085,0.0768337254385945,0.08535721042236259,0.011183836413847726,2.2377570900333414,187.77000427246094,-0.12628541681251426,-0.2806122114923908,0.43565096836255696,-0.3042225679018935,True,,,False,False,False,False,False,False,False,False,False,False,False,False,False,True,True,False,False,False,False,False,False,False,False,True,False,False,False,False,False,False,False,False,False,False,False,0,1,98.5,Strong public-data coverage
PPG,PPG Industries,Materials,Specialty Chemicals,S&P 500,NR (to derive from financials),BB+,default - no public rating available; derive from leverage/margin post-SEC pull,0000079879,True,2025-12-31,15875000000.0,1576000000.0,22098000000.0,14001000000.0,7941000000.0,2163000000.0,1941000000.0,778000000.0,247000000.0,9316000000.0,4005000000.0,528000000.0,3439000000.0,7959000000.0,4900000000.0,2783000000.0,1996000000.0,3957000000.0,7297000000.0,4000000.0,7301000000.0,1163000000.0,0.6335867499321206,0.3303918906688388,0.09788216128156395,0.0992755905511811,0.05262919721241741,-0.016517331885238483,1.6242857142857143,109.61000061035156,-0.006525887870514557,-0.13598285004257604,0.385083734210821,-0.1620557615336592,True,,,False,False,False,False,False,False,False,False,False,False,False,False,False,True,True,False,False,False,False,False,False,False,False,True,False,False,False,False,False,False,False,False,False,False,False,0,1,98.5,Strong public-data coverage
PPL,PPL Corporation,Utilities,Electric Utilities,S&P 500,NR (to derive from financials),BB+,default - no public rating available; derive from leverage/margin post-SEC pull,0000922224,True,2025-12-31,9042000000.0,1181000000.0,45244000000.0,,14881000000.0,1071000000.0,2629000000.0,4030000000.0,808000000.0,,36132000000.0,1312000000.0,,3931000000.0,4546000000.0,1108000000.0,551000000.0,1559000000.0,18894000000.0,456000000.0,19350000000.0,-1401000000.0,0.74,0.4276810184775882,0.023671647069224647,0.13061269630612696,-0.030965431880470337,-0.03200424365661745,0.8647162340519138,35.90999984741211,-0.09432538548644842,0.013989549012485947,0.19068634563532855,-0.09796537029248786,True,,,False,True,False,False,False,False,False,False,False,False,False,False,False,True,True,False,False,False,False,False,False,False,False,False,False,False,False,False,False,False,False,False,False,False,False,1,0,93.6,Strong public-data coverage
PRU,Prudential Financial,Financials,Life & Health Insurance,S&P 500,NR (to derive from financials),BBB,default - no public rating available; derive from leverage/margin post-SEC pull,0001137774,True,2025-12-31,60774000000.0,3576000000.0,773740000000.0,738159000000.0,32438000000.0,19712000000.0,6271000000.0,,2030000000.0,,,128000000.0,13012000000.0,,,,,,18856000000.0,,18856000000.0,,0.9540142683588803,0.02436994339183705,0.02547625817458061,0.05884095172277619,0.015,-0.0034830821723059427,1.0,100.80999755859375,0.04035083561552488,-0.00022071255273325985,0.24253186849565286,-0.1393409435890275,True,,,False,False,False,False,False,True,False,True,False,False,False,False,False,True,True,False,False,False,False,False,False,False,False,False,False,False,False,False,False,False,False,False,False,False,False,2,0,87.3,Strong public-data coverage
PSA,Public Storage,Real Estate,Self-Storage REITs,S&P 500,NR (to derive from financials),BB+,default - no public rating available; derive from leverage/margin post-SEC pull,0001393311,True,2025-12-31,4824113000.0,1784348000.0,20208604000.0,10866770000.0,9248128000.0,318095000.0,3186449000.0,,304495000.0,172584000.0,,1151840000.0,106682000.0,,,,,,10253881000.0,700000000.0,10253881000.0,,0.5377298699108558,0.5074017482850374,0.01574057267884511,0.36988105378128583,0.02,-0.06938138824433394,0.9,311.0400085449219,0.05437291032176916,0.08763232368935525,0.2523822283533357,-0.003619838018407484,True,,,False,False,False,False,False,True,False,True,False,False,False,False,False,True,True,False,False,False,False,False,False,False,False,False,True,False,False,False,False,False,False,False,False,False,True,2,2,84.3,Usable for demo; some stale/missing fields
PSKY,Paramount Skydance Corporation,Communication Services,Movies & Entertainment,S&P 500,NR (to derive from financials),NR,default - no public rating available; derive from leverage/margin post-SEC pull,0002041610,True,2025-12-31,12269000000.0,-586000000.0,43342000000.0,,11693000000.0,3274000000.0,485000000.0,162000000.0,,,2195000000.0,590000000.0,2594000000.0,13320000000.0,10599000000.0,6615000000.0,,906000000.0,,,,323000000.0,0.62,0.28,0.07553873840616492,-0.04776265384301899,0.007452355682709612,-0.02471044252687924,1.2567223322954997,11.09000015258789,0.044256146148165865,0.043758630702209755,0.6996989294150928,-0.331538077016289,True,,,False,True,True,False,False,False,False,False,False,False,False,False,False,True,True,False,False,False,False,False,False,False,False,False,False,False,False,False,False,False,False,False,False,False,False,2,0,87.3,Strong public-data coverage
PSX,Phillips 66,Energy,Oil & Gas Refining & Marketing,S&P 500,NR (to derive from financials),NR,default - no public rating available; derive from leverage/margin post-SEC pull,0001534701,True,2025-12-31,132376000000.0,4403000000.0,73680000000.0,43439000000.0,29093000000.0,1116000000.0,4962000000.0,,1039000000.0,116093000000.0,39097000000.0,3251000000.0,2437000000.0,17271000000.0,13326000000.0,9771000000.0,5097000000.0,10748000000.0,1100000000.0,1000000000.0,,,0.5895629750271444,0.22,0.01514657980456026,0.03326131625067988,0.05,-0.007586862106406081,1.2960378208014407,171.55999755859375,0.07729982768347732,0.09822486455525303,0.34107248679681806,-0.08880391613079641,True,,,False,False,True,False,False,True,False,False,False,False,False,False,False,True,True,False,False,False,False,False,False,False,False,False,False,False,False,False,False,False,False,False,True,True,True,2,3,82.8,Usable for demo; some stale/missing fields
PTC,PTC Inc.,Technology,Application Software,S&P 500,NR (to derive from financials),A,default - no public rating available; derive from leverage/margin post-SEC pull,0000857005,True,2025-09-30,2739226000.0,733997000.0,6617172000.0,2790943000.0,3826229000.0,184415000.0,867696000.0,11008000.0,77019000.0,444983000.0,60843000.0,102504000.0,226058000.0,1383367000.0,1237404000.0,1001085000.0,,11504000.0,1172434000.0,25000000.0,1197434000.0,856688000.0,0.4217727754394173,0.18095857263495643,0.027869156189381204,0.26795780997989943,0.1294643693710848,-0.020204854883627024,1.1179590497525465,146.64999389648438,0.09899573751041157,-0.08194573147951889,0.3317925568400022,-0.18350875007996403,True,,,False,False,False,False,False,False,False,False,False,False,False,False,False,True,True,False,False,False,False,False,False,False,False,False,False,False,False,False,False,False,False,False,False,False,False,0,0,100.0,Strong public-data coverage
PWR,Quanta Services,Industrials,Construction & Engineering,S&P 500,NR (to derive from financials),NR,default - no public rating available; derive from leverage/margin post-SEC pull,0001050915,True,2025-12-31,28479697000.0,1028378000.0,24926901000.0,15899027000.0,8938249000.0,439508000.0,2229970000.0,609154000.0,186913000.0,24204616000.0,3455204000.0,411538000.0,2189209000.0,9903417000.0,8716198000.0,6847091000.0,370372000.0,4579458000.0,1072756000.0,0.0,,1620816000.0,0.6378260578801994,0.28,0.017631874896923607,0.036109162256887775,0.06502276396091114,-0.04820462840527188,1.1362083559827347,745.0,0.27272109239335696,0.4481233898393562,0.4518838877200759,-0.05124546729002477,True,,,False,False,True,False,False,False,False,False,False,False,False,False,False,True,True,False,False,False,False,False,False,False,False,True,False,False,False,False,False,False,False,False,False,True,True,1,3,89.1,Strong public-data coverage
PYPL,PayPal,Industrials,,Nasdaq 100; S&P 500,A shown,A,screenshot,0001633917,True,2025-12-31,33172000000.0,5233000000.0,80173000000.0,59917000000.0,20256000000.0,8049000000.0,6416000000.0,852000000.0,347000000.0,,1700000000.0,963000000.0,1979000000.0,59759000000.0,46443000000.0,840000000.0,,240000000.0,9987000000.0,,9987000000.0,5564000000.0,0.7473463634889551,0.12456812143739164,0.10039539495840245,0.15775352707102375,0.0693999226672321,-0.014755591034388135,1.2867170510087633,45.369998931884766,0.0028735024004176157,0.10588977954122969,0.3831274986818445,-0.3232556702466932,True,,,False,False,False,False,False,False,False,False,False,False,False,False,False,True,True,False,False,False,False,False,False,False,False,True,False,False,False,False,False,False,False,False,False,False,False,0,1,98.5,Strong public-data coverage
Q,Qnity Electronics,Technology,Semiconductor Materials & Equipment,S&P 500,NR (to derive from financials),BBB+,default - no public rating available; derive from leverage/margin post-SEC pull,0002058873,True,2025-12-31,4754000000.0,729000000.0,14070000000.0,6704000000.0,7095000000.0,915000000.0,1273000000.0,285000000.0,65000000.0,2559000000.0,1701000000.0,376000000.0,620000000.0,2638000000.0,1356000000.0,656000000.0,661000000.0,680000000.0,4100000000.0,,4100000000.0,988000000.0,0.47647476901208247,0.2914001421464108,0.0650319829424307,0.15334455195624738,0.07022032693674485,-0.038663823738450606,1.9454277286135693,147.3300018310547,0.12766941227556505,0.40137376565083693,0.5555241304393209,-0.014119382868578834,True,,,False,False,False,False,False,False,False,False,False,False,False,False,False,True,True,False,False,False,False,False,False,False,False,False,False,False,False,False,False,False,False,False,False,False,False,0,0,100.0,Strong public-data coverage
QCOM,Qualcomm,Industrials,,Nasdaq 100; S&P 500,NR (to derive from financials),BBB+,default - no public rating available; derive from leverage/margin post-SEC pull,0000804328,True,2025-09-28,44284000000.0,5541000000.0,50143000000.0,28937000000.0,21206000000.0,5520000000.0,14012000000.0,1192000000.0,664000000.0,19738000000.0,4690000000.0,1602000000.0,3110000000.0,25754000000.0,9144000000.0,2855000000.0,6526000000.0,2791000000.0,14811000000.0,0.0,14811000000.0,12820000000.0,0.5770895239614702,0.29537522685120554,0.11008515645254571,0.1251241983560654,0.25566878726841236,-0.16893684063578165,2.8164916885389326,219.08999633789062,0.7108386733932754,0.5871062474804714,0.5233237924360203,0.0,True,,,False,False,False,False,False,False,False,False,False,False,False,False,False,True,True,False,False,False,False,False,False,False,False,False,False,False,False,False,False,False,False,False,False,False,False,0,0,100.0,Strong public-data coverage
RCL,Royal Caribbean Group,Consumer Discretionary,"Hotels, Resorts & Cruise Lines",S&P 500,NR (to derive from financials),NR,default - no public rating available; derive from leverage/margin post-SEC pull,0000884887,True,2025-12-31,17935000000.0,4268000000.0,41619000000.0,31374000000.0,10037000000.0,825000000.0,6465000000.0,5229000000.0,1402000000.0,9083000000.0,35696000000.0,1718000000.0,2223000000.0,2211000000.0,12055000000.0,317000000.0,264000000.0,953000000.0,8495853000.0,638891000.0,,1236000000.0,0.7538383911194406,0.32,0.019822677142651193,0.23797044884304433,0.029697974482808333,-0.05278838991806627,0.18340937370385732,275.239990234375,-0.00613855778162975,-0.20493541281048977,0.4957621924490711,-0.20493541281048977,True,,,False,False,True,False,False,False,False,False,False,False,False,False,False,True,True,False,False,False,False,False,False,False,False,True,False,False,False,False,False,False,False,False,False,True,True,1,3,89.1,Strong public-data coverage
REG,Regency Centers,Real Estate,Retail REITs,S&P 500,NR (to derive from financials),BBB,default - no public rating available; derive from leverage/margin post-SEC pull,0000910606,True,2025-12-31,1553524000.0,527460000.0,13001283000.0,5819677000.0,6906890000.0,120661000.0,827692000.0,,154249000.0,,12728000.0,405044000.0,99407000.0,,,,,,4739301000.0,,4739301000.0,,0.4476232845635312,0.36452563950803935,0.009280699450969569,0.3395248480229465,0.02,-0.023092490179623042,0.9,77.58999633789062,-0.010331698625297925,0.03006572648980521,0.15173086375291203,-0.04351585662193713,True,,,False,False,False,False,False,True,False,True,False,False,False,False,False,True,True,False,False,False,False,False,False,False,False,True,False,False,False,False,False,False,False,False,False,False,False,2,1,85.8,Strong public-data coverage
REGN,Regeneron Pharmaceuticals,Industrials,,Nasdaq 100; S&P 500,NR (to derive from financials),A,default - no public rating available; derive from leverage/margin post-SEC pull,0000872589,True,2025-12-31,14342900000.0,4504900000.0,40558700000.0,9301800000.0,31256900000.0,3118100000.0,4978900000.0,898400000.0,73000000.0,402800000.0,5120400000.0,543700000.0,2700000000.0,18021900000.0,4368400000.0,5741100000.0,3200800000.0,939000000.0,1985900000.0,1500000000.0,1985900000.0,4080500000.0,0.2293416702211856,0.048963600904368236,0.0768786968024123,0.31408571488332204,0.10060726798442751,-0.011686765108349133,4.125515062723194,714.8900146484375,-0.04537500592934374,-0.08270121058844526,0.29476385660364207,-0.11882757484948181,True,,,False,False,False,False,False,False,False,False,False,False,False,False,False,True,True,False,False,False,False,False,False,False,False,True,True,False,False,False,False,False,False,False,False,False,True,0,3,95.5,Strong public-data coverage
RF,Regions Financial Corporation,Financials,Regional Banks,S&P 500,NR (to derive from financials),A-,default - no public rating available; derive from leverage/margin post-SEC pull,0001281761,True,2025-12-31,7073000000.0,2156000000.0,158814000000.0,139711000000.0,19043000000.0,10907000000.0,2181000000.0,,1577000000.0,,1659000000.0,,,,,,,,4134000000.0,750000000.0,4884000000.0,,0.8797146347299356,0.030752956288488422,0.0686778243731661,0.3048211508553655,0.015,-0.00015741685241855253,1.0,27.6299991607666,0.004727242209694671,-0.09312015155067432,0.26102046359493625,-0.0986874729424132,True,,,False,False,False,False,False,True,False,True,False,False,False,False,False,True,True,False,False,False,False,False,False,False,False,True,False,False,False,False,False,False,False,False,False,False,False,2,1,85.8,Strong public-data coverage
RJF,Raymond James Financial,Financials,Investment Banking & Brokerage,S&P 500,A- shown,A-,screenshot,0000720005,True,2025-09-30,15912000000.0,2135000000.0,88230000000.0,75726000000.0,12503000000.0,11389000000.0,2434000000.0,188000000.0,1373000000.0,,670000000.0,68000000.0,,,,,,,1190836000.0,3988000.0,,2246000000.0,0.8582794967698062,0.25,0.12908307831803242,0.134175465057818,0.025456194038308965,-0.0033888699988665985,1.0,154.3300018310547,0.05568095802523154,-0.10803400490105597,0.3038002256396029,-0.10803400490105597,True,,,False,False,True,False,False,False,False,True,False,False,False,False,False,True,True,False,False,False,False,False,False,False,False,True,False,False,False,False,False,False,False,False,False,True,True,2,3,82.8,Usable for demo; some stale/missing fields
RL,Ralph Lauren Corporation,Consumer Discretionary,"Apparel, Accessories & Luxury Goods",S&P 500,NR (to derive from financials),A-,default - no public rating available; derive from leverage/margin post-SEC pull,0001037038,True,2025-03-29,7079000000.0,742900000.0,7047300000.0,4458800000.0,2588500000.0,1922500000.0,1235100000.0,216200000.0,44100000.0,2226100000.0,846400000.0,219600000.0,3863000000.0,3789900000.0,2133700000.0,459500000.0,949600000.0,436000000.0,742900000.0,399700000.0,1142600000.0,1018900000.0,0.6326962098959885,0.16213301548110623,0.2727995118697941,0.1049442011583557,0.1445801938330992,-0.06984235097129397,1.7762103388480106,358.45001220703125,-0.05638766732168021,0.03241023964222434,0.38876322533461855,-0.07976478148224142,True,,,False,False,False,False,False,False,False,False,False,False,False,False,False,True,True,False,False,False,False,False,False,False,False,False,False,False,False,False,False,False,False,False,False,False,False,0,0,100.0,Strong public-data coverage
RMD,ResMed,Healthcare,Health Care Equipment,S&P 500,NR (to derive from financials),A,default - no public rating available; derive from leverage/margin post-SEC pull,0000943819,True,2025-06-30,5146327000.0,1400723000.0,8174391000.0,2206532000.0,5967859000.0,1209450000.0,1751588000.0,89865000.0,23989000.0,2091357000.0,550790000.0,198473000.0,991019000.0,3505605000.0,1019120000.0,939492000.0,927711000.0,278157000.0,658392000.0,9900000.0,668292000.0,1661723000.0,0.269932279970459,0.08175434720458075,0.1479559761699679,0.27217916778315876,0.20328401222794457,-0.042922463581690676,3.4398353481434962,206.75999450683594,-0.09660506436866334,-0.24902543949577904,0.264141455993071,-0.24902543949577904,True,,,False,False,False,False,False,False,False,False,False,False,False,False,False,True,True,False,False,False,False,False,False,False,False,True,False,False,False,False,False,False,False,False,False,False,False,0,1,98.5,Strong public-data coverage
ROK,Rockwell Automation,Industrials,Electrical Components & Equipment,S&P 500,NR (to derive from financials),BBB+,default - no public rating available; derive from leverage/margin post-SEC pull,0001024478,True,2025-09-30,8342000000.0,869000000.0,11219000000.0,,3654000000.0,468000000.0,1544000000.0,186000000.0,135300000.0,4326000000.0,797000000.0,325000000.0,1914000000.0,3911000000.0,3445000000.0,1931000000.0,1247000000.0,930000000.0,2614000000.0,608000000.0,3222000000.0,1358000000.0,0.66,0.287191371780016,0.04171494785631518,0.10417166147206905,0.1210446563864872,-0.060165790177377665,1.135268505079826,453.8900146484375,0.1461869056778724,0.10910763887775499,0.3832672969400959,-0.011886342402372185,True,,,False,True,False,False,False,False,False,False,False,False,False,False,False,True,True,False,False,False,False,False,False,False,False,True,False,False,False,False,False,False,False,False,False,False,False,1,1,92.1,Strong public-data coverage
ROL,"Rollins, Inc.",Industrials,Environmental & Facilities Services,S&P 500,NR (to derive from financials),A,default - no public rating available; derive from leverage/margin post-SEC pull,0000084839,True,2025-12-31,3761050000.0,526705000.0,3140523000.0,1766202000.0,1374321000.0,100004000.0,678107000.0,28086000.0,,1048592000.0,126187000.0,124744000.0,1133232000.0,472682000.0,785525000.0,202518000.0,42982000.0,44361000.0,486147000.0,123683000.0,609830000.0,650021000.0,0.562391041237399,0.19418103290439204,0.03184310383971078,0.1400420095452068,0.20697858286661172,-0.04820916770869056,0.6017402374208332,53.83000183105469,-0.007375949005312243,-0.16042151668517424,0.2964912178207379,-0.17693146976914886,True,,,False,False,False,False,False,False,False,False,False,False,False,False,False,True,True,False,False,False,False,False,False,False,False,False,True,False,False,False,False,False,False,False,False,False,False,0,1,98.5,Strong public-data coverage
ROP,Roper Technologies,Industrials,,Nasdaq 100; S&P 500,NR (to derive from financials),BBB+,default - no public rating available; derive from leverage/margin post-SEC pull,0000882835,True,2025-12-31,7902500000.0,1536300000.0,34577000000.0,14695500000.0,19881500000.0,297400000.0,2540300000.0,49100000.0,164700000.0,2430500000.0,156900000.0,898200000.0,3236600000.0,1928100000.0,3725600000.0,1001000000.0,141700000.0,177800000.0,9301000000.0,705200000.0,10006200000.0,,0.4250079532637302,0.2893889001359285,0.008601093212250919,0.1944068332806074,0.04,-0.029036642855077073,0.5175273781404337,343.32000732421875,0.0004954493100928214,-0.021366395697526852,0.2541737007836839,-0.2423104503197172,True,,,False,False,False,False,False,True,False,False,False,False,False,False,False,True,True,False,False,False,False,False,False,False,True,True,False,False,False,False,False,False,False,False,True,False,False,1,3,89.1,Strong public-data coverage
ROST,Ross Stores,Industrials,,Nasdaq 100; S&P 500,NR (to derive from financials),A,default - no public rating available; derive from leverage/margin post-SEC pull,0000745732,True,2026-01-31,22750559000.0,2145044000.0,15548737000.0,,6187443000.0,4594392000.0,3026883000.0,819275000.0,,16447256000.0,4088760000.0,509391000.0,3595946000.0,7640097000.0,4827180000.0,181301000.0,2630970000.0,2386418000.0,1517606000.0,499743000.0,2017349000.0,2207608000.0,0.66,0.12974359267894234,0.295483292308565,0.09428533162635697,0.14197989200023128,-0.05671450999524913,1.5827246964065977,225.80999755859375,0.02102547395318677,0.1634441638652424,0.25126342310121524,-0.013542466707097245,True,,,False,True,False,False,False,False,False,False,False,False,False,False,False,True,True,False,False,False,False,False,False,False,False,False,False,False,False,False,False,False,False,False,False,False,False,1,0,93.6,Strong public-data coverage
RSG,Republic Services,Industrials,Environmental & Facilities Services,S&P 500,NR (to derive from financials),BBB-,default - no public rating available; derive from leverage/margin post-SEC pull,0001060391,True,2025-12-31,19027000000.0,2139249000.0,34366000000.0,,11968000000.0,76000000.0,4296000000.0,1887000000.0,508200000.0,9630000000.0,12639000000.0,1814000000.0,1710000000.0,2523000000.0,3928000000.0,1897000000.0,106000000.0,1374000000.0,13710000000.0,,13710000000.0,2409000000.0,0.66,0.3989408135948321,0.002211488098702206,0.11243228044358018,0.07009835302333702,-0.06275827853110633,0.6423116089613035,200.02000427246094,-0.0682008717967455,-0.10483675243500457,0.2043093535504622,-0.1364008530245544,True,,,False,True,False,False,False,False,False,False,False,False,False,False,False,True,True,False,False,False,False,False,False,False,False,True,False,False,False,False,False,False,False,False,False,False,False,1,1,92.1,Strong public-data coverage
RTX,RTX Corporation,Aerospace & Defense,Aerospace & Defense,S&P 500,A / BBB+ bucket,A,demo_bucket_to_refresh,0000101829,True,2025-12-31,88603000000.0,6732000000.0,171079000000.0,103941000000.0,65245000000.0,7435000000.0,10567000000.0,2627000000.0,1862000000.0,31027000000.0,16868000000.0,4378000000.0,6095000000.0,60332000000.0,58784000000.0,14701000000.0,13364000000.0,15895000000.0,41078000000.0,204000000.0,41282000000.0,7940000000.0,0.6075614189935644,0.2413037251795954,0.04345945440410571,0.07597936864440256,0.04641130705697368,-0.02241654440346273,1.0263336962438758,176.08999633789062,-0.126364365594413,-0.09947058683986443,0.26493325035670945,-0.17001322917426331,True,,,False,False,False,False,False,False,False,False,False,False,False,False,False,True,True,False,False,False,False,False,False,False,False,False,True,False,False,False,False,False,False,False,False,False,False,0,1,98.5,Strong public-data coverage
RVTY,Revvity,Healthcare,Health Care Equipment,S&P 500,NR (to derive from financials),BBB+,default - no public rating available; derive from leverage/margin post-SEC pull,0000031791,True,2025-12-28,2856051000.0,241201000.0,12168411000.0,4918051000.0,7250360000.0,919860000.0,582933000.0,73522000.0,49712000.0,1437057000.0,479249000.0,405340000.0,991890000.0,2239747000.0,1331246000.0,744671000.0,379497000.0,185464000.0,2631236000.0,588828000.0,3220064000.0,509411000.0,0.4041654247214365,0.2646248552912948,0.07559409359200639,0.08445262357009731,0.04186339531102294,-0.028083535311225104,1.6824441162640114,101.0,0.125726949730411,-0.016932211301616484,0.4355410250476146,-0.14157936683992733,True,,,False,False,False,False,False,False,False,False,False,False,False,False,False,True,True,False,False,False,False,False,False,False,False,True,True,False,False,False,False,False,False,False,False,False,False,0,2,97.0,Strong public-data coverage
SATS,EchoStar,Technology & Communications,Wireless Telecommunication Services,S&P 500,NR (to derive from financials),B,default - no public rating available; derive from leverage/margin post-SEC pull,0001415404,True,2025-12-31,15004989000.0,-14497180000.0,43016355000.0,37204357000.0,5765784000.0,1883074000.0,-99374000.0,965730000.0,57170000.0,212170000.0,2243515000.0,1585549000.0,2380253000.0,5133171000.0,12363419000.0,1273849000.0,380647000.0,541706000.0,1980000000.0,0.0,1980000000.0,-1065104000.0,0.8648886452606224,0.046029004549548655,0.04377576854198827,-0.966157322741123,-0.024760442859465895,-0.3347053928674338,0.4151902479403149,127.1500015258789,-0.011198342429592278,0.10382844718278705,0.5385396821002014,-0.058914951139914296,True,,,False,False,False,False,False,False,False,False,False,False,False,False,False,True,True,False,False,False,False,False,False,False,False,True,True,False,False,False,False,False,False,False,False,False,True,0,3,95.5,Strong public-data coverage
SBAC,SBA Communications,Real Estate,Telecom Tower REITs,S&P 500,NR (to derive from financials),B-,default - no public rating available; derive from leverage/margin post-SEC pull,0001034054,True,2025-12-31,2815139000.0,1053632000.0,11575012000.0,,-4853519000.0,264568000.0,1291328000.0,224819000.0,196241000.0,198972000.0,3401799000.0,131800000.0,277611000.0,773431000.0,2678301000.0,171256000.0,,73034000.0,12900268000.0,1935802000.0,14836070000.0,1066509000.0,0.7,1.2817325804932211,0.02285682295620946,0.37427352610297393,0.09213891095750051,-0.02053527028740877,0.2887767282318156,218.1699981689453,-0.024938555669518192,0.18971084878503874,0.5016737677251216,-0.024938555669518192,True,,,False,True,False,False,False,False,False,False,False,False,False,False,False,True,True,False,False,False,False,False,False,False,False,True,False,False,False,False,False,False,False,False,False,False,False,1,1,92.1,Strong public-data coverage
SBUX,Starbucks,Industrials,,Nasdaq 100; S&P 500,BBB / A bucket,A,demo_bucket_to_refresh,0000829224,True,2025-09-28,37184400000.0,1856400000.0,32019700000.0,40108900000.0,-8096600000.0,3219800000.0,4747500000.0,2305500000.0,542600000.0,8526900000.0,8493500000.0,1771500000.0,2617200000.0,7382300000.0,10210400000.0,1277500000.0,2185600000.0,1852800000.0,16074800000.0,1498900000.0,17573700000.0,2442000000.0,1.2526319734413502,0.548840245224034,0.10055684469248619,0.049924161745248004,0.07626554902138372,-0.09029128942494777,0.7230177074355559,104.93000030517578,0.08623190437509454,0.06694970465567418,0.3244321532635725,-0.014186415836111133,True,,,False,False,False,False,False,False,False,False,False,False,False,False,False,True,True,False,False,False,False,False,False,False,False,False,True,False,False,False,False,False,False,False,False,False,False,0,1,98.5,Strong public-data coverage
SCHW,Charles Schwab Corporation,Financials,Investment Banking & Brokerage,S&P 500,A bucket,A,demo_bucket_to_refresh,0000316709,True,2025-12-31,23921000000.0,8852000000.0,490995000000.0,441570000000.0,49425000000.0,46030000000.0,9311000000.0,548000000.0,6684000000.0,,3091000000.0,804000000.0,,,,,,,18914000000.0,17050000000.0,,8763000000.0,0.8993370604588642,0.25,0.09374840884326724,0.37005141925504786,0.017847432254910946,-0.0009348364036293648,1.0,88.61000061035156,-0.061941416174637,-0.16772442233570084,0.314639348076357,-0.16772442233570084,True,,,False,False,True,False,False,False,False,True,False,False,False,False,False,True,True,False,False,False,False,False,False,False,False,True,False,False,True,False,False,False,False,False,False,True,True,2,4,81.3,Usable for demo; some stale/missing fields
SHOP,Shopify,Industrials,,Nasdaq 100,NR (to derive from financials),NR,default - no public rating available; derive from leverage/margin post-SEC pull,0001594805,True,2025-12-31,11556000000.0,1231000000.0,15189000000.0,,13473000000.0,1545000000.0,2033000000.0,26000000.0,3499000.0,6001000000.0,53000000.0,31000000.0,471000000.0,8296000000.0,1392000000.0,500000000.0,21000000.0,1075000000.0,,,,2007000000.0,0.66,0.28,0.10171834880505629,0.10652474904811353,0.13213509776812166,-0.05280136941207453,5.959770114942529,110.41000366210938,-0.0034298876277445434,-0.06748308919593338,0.6674984220745016,-0.35368493544066526,True,,,False,True,True,False,False,False,False,False,False,False,False,False,False,True,True,False,False,False,False,False,False,False,False,True,False,False,False,False,False,False,False,False,False,False,False,2,1,85.8,Strong public-data coverage
SHW,Sherwin-Williams,Materials,,Dow; S&P 500,NR (to derive from financials),BBB-,default - no public rating available; derive from leverage/margin post-SEC pull,0000089800,True,2025-12-31,23574300000.0,2568500000.0,25901700000.0,,4598300000.0,207200000.0,3451600000.0,797600000.0,417500000.0,12058800000.0,4137400000.0,340300000.0,7695000000.0,6007400000.0,6920300000.0,2791200000.0,2318200000.0,2354200000.0,9670800000.0,1200500000.0,10871300000.0,2654000000.0,0.6,0.41971376396143883,0.007999474937938436,0.1089533941622869,0.10246431701394117,-0.03409428724755518,0.8680837535944973,316.82000732421875,-0.05739186239042238,-0.1194660320535813,0.28999702662293797,-0.14782458229354944,True,,,False,True,False,False,False,False,False,False,False,False,False,False,False,True,True,False,False,False,False,False,False,False,False,True,False,False,False,False,False,False,False,False,False,False,False,1,1,92.1,Strong public-data coverage
SJM,J.M. Smucker Company (The),Consumer Staples,Packaged Foods & Meats,S&P 500,NR (to derive from financials),BB-,default - no public rating available; derive from leverage/margin post-SEC pull,0000091419,True,2025-04-30,7357100000.0,-1230800000.0,17563300000.0,11480700000.0,6082600000.0,69900000.0,1210400000.0,393800000.0,81296000.0,5341400000.0,3079600000.0,283200000.0,1529000000.0,2146600000.0,2652000000.0,619000000.0,1209400000.0,1288700000.0,7036800000.0,640800000.0,7677600000.0,816600000.0,0.6536755621096263,0.43713880648853004,0.003979889884019518,0.1,0.04649467924592759,-0.13899438032715947,0.8094268476621418,99.25,0.0917390386308683,-0.06715692053338196,0.288950666280681,-0.1443965517241379,True,,,False,False,False,False,True,False,False,False,False,False,False,False,False,True,True,True,False,False,False,False,False,False,False,True,False,False,False,False,False,False,False,False,False,False,False,1,2,90.6,Strong public-data coverage
SLB,Schlumberger,Energy,Oil & Gas Equipment & Services,S&P 500,A / BBB bucket,A,demo_bucket_to_refresh,0000087347,True,2025-12-31,35708000000.0,3374000000.0,54868000000.0,27577000000.0,26109000000.0,3130000000.0,6489000000.0,1694000000.0,558000000.0,8337000000.0,7894000000.0,2643000000.0,340000000.0,19513000000.0,14721000000.0,8689000000.0,5032000000.0,11490000000.0,9742000000.0,1178000000.0,9742000000.0,4795000000.0,0.5026062550120288,0.1775534008894073,0.05,0.0944886299988798,0.08739155792082817,-0.056772617919370126,1.3255213640377692,53.27000045776367,0.026001585832601704,0.06023223443896475,0.3575881896885009,-0.06412504969427468,True,,,False,False,False,True,False,False,False,False,False,False,False,False,False,True,True,False,False,False,False,False,True,False,False,False,True,False,False,False,False,False,False,False,False,False,True,1,3,89.1,Strong public-data coverage
SMCI,Supermicro,Technology,"Technology Hardware, Storage & Peripherals",S&P 500,NR shown,NR,screenshot,0001375365,True,2025-06-30,21972042000.0,1048854000.0,14018429000.0,7716558000.0,6301693000.0,5169911000.0,1659524000.0,127214000.0,10491000.0,19542120000.0,504488000.0,41000000.0,267239000.0,12301654000.0,2344792000.0,2203942000.0,4680375000.0,1281977000.0,120179000.0,170123000.0,,1532310000.0,0.5504581148144346,0.18,0.36879389266800156,0.047735845398438614,0.10930682746262081,-0.0435619426399349,5.246373239076217,35.369998931884766,0.4002374747187585,0.05487623679020226,1.0518082801705193,-0.12320280619493973,True,,,False,False,True,False,False,False,False,False,False,False,False,False,False,True,True,False,False,False,False,False,False,False,False,True,False,False,False,False,False,False,False,False,False,True,True,1,3,89.1,Strong public-data coverage
SNA,Snap-on,Industrials,Industrial Machinery & Supplies & Components,S&P 500,NR (to derive from financials),A,default - no public rating available; derive from leverage/margin post-SEC pull,0000091440,True,2026-01-03,5156100000.0,1016900000.0,8412300000.0,2455500000.0,5931800000.0,1624500000.0,1081700000.0,,49900000.0,1862000000.0,552300000.0,98500000.0,,4402800000.0,918500000.0,881400000.0,1025200000.0,229100000.0,1202600000.0,0.0,1202600000.0,,0.2918940123390749,0.14295733628139748,0.193110088798545,0.19722270708481215,0.04,-0.007703006312185728,4.793467610234077,374.0,-0.015063734336655421,0.022446765988265893,0.2381435440372927,-0.042866282789507326,True,,,False,False,False,False,False,True,False,False,False,False,False,False,False,True,True,False,False,False,False,False,False,False,False,True,True,False,False,False,False,False,False,False,False,False,True,1,3,89.1,Strong public-data coverage
SNDK,Sandisk,Industrials,,Nasdaq 100; S&P 500,NR (to derive from financials),BBB,default - no public rating available; derive from leverage/margin post-SEC pull,0002023554,True,2025-06-27,7355000000.0,-1641000000.0,12985000000.0,3769000000.0,9216000000.0,1481000000.0,84000000.0,204000000.0,,5143000000.0,619000000.0,163000000.0,573000000.0,5086000000.0,1427000000.0,1068000000.0,2079000000.0,,1849000000.0,20000000.0,1869000000.0,-120000000.0,0.2902579899884482,0.14393530997304582,0.11405467847516365,-0.22311352821210062,-0.009241432422025414,-0.13284559106661534,3.5641205325858443,1562.3399658203125,0.8342274675036188,1.6779909160776052,0.972976243879911,0.0,True,,,False,False,False,False,False,False,False,False,False,False,False,False,False,True,True,False,False,False,False,False,False,False,False,False,False,False,False,False,False,False,False,False,False,False,False,0,0,100.0,Strong public-data coverage
SNPS,Synopsys,Industrials,,Nasdaq 100; S&P 500,NR (to derive from financials),BBB+,default - no public rating available; derive from leverage/margin post-SEC pull,0000883241,True,2025-10-31,7054178000.0,1332220000.0,48224461000.0,19897446000.0,28327602000.0,2888030000.0,1518608000.0,169454000.0,1178000.0,1623549000.0,696693000.0,660430000.0,769648000.0,6012102000.0,3722494000.0,1505427000.0,365190000.0,164766000.0,13484515000.0,22117000.0,13506632000.0,1349154000.0,0.4126006924162408,0.2800784440079071,0.05988724270033832,0.18885545558958108,0.02797654907952211,-0.003865009502127976,1.61507365760697,516.47998046875,0.31674483308073187,0.17676005388727134,0.44509858350672127,-0.031757345026685035,True,,,False,False,False,False,False,False,False,False,False,False,False,False,False,True,True,False,False,False,False,False,False,False,False,True,False,False,False,False,False,False,False,False,False,False,False,0,1,98.5,Strong public-data coverage
SO,Southern Company,Utilities,Electric Utilities,S&P 500,BBB+ bucket,BBB+,demo_bucket_to_refresh,0000092122,True,2025-12-31,29553000000.0,4341000000.0,155720000000.0,116853000000.0,36016000000.0,1639000000.0,9802000000.0,12737000000.0,3238000000.0,814000000.0,99844000000.0,,,10917000000.0,16888000000.0,,,3710000000.0,,722000000.0,722000000.0,-2935000000.0,0.750404572309273,0.0046365270999229385,0.010525301823786283,0.14688864074713226,-0.018847932185974827,-0.035069355253018235,0.646435338702037,91.80000305175781,-0.05506946361391418,0.035142991029439186,0.2022036352902429,-0.0737564071594835,True,,,False,False,False,False,False,False,False,False,False,False,False,False,False,True,True,False,False,False,False,False,False,False,False,False,True,True,False,False,False,False,False,False,False,False,False,0,2,97.0,Strong public-data coverage
SOLV,Solventum,Healthcare,Health Care Technology,S&P 500,NR (to derive from financials),BB+,default - no public rating available; derive from leverage/margin post-SEC pull,0001964738,True,2025-12-31,8325000000.0,1556000000.0,14294000000.0,9245000000.0,5049000000.0,878000000.0,369000000.0,379000000.0,,,1326000000.0,489000000.0,3080000000.0,3859000000.0,3136000000.0,1034000000.0,1066000000.0,687000000.0,5035000000.0,0.0,5035000000.0,-10000000.0,0.6467748705750664,0.35224569749545265,0.06142437386315937,0.1869069069069069,-0.0006995942353435008,0.08304183573527354,1.230548469387755,73.37999725341797,0.11536701979432995,-0.06007432380862665,0.31839025176488944,-0.14813097546601395,True,,,False,False,False,False,False,False,False,False,False,False,False,False,False,True,True,False,False,False,False,False,False,False,False,False,False,False,False,False,False,False,False,False,False,False,False,0,0,100.0,Strong public-data coverage
SPG,Simon Property Group,Real Estate,Retail REITs,S&P 500,A / BBB bucket,A,demo_bucket_to_refresh,0001063761,True,2025-12-31,6364505000.0,5364120000.0,40606466000.0,33901073000.0,5208268000.0,823147000.0,4136551000.0,934346000.0,974835000.0,,,1426423000.0,60888000.0,,,,,,28430175000.0,,28430175000.0,3202205000.0,0.834868835913965,0.7001391108499814,0.020271328216545613,0.8428180981867404,0.07885948508791679,0.03023087505324891,0.9,202.1199951171875,0.00772791412657825,0.04010062630752276,0.2143126045298392,-0.026209300951020476,True,,,False,False,False,False,False,False,False,True,False,False,False,False,False,True,True,False,False,False,False,False,False,False,False,False,False,False,False,False,False,False,False,False,False,False,False,1,0,93.6,Strong public-data coverage
SPGI,S&P Global,Financials,Financial Exchanges & Data,S&P 500,NR (to derive from financials),A,default - no public rating available; derive from leverage/margin post-SEC pull,0000064040,True,2025-12-31,15336000000.0,4471000000.0,61200000000.0,25048000000.0,31127000000.0,1745000000.0,5651000000.0,195000000.0,334000000.0,4563000000.0,278000000.0,1179000000.0,3417000000.0,6296000000.0,7637000000.0,3441000000.0,263000000.0,610000000.0,13088000000.0,400000000.0,13088000000.0,5456000000.0,0.409281045751634,0.2138562091503268,0.028513071895424836,0.29153625456442356,0.08915032679738562,-0.019281045751633988,0.8244074898520362,420.1199951171875,0.011313806599427823,-0.051990009546558746,0.32575263657564946,-0.22925492789485724,True,,,False,False,False,False,False,False,False,False,False,False,False,False,False,True,True,False,False,False,False,False,False,False,False,True,False,False,False,False,False,False,False,True,False,False,True,0,3,95.5,Strong public-data coverage
SRE,Sempra,Utilities,Multi-Utilities,S&P 500,NR (to derive from financials),A,default - no public rating available; derive from leverage/margin post-SEC pull,0001032208,True,2025-12-31,13702000000.0,1837000000.0,110878000000.0,,31594000000.0,29000000.0,4565000000.0,10612000000.0,1309000000.0,,49011000000.0,2563000000.0,,34837000000.0,21894000000.0,1767000000.0,561000000.0,,,4166000000.0,4166000000.0,-6047000000.0,0.74,0.0375728277927091,0.0002615487292339328,0.13406801926726025,-0.05453741950612385,-0.024603618391385126,1.5911665296428246,91.52999877929688,-0.07377050129569229,0.05359067705975895,0.1984199597673625,-0.08240602727521928,True,,,False,True,False,False,False,False,False,False,False,False,False,False,False,True,True,False,False,False,False,False,False,False,False,True,False,False,False,False,False,False,False,False,False,False,False,1,1,92.1,Strong public-data coverage
STE,Steris,Healthcare,Health Care Equipment,S&P 500,NR (to derive from financials),A-,default - no public rating available; derive from leverage/margin post-SEC pull,0001757898,True,2025-03-31,5459515000.0,614641000.0,10146811000.0,3531054000.0,6603405000.0,171701000.0,1148087000.0,370091000.0,144351000.0,3056751000.0,1956544000.0,476215000.0,1334276000.0,2000765000.0,1022173000.0,1043961000.0,581329000.0,280770000.0,1918701000.0,125000000.0,2043701000.0,777996000.0,0.3479964296171477,0.201413133643664,0.016921671252179627,0.11258161210290658,0.07667394218735325,-0.052572773849833214,1.9573643600447281,207.4499969482422,-0.06797558072758336,-0.1524955807466486,0.2375704493452412,-0.22584187166715708,True,,,False,False,False,False,False,False,False,False,False,False,False,False,False,True,True,False,False,False,False,False,False,False,False,False,False,False,False,False,False,False,False,False,False,False,False,0,0,100.0,Strong public-data coverage
STLD,Steel Dynamics,Materials,Steel,S&P 500,NR (to derive from financials),BBB+,default - no public rating available; derive from leverage/margin post-SEC pull,0001022671,True,2025-12-31,18176581000.0,1185595000.0,16419780000.0,7489369000.0,8957182000.0,769878000.0,1449534000.0,948025000.0,76484000.0,15784398000.0,8569466000.0,551390000.0,765308000.0,6484171000.0,2122254000.0,1682700000.0,3738516000.0,1007304000.0,4211163000.0,34655000.0,4245818000.0,501509000.0,0.45611871779037233,0.2585794693960577,0.046887229914164504,0.06522651317098634,0.030542979260379858,-0.016074454103526356,3.055322784171923,235.10000610351562,0.23366740341011538,0.16314481156731464,0.36731413457057377,-0.0279098607800361,True,,,False,False,False,False,False,False,False,False,False,False,False,False,False,True,True,False,False,False,False,False,False,False,False,True,False,False,False,False,False,False,False,False,True,False,False,0,2,97.0,Strong public-data coverage
STT,State Street Corporation,Financials,Asset Management & Custody Banks,S&P 500,NR (to derive from financials),NR,default - no public rating available; derive from leverage/margin post-SEC pull,0000093751,True,2025-12-31,13944000000.0,2945000000.0,366047000000.0,338206000000.0,27841000000.0,4433000000.0,11898000000.0,1055000000.0,6421000000.0,,3174000000.0,599000000.0,,,,,,,11534000000.0,,,10843000000.0,0.9239414610692069,0.25,0.01211046668870391,0.21120195065978198,0.029621879157594518,-0.024458607774411483,1.0,149.49000549316406,0.07222785437148116,0.12070913360069357,0.27314502388482104,-0.029411755964396158,True,,,False,False,True,False,False,False,False,True,False,False,False,False,False,True,True,False,False,False,False,False,False,False,False,True,False,False,True,False,False,False,False,False,False,True,False,2,3,82.8,Usable for demo; some stale/missing fields
STX,Seagate Technology,Industrials,,Nasdaq 100; S&P 500,NR (to derive from financials),B-,default - no public rating available; derive from leverage/margin post-SEC pull,0001137789,True,2025-06-27,9097000000.0,1469000000.0,8023000000.0,8476000000.0,-453000000.0,891000000.0,1083000000.0,265000000.0,332000000.0,5897000000.0,1657000000.0,251000000.0,561000000.0,3653000000.0,2648000000.0,959000000.0,1440000000.0,1604000000.0,4995000000.0,0.0,4995000000.0,818000000.0,1.0564626698242552,0.6225850679297021,0.1110557148198928,0.16148180718918326,0.10195687398728655,0.0481116789230961,1.3795317220543806,782.6400146484375,0.5555423191879156,0.8447182518328642,0.6651153712574475,-0.004806551643984136,True,,,False,False,False,False,False,False,False,False,False,False,False,False,False,True,True,False,False,False,False,False,False,False,False,False,False,False,False,False,False,False,False,False,False,False,False,0,0,100.0,Strong public-data coverage
STZ,Constellation Brands,Consumer Staples,Distillers & Vintners,S&P 500,NR (to derive from financials),BB,default - no public rating available; derive from leverage/margin post-SEC pull,0000016918,True,2026-02-28,9139000000.0,1686700000.0,21900500000.0,13513600000.0,8082400000.0,102400000.0,2669000000.0,875000000.0,379100000.0,4427500000.0,8520900000.0,420000000.0,1848400000.0,2906300000.0,2689800000.0,658200000.0,1433900000.0,960200000.0,10296500000.0,272000000.0,10568500000.0,1794000000.0,0.617045272938974,0.48256889112120727,0.00467569233579142,0.18456067403435825,0.08191593799228328,-0.04485285724070227,1.080489255706744,148.2100067138672,-0.10202244137037131,-0.08808159250838776,0.3372777227895887,-0.1048777943392829,True,,,False,False,False,False,False,False,False,False,False,False,False,False,False,True,True,False,False,False,False,False,False,False,False,True,False,False,False,False,False,False,False,False,False,False,False,0,1,98.5,Strong public-data coverage
SW,Smurfit Westrock,Materials,Paper & Plastic Packaging Products & Materials,S&P 500,NR (to derive from financials),BBB-,default - no public rating available; derive from leverage/margin post-SEC pull,0002005951,True,2025-12-31,31179000000.0,699000000.0,45157000000.0,26803000000.0,18327000000.0,892000000.0,3392000000.0,2192000000.0,,25136000000.0,23232000000.0,2550000000.0,3819000000.0,10439000000.0,7064000000.0,4268000000.0,3693000000.0,3597000000.0,13223000000.0,,13223000000.0,1200000000.0,0.5935513873818012,0.29282281816772593,0.019753305135416437,0.02241893582218801,0.026573953096972785,-0.05963637974178976,1.4777746319365799,41.54999923706055,-0.01212558534423469,-0.048411644969388545,0.4870682012358211,-0.19849538744674677,True,,,False,False,False,False,False,False,False,False,False,False,False,False,False,True,True,False,False,False,False,False,False,False,False,False,False,False,False,False,False,False,False,False,False,False,False,0,0,100.0,Strong public-data coverage
SWK,Stanley Black & Decker,Industrials,Industrial Machinery & Supplies & Components,S&P 500,NR (to derive from financials),BBB,default - no public rating available; derive from leverage/margin post-SEC pull,0000093556,True,2026-01-03,15130400000.0,401900000.0,21243700000.0,,9054600000.0,280100000.0,971200000.0,283300000.0,516300000.0,10542100000.0,1831800000.0,365600000.0,3314500000.0,5979000000.0,5245700000.0,919700000.0,4157100000.0,2163000000.0,5258100000.0,605600000.0,5863700000.0,687900000.0,0.66,0.27602065553552346,0.01318508546063068,0.026562417384867552,0.03238136482816082,-0.026798533212199382,1.1397906857044817,81.06999969482422,0.12300868476387028,-0.08770508699807178,0.431967167895942,-0.10863751987654813,True,,,False,True,False,False,False,False,False,False,False,False,False,False,False,True,True,False,False,False,False,False,False,False,False,False,False,False,False,False,False,False,False,False,False,False,False,1,0,93.6,Strong public-data coverage
SWKS,Skyworks Solutions,Technology,Semiconductors,S&P 500,NR (to derive from financials),A,default - no public rating available; derive from leverage/margin post-SEC pull,0000004127,True,2025-10-03,4086900000.0,477100000.0,7917000000.0,2159900000.0,5757100000.0,1161300000.0,1300800000.0,195000000.0,27100000.0,2404800000.0,1194600000.0,278700000.0,371500000.0,3077000000.0,1323200000.0,598100000.0,754700000.0,236000000.0,496400000.0,,496400000.0,1105800000.0,0.2728179866110901,0.06270051787293167,0.14668435013262598,0.11673884851599012,0.1396741189844638,-0.10404193507641783,2.3254232164449817,66.77999877929688,0.18488286117994623,0.09801252310527353,0.4456645282960583,-0.07965819974882715,True,,,False,False,False,False,False,False,False,False,False,False,False,False,False,True,True,False,False,False,False,False,False,False,False,False,False,False,False,False,False,False,False,False,False,False,False,0,0,100.0,Strong public-data coverage
SYF,Synchrony Financial,Financials,Consumer Finance,S&P 500,NR (to derive from financials),A,default - no public rating available; derive from leverage/margin post-SEC pull,0001601712,True,2025-12-31,520000000.0,3552000000.0,119095000000.0,102329000000.0,16766000000.0,14973000000.0,9851000000.0,,3711000000.0,,,514000000.0,,,,,,,15182000000.0,,15182000000.0,,0.8592216297913431,0.1274780637306352,0.12572316218145177,6.8307692307692305,0.015,-0.05289054956127461,1.0,73.13999938964844,0.014179632802585385,-0.006940411696934823,0.31216647513512824,-0.166545444049488,True,,,False,False,False,False,False,True,False,True,False,False,False,False,False,True,True,False,False,False,False,False,False,False,False,True,False,False,False,False,False,False,False,False,False,False,False,2,1,85.8,Strong public-data coverage
SYK,Stryker Corporation,Healthcare,Health Care Equipment,S&P 500,NR (to derive from financials),BBB,default - no public rating available; derive from leverage/margin post-SEC pull,0000310764,True,2025-12-31,25116000000.0,3246000000.0,47844000000.0,25424000000.0,22420000000.0,4011000000.0,5044000000.0,761000000.0,,9051000000.0,3876000000.0,1570000000.0,8651000000.0,14755000000.0,7794000000.0,4039000000.0,5310000000.0,,14859000000.0,,14859000000.0,4283000000.0,0.5313936961792493,0.3105718585402558,0.08383496363180336,0.12924032489249881,0.08952010701446367,-0.037580469860379564,1.8931229150628688,285.4700012207031,-0.15827802931397217,-0.19612879840076203,0.2627721484300905,-0.2612335875422168,True,,,False,False,False,False,False,False,False,False,False,False,False,False,False,True,True,False,False,False,False,False,False,False,False,False,False,False,False,False,False,False,False,False,False,False,False,0,0,100.0,Strong public-data coverage
SYY,Sysco,Consumer Staples,Food Distributors,S&P 500,NR (to derive from financials),NR,default - no public rating available; derive from leverage/margin post-SEC pull,0000096021,True,2025-06-28,81370000000.0,1828000000.0,26774000000.0,,1830000000.0,1071000000.0,2510000000.0,906000000.0,128495000.0,66401000000.0,6084000000.0,945000000.0,,11968000000.0,9916000000.0,5502000000.0,5053000000.0,6512000000.0,10588184000.0,8782000.0,,1604000000.0,0.7,0.3,0.04000149398670352,0.02246528204497972,0.059908866811085384,-0.025472473294987676,1.2069382815651473,72.44000244140625,-0.0052183089125305004,-0.1559372470051319,0.3701676352240073,-0.19936258344948166,True,,,False,True,True,False,False,False,False,False,False,False,False,False,False,True,True,False,False,False,False,False,False,False,False,True,False,False,False,False,False,False,False,False,False,True,True,2,3,82.8,Usable for demo; some stale/missing fields
T,AT&T,Technology & Communications,Integrated Telecommunication Services,S&P 500,BBB shown,BBB,screenshot,0000732717,True,2025-12-31,125648000000.0,21953000000.0,420198000000.0,279032000000.0,126491000000.0,18234000000.0,40284000000.0,20842000000.0,6704000000.0,60611000000.0,131559000000.0,20886000000.0,28942000000.0,48732000000.0,53780000000.0,8843000000.0,3592000000.0,29910000000.0,134718000000.0,3453000000.0,134718000000.0,19442000000.0,0.7,0.320606000028558,0.04339382862364885,0.17471826053737424,0.04626866382038944,-0.043624672178354015,0.9061361100780959,25.15999984741211,-0.04913073628273168,-0.06221595978453365,0.24831892129851446,-0.12634617050570263,True,,,False,True,False,False,False,False,False,False,False,False,False,False,False,True,True,False,False,False,True,False,False,False,False,True,True,False,False,False,False,False,False,True,False,False,True,1,5,86.1,Strong public-data coverage
TAP,Molson Coors Beverage Company,Consumer Staples,Brewers,S&P 500,NR (to derive from financials),BB,default - no public rating available; derive from leverage/margin post-SEC pull,0000024545,True,2025-12-31,13040300000.0,-2139600000.0,22738400000.0,12195700000.0,10230300000.0,896500000.0,1784400000.0,716600000.0,234000000.0,6866200000.0,4768700000.0,711300000.0,2643900000.0,2935500000.0,5310800000.0,703000000.0,715900000.0,1822800000.0,6260100000.0,2394700000.0,8654800000.0,1067800000.0,0.5363482039193611,0.3806248460753615,0.03942669668930092,-0.1640759798470894,0.04696020828202512,-0.1725715089891989,0.5527415831889734,42.40999984741211,-0.058601541273204605,-0.15772252360037953,0.30590785204397036,-0.21208802509235747,True,,,False,False,False,False,False,False,False,False,False,False,False,False,False,True,True,False,False,False,False,False,False,False,False,True,False,False,False,False,False,False,False,False,False,False,False,0,1,98.5,Strong public-data coverage
TDG,TransDigm Group,Aerospace & Defense,Aerospace & Defense,S&P 500,NR (to derive from financials),B-,default - no public rating available; derive from leverage/margin post-SEC pull,0001260221,True,2025-09-30,8831000000.0,2074000000.0,22909000000.0,32588000000.0,-9686000000.0,2808000000.0,2038000000.0,222000000.0,,3520000000.0,1579000000.0,367000000.0,945000000.0,7012000000.0,2182000000.0,1617000000.0,2095000000.0,368000000.0,29291000000.0,124000000.0,29415000000.0,1816000000.0,1.4224977083242394,1.2839931904491684,0.12257191496791654,0.23485448986524743,0.07927015583395172,0.0015714348072809812,3.213565536205316,1215.0799560546875,0.006544096151576806,-0.06539498586863113,0.3058618439135043,-0.16201382341056036,True,,,False,False,False,False,False,False,False,False,False,False,False,False,False,True,True,False,False,False,False,False,False,False,False,False,False,False,False,False,False,False,False,False,False,False,False,0,0,100.0,Strong public-data coverage
TDY,Teledyne Technologies,Technology,Electronic Equipment & Instruments,S&P 500,NR (to derive from financials),A,default - no public rating available; derive from leverage/margin post-SEC pull,0001094285,True,2025-12-28,6115400000.0,894800000.0,15285300000.0,4771400000.0,10513900000.0,352400000.0,1191300000.0,117300000.0,77300000.0,3500600000.0,839100000.0,336300000.0,931100000.0,3055600000.0,1860100000.0,992400000.0,1043300000.0,486600000.0,2475400000.0,450100000.0,2925500000.0,1074000000.0,0.3121561238575625,0.19139303775522887,0.023054830458021758,0.14631912875690878,0.07026358658318776,-0.019397721994334427,1.6427073813235848,621.3800048828125,-0.0377241393129778,-0.05332276994977747,0.25364679202318446,-0.09760527941361441,True,,,False,False,False,False,False,False,False,False,False,False,False,False,False,True,True,False,False,False,False,False,False,False,False,True,False,False,False,False,False,False,False,False,False,False,False,0,1,98.5,Strong public-data coverage
TECH,Bio-Techne,Healthcare,Life Sciences Tools & Services,S&P 500,NR (to derive from financials),NR,default - no public rating available; derive from leverage/margin post-SEC pull,0000842023,True,2025-06-30,1219635000.0,73400000.0,2557868000.0,,1918808000.0,162186000.0,287556000.0,31006000.0,11215000.0,429363000.0,245719000.0,109903000.0,588521000.0,608300000.0,175849000.0,206876000.0,189446000.0,25311000.0,,12500000.0,,256550000.0,0.65,0.3,0.06340671215246448,0.06018193967867436,0.10029837348917145,-0.0837244142387332,3.459217851679566,48.36000061035156,-0.12927620069895362,-0.26046022529527546,0.5846346520145026,-0.32158772208848474,True,,,False,True,True,False,False,False,False,False,False,False,False,False,False,True,True,False,False,False,False,False,False,False,False,True,False,False,False,False,False,False,False,False,False,False,True,2,2,84.3,Usable for demo; some stale/missing fields
TEL,TE Connectivity,Technology,Electronic Manufacturing Services,S&P 500,NR (to derive from financials),A,default - no public rating available; derive from leverage/margin post-SEC pull,0001385157,True,2025-09-26,17262000000.0,1842000000.0,25081000000.0,12351000000.0,12585000000.0,1255000000.0,4139000000.0,936000000.0,80000000.0,11183000000.0,4312000000.0,838000000.0,1866000000.0,7966000000.0,5120000000.0,3403000000.0,2699000000.0,2021000000.0,4842000000.0,500000000.0,4842000000.0,3203000000.0,0.49244447988517204,0.193054503408955,0.05003787727762051,0.10670837678136948,0.12770623180893903,-0.0915832702045373,1.555859375,206.1999969482422,-0.10261990580695934,-0.0866736356950869,0.4459268632874829,-0.16740695348786483,True,,,False,False,False,False,False,False,False,False,False,False,False,False,False,True,True,False,False,False,False,False,False,False,False,True,False,False,False,False,False,False,False,False,False,False,True,0,2,97.0,Strong public-data coverage
TER,Teradyne,Technology,Semiconductor Materials & Equipment,S&P 500,NR (to derive from financials),A,default - no public rating available; derive from leverage/margin post-SEC pull,0000097210,True,2025-12-31,3190024000.0,554047000.0,4183599000.0,1387847000.0,2795752000.0,293751000.0,674415000.0,224009000.0,6846000.0,1332679000.0,562999000.0,127981000.0,648874000.0,1949300000.0,1115207000.0,786913000.0,379552000.0,269185000.0,0.0,200000000.0,200000000.0,450406000.0,0.33173518781317235,0.047805728990756524,0.07021490348381859,0.17368113844911512,0.10765993585905341,-0.028771399935796905,1.7479266181076698,359.7699890136719,-0.022337567430754768,0.16099615113487453,0.8019831038785299,-0.13947091329738837,True,,,False,False,False,False,False,False,False,False,False,False,False,False,False,True,True,False,False,False,False,False,False,False,False,False,False,False,False,False,False,False,False,False,False,True,False,0,1,98.5,Strong public-data coverage
TFC,Truist Financial,Financials,Diversified Banks,S&P 500,NR (to derive from financials),BBB,default - no public rating available; derive from leverage/margin post-SEC pull,0000092230,True,2025-12-31,24542000000.0,5307000000.0,547538000000.0,482349000000.0,65189000000.0,36377000000.0,5739000000.0,564000000.0,9856000000.0,,3172000000.0,,,,,,,,41963000000.0,27839000000.0,69802000000.0,,0.880941596747623,0.127483389280744,0.06643739795228824,0.2162415451063483,0.015,-0.0007889863351950002,1.0,49.11000061035156,0.0005814364238792002,-0.08489480893446999,0.2685102084351288,-0.10178361706273797,True,,,False,False,False,False,False,True,False,True,False,False,False,False,False,True,True,False,False,False,False,False,False,False,True,True,False,False,False,False,False,False,False,False,False,False,False,2,2,84.3,Usable for demo; some stale/missing fields
TGT,Target Corporation,Consumer Staples,Consumer Staples Merchandise Retail,S&P 500,A / BBB bucket,A,demo_bucket_to_refresh,0000027419,True,2026-01-31,104780000000.0,3705000000.0,59490000000.0,,16165000000.0,5488000000.0,6562000000.0,3727000000.0,502000000.0,75511000000.0,33749000000.0,3134000000.0,21535000000.0,20005000000.0,21230000000.0,,12304000000.0,12622000000.0,14398000000.0,161000000.0,14398000000.0,2835000000.0,0.7,0.2420238695579089,0.0922507984535216,0.03535980148883375,0.047655068078668684,-0.048024878130778284,0.9422986340084786,125.25,0.02756584319613098,0.09525489804418474,0.2779019266102004,-0.051854699371836954,True,,,False,True,False,False,False,False,False,False,False,False,False,False,False,True,True,False,False,False,False,False,False,False,False,True,False,False,False,False,False,False,False,False,False,False,True,1,2,90.6,Strong public-data coverage
TJX,TJX Companies,Consumer Discretionary,Apparel Retail,S&P 500,NR (to derive from financials),A,default - no public rating available; derive from leverage/margin post-SEC pull,0000109198,True,2026-01-31,35864664000.0,5494000000.0,35767000000.0,,10190000000.0,6230000000.0,6874000000.0,1957000000.0,79000000.0,41679000000.0,8220000000.0,1247000000.0,11515000000.0,15202000000.0,13361000000.0,602000000.0,7297000000.0,4575000000.0,1870000000.0,999000000.0,2869000000.0,4917000000.0,0.72,0.08021360471943412,0.1741829060306987,0.08,0.13747308971957392,-0.03858305141610982,1.1377890876431405,153.36000061035156,-0.050990131076392387,-0.015658130794660163,0.19233893807891003,-0.07054545084635422,True,,,False,True,False,False,True,False,False,False,False,False,False,False,False,True,True,True,False,False,False,False,False,False,False,False,False,False,False,False,False,False,False,False,False,False,False,2,1,85.8,Strong public-data coverage
TKO,TKO Group Holdings,Communication Services,Movies & Entertainment,S&P 500,NR (to derive from financials),BBB,default - no public rating available; derive from leverage/margin post-SEC pull,0001973266,True,2025-12-31,4735151000.0,195403000.0,15495821000.0,6245742000.0,3737381000.0,831100000.0,1285725000.0,,202724000.0,,639930000.0,484990000.0,1511993000.0,2329061000.0,1847163000.0,558277000.0,,194807000.0,3762124000.0,38061000.0,3800185000.0,,0.4030597668881178,0.24523934549837662,0.05363381520733881,0.04126647703526244,0.05,-0.07036232542954646,1.2608854768095723,186.7899932861328,-0.05360491509751952,-0.10434208797290401,0.3499293862627397,-0.16633263817178523,True,,,False,False,False,False,False,True,False,False,False,False,False,False,False,True,True,False,False,False,False,False,False,False,False,False,False,False,False,False,False,False,False,False,False,False,False,1,0,93.6,Strong public-data coverage
TMO,Thermo Fisher Scientific,Healthcare,Life Sciences Tools & Services,S&P 500,NR (to derive from financials),BBB,default - no public rating available; derive from leverage/margin post-SEC pull,0000097745,True,2025-12-31,44556000000.0,6704000000.0,110343000000.0,,53407000000.0,9852000000.0,7818000000.0,1525000000.0,1375000000.0,8976000000.0,10565000000.0,1050000000.0,8732000000.0,28707000000.0,15189000000.0,8900000000.0,5425000000.0,3622000000.0,39172000000.0,693000000.0,39172000000.0,6293000000.0,0.65,0.3550021297227735,0.08928522878660178,0.15046233952778526,0.057031257080195394,-0.010095792211558504,1.8899861742050168,465.0,-0.06270783953182635,-0.14869471461859063,0.3246845624014558,-0.2720936956176535,True,,,False,True,False,False,False,False,False,False,False,False,False,False,False,True,True,False,False,False,False,False,False,False,False,True,True,False,False,False,False,False,False,False,False,False,True,1,3,89.1,Strong public-data coverage
TMUS,T-Mobile US,Industrials,,Nasdaq 100; S&P 500,BBB bucket,BBB,demo_bucket_to_refresh,0001283699,True,2025-12-31,88309000000.0,10992000000.0,219237000000.0,6830508000.0,59203000000.0,5598000000.0,27950000000.0,9955000000.0,835000000.0,11608000000.0,38333000000.0,13508000000.0,23470000000.0,24461000000.0,24500000000.0,4874000000.0,2405000000.0,10280000000.0,86282000000.0,5135000000.0,91417000000.0,17995000000.0,0.66,0.4169779736084694,0.025534011138630797,0.12447202436897711,0.08208012333684551,-0.0773500823309934,0.9984081632653061,193.6300048828125,-0.010627978946910477,-0.01567819127996839,0.29769994579667797,-0.12610011065496884,True,,,False,True,False,False,False,False,False,False,False,False,False,False,False,True,True,False,False,False,True,False,False,False,False,True,True,False,False,False,False,False,False,False,False,False,False,1,3,89.1,Strong public-data coverage
TPL,Texas Pacific Land Corporation,Energy,Oil & Gas Exploration & Production,S&P 500,NR (to derive from financials),NR,default - no public rating available; derive from leverage/margin post-SEC pull,0001811074,True,2025-12-31,798190000.0,481376000.0,1623278000.0,164371000.0,1458907000.0,144809000.0,545910000.0,18967000.0,,,164538000.0,62533000.0,23780000.0,319320000.0,72604000.0,,,39578000.0,,,,,0.1012586876677932,0.22,0.0892077635500512,0.6030844786329069,0.05,-0.039755359217583185,4.398104787615007,394.20001220703125,-0.03846620232386777,0.05378131653872198,0.5872900058445685,-0.2697159483256235,True,,,False,False,True,False,False,True,False,False,False,False,False,False,False,True,True,False,False,False,False,False,False,False,True,False,False,False,False,False,False,False,False,False,False,False,False,2,1,85.8,Strong public-data coverage
TPR,"Tapestry, Inc.",Consumer Discretionary,"Apparel, Accessories & Luxury Goods",S&P 500,NR (to derive from financials),BB-,default - no public rating available; derive from leverage/margin post-SEC pull,0001116132,True,2025-06-28,7010700000.0,183200000.0,6580500000.0,5722700000.0,857800000.0,1100000000.0,1216600000.0,122700000.0,,1721800000.0,489500000.0,162900000.0,4019100000.0,2905600000.0,1556900000.0,239300000.0,860700000.0,456100000.0,2377900000.0,16700000.0,2394600000.0,1093900000.0,0.869645163741357,0.36389332117620243,0.167160550110174,0.026131484730483403,0.16623356887774485,-0.15703973862168527,1.866272721433618,133.47999572753906,-0.11190956076312619,-0.1345758026553706,0.4261448103916793,-0.16606735146214158,True,,,False,False,False,False,False,False,False,False,False,False,False,False,False,True,True,False,False,False,False,False,False,False,False,False,False,False,False,False,False,False,False,False,False,False,False,0,0,100.0,Strong public-data coverage
TRGP,Targa Resources,Energy,Oil & Gas Storage & Transportation,S&P 500,NR (to derive from financials),B+,default - no public rating available; derive from leverage/margin post-SEC pull,0001389170,True,2025-12-31,17028300000.0,1923000000.0,25218400000.0,,3067900000.0,166100000.0,3917400000.0,3333300000.0,10100000.0,10507800000.0,20534800000.0,1515300000.0,406000000.0,2362700000.0,3546800000.0,1474600000.0,429300000.0,1873000000.0,17432500000.0,534900000.0,17432500000.0,584100000.0,0.48,0.691261142657742,0.006586460679503854,0.11292965240217755,0.02316165974050693,-0.07908511245757066,0.666149768805684,248.1199951171875,0.02581813054697868,0.14545765390844445,0.26455811083487196,-0.04598582002677443,True,,,False,True,False,False,False,False,False,False,False,False,False,False,False,True,True,False,False,False,False,False,False,False,False,True,False,False,False,False,False,False,False,False,False,False,True,1,2,90.6,Strong public-data coverage
TRI,Thomson Reuters,Industrials,,Nasdaq 100,NR (to derive from financials),NR,default - no public rating available; derive from leverage/margin post-SEC pull,0001075124,True,,,,,,,,,,,,,,,,,,,,,,,,0.66,0.28,0.06,0.09,0.04,0.02,1.2,92.94000244140625,0.11612833179025994,0.048549221509034846,0.5137234182030107,-0.3335648546295725,True,,,False,True,True,True,True,True,True,True,False,False,False,False,False,True,True,False,False,False,False,False,False,False,False,False,False,False,False,False,False,False,False,False,False,False,False,7,0,55.5,Assumption-heavy; use with caution
TRMB,Trimble Inc.,Technology,Application Software,S&P 500,NR (to derive from financials),A,default - no public rating available; derive from leverage/margin post-SEC pull,0000864749,True,2026-01-02,3587300000.0,424000000.0,9312000000.0,3475800000.0,5836200000.0,253400000.0,386200000.0,25300000.0,8641000.0,1109400000.0,182800000.0,199900000.0,483100000.0,1631900000.0,1503400000.0,856000000.0,186300000.0,168300000.0,1392200000.0,0.0,1392200000.0,360900000.0,0.3732603092783505,0.14950601374570446,0.027212199312714777,0.11819474256404539,0.03875644329896907,0.004059278350515464,1.0854729280297992,60.79999923706055,-0.061293771989578194,-0.0915882420463876,0.3260952421891099,-0.2720306312164107,True,,,False,False,False,False,False,False,False,False,False,False,False,False,False,True,True,False,False,False,False,False,False,False,False,True,False,False,False,False,False,False,False,False,False,False,False,0,1,98.5,Strong public-data coverage
TROW,T. Rowe Price,Financials,Asset Management & Custody Banks,S&P 500,NR (to derive from financials),NR,default - no public rating available; derive from leverage/margin post-SEC pull,0001113169,True,2025-12-31,7314800000.0,2087100000.0,14341800000.0,2288600000.0,10860100000.0,3378200000.0,1753400000.0,274200000.0,,,845300000.0,166000000.0,,,,,,,,,,1479200000.0,0.15957550656124056,0.25,0.2355492337084606,0.2853256411658555,0.1031390759876724,0.02326765120138337,1.0,105.33000183105469,0.15127341010427386,0.11573610764161835,0.21240182361264828,-0.019368200664148016,True,,,False,False,True,False,False,False,False,True,False,False,False,False,False,True,True,False,False,False,False,False,False,False,False,False,False,False,True,False,False,False,False,False,False,False,False,2,1,85.8,Strong public-data coverage
TRV,"Travelers Companies, Inc.",Financials,,Dow; S&P 500,NR (to derive from financials),NR,default - no public rating available; derive from leverage/margin post-SEC pull,0000086312,True,2025-12-31,48828000000.0,6288000000.0,143708000000.0,110814000000.0,32894000000.0,842000000.0,10606000000.0,,425000000.0,,,680000000.0,6120000000.0,,,,,,5861000000.0,600000000.0,,,0.7711052968519498,0.25,0.005859103181451276,0.12877856967313836,0.015,-0.030047039830767945,1.0,298.0400085449219,0.002623961359322635,0.021532870154683303,0.17770662202594664,-0.041357337514403625,True,,,False,False,True,False,False,True,False,True,False,False,False,False,False,True,True,False,False,False,False,False,False,False,False,False,False,False,False,False,False,False,False,False,False,True,True,3,2,77.9,Usable for demo; some stale/missing fields
TSCO,Tractor Supply,Consumer Discretionary,Other Specialty Retail,S&P 500,NR (to derive from financials),A-,default - no public rating available; derive from leverage/margin post-SEC pull,0000916365,True,2025-12-27,15524046000.0,1096087000.0,10933679000.0,8352386000.0,2581293000.0,194109000.0,1635259000.0,894770000.0,69144000.0,9869538000.0,3026544000.0,494011000.0,3693108000.0,3507797000.0,2614449000.0,,3084086000.0,1390833000.0,150000000.0,,150000000.0,740489000.0,0.7639135921221027,0.013719078454745195,0.017753310665147567,0.0706057557417699,0.0677255112391721,-0.049312953124012515,1.3416964721820928,30.649999618530273,-0.3193426504683361,-0.42753605582716403,0.369196480721113,-0.4495994982853745,True,,,False,False,False,False,False,False,False,False,False,False,False,False,False,True,True,False,False,False,False,False,False,False,False,False,False,False,False,False,False,False,False,False,False,False,False,0,0,100.0,Strong public-data coverage
TSLA,"Tesla, Inc.",Industrials,,Nasdaq 100; S&P 500,BBB / BB bucket,BBB,demo_bucket_to_refresh,0001318605,True,2025-12-31,94827000000.0,3794000000.0,137806000000.0,54941000000.0,82137000000.0,16513000000.0,14747000000.0,8527000000.0,156000000.0,77733000000.0,40643000000.0,5030000000.0,5834000000.0,68642000000.0,31714000000.0,4576000000.0,12392000000.0,13371000000.0,6584000000.0,50841000.0,6584000000.0,6220000000.0,0.39868365673483014,0.047777310131634325,0.11982787396775177,0.04000970187815706,0.04513591570758893,-0.07948129979826712,2.1644068865485275,428.3500061035156,0.2275397366926486,0.026430553497828413,0.38021017893252324,-0.12560218454724614,True,,,False,False,False,False,False,False,False,False,False,False,False,False,False,True,True,False,False,False,False,False,False,False,False,True,False,False,False,False,False,False,False,False,False,False,True,0,2,97.0,Strong public-data coverage
TSN,Tyson Foods,Consumer Staples,Packaged Foods & Meats,S&P 500,NR (to derive from financials),NR,default - no public rating available; derive from leverage/margin post-SEC pull,0000100493,True,2025-09-27,54441000000.0,474000000.0,36658000000.0,,18085000000.0,1229000000.0,2155000000.0,978000000.0,355000000.0,50879000000.0,9204000000.0,1350000000.0,2121000000.0,9916000000.0,6389000000.0,2524000000.0,5681000000.0,2601000000.0,,,,1177000000.0,0.7,0.3,0.0335261061705494,0.008706673279329917,0.032107589066506625,-0.04585629330569044,1.5520425731726404,68.37999725341797,0.04174280757537052,0.054016396536859856,0.26952089412461766,-0.005381858132102235,True,,,False,True,True,False,False,False,False,False,False,False,False,False,False,True,True,False,False,False,False,False,False,False,False,True,False,False,False,False,False,False,False,False,False,False,False,2,1,85.8,Strong public-data coverage
TT,Trane Technologies,Industrials,Building Products,S&P 500,NR (to derive from financials),A-,default - no public rating available; derive from leverage/margin post-SEC pull,0001466258,True,2025-12-31,21321900000.0,2918600000.0,21420700000.0,12819800000.0,8579200000.0,1763300000.0,3194500000.0,383000000.0,226700000.0,8651300000.0,2251300000.0,207400000.0,3742800000.0,7863000000.0,6286700000.0,3235300000.0,2103600000.0,2153900000.0,4615100000.0,763300000.0,4615100000.0,2811500000.0,0.5984771739485638,0.2154504754746577,0.08231757132119866,0.13688273559110586,0.1312515464013781,-0.01288006461040022,1.250735680086532,466.1700134277344,0.0009877863500822315,0.0163214659605746,0.30735189048635186,-0.05353878803691625,True,,,False,False,False,False,False,False,False,False,False,False,False,False,False,True,True,False,False,False,False,False,False,False,False,False,True,False,False,False,False,False,False,False,False,False,True,0,2,97.0,Strong public-data coverage
TTD,Trade Desk (The),Communication Services,Advertising,S&P 500,NR (to derive from financials),NR,default - no public rating available; derive from leverage/margin post-SEC pull,0001671933,True,2025-12-31,2896284000.0,443304000.0,6153220000.0,3668829000.0,2484391000.0,658175000.0,992721000.0,197011000.0,1550000.0,619067000.0,396819000.0,115784000.0,518455000.0,5261004000.0,3265997000.0,3770194000.0,,3007651000.0,,,,795710000.0,0.5962453804674626,0.28,0.10696432111967392,0.1530595756493493,0.12931603290634822,-0.08928934769112758,1.6108416511099062,23.079999923706055,0.14883025128962024,-0.14644973586326004,0.6366831231460743,-0.49716777436939064,True,,,False,False,True,False,False,False,False,False,False,False,False,False,False,True,True,False,False,False,False,False,False,False,False,True,False,False,False,False,False,False,False,False,False,False,False,1,1,92.1,Strong public-data coverage
TTWO,Take-Two Interactive,Industrials,,Nasdaq 100; S&P 500,NR (to derive from financials),B-,default - no public rating available; derive from leverage/margin post-SEC pull,0000946581,True,2025-03-31,5633600000.0,-4478900000.0,9180700000.0,7043000000.0,2137700000.0,1456100000.0,-45200000.0,169400000.0,,2571400000.0,443800000.0,229400000.0,883300000.0,2815900000.0,3615800000.0,771100000.0,13224000.0,194700000.0,2512600000.0,1148500000.0,3661100000.0,-214600000.0,0.767152831483438,0.3987822279346891,0.1586044637119174,-0.7950333712013633,-0.023375123901227576,-0.48293703094535273,0.7787764810000554,220.4499969482422,0.11863799033385525,0.07520849758938963,0.33512700330440615,-0.14524448909296261,True,,,False,False,False,False,False,False,False,False,False,False,False,False,False,True,True,False,False,False,False,False,False,False,False,False,False,False,False,False,False,False,False,True,False,False,False,0,1,98.5,Strong public-data coverage
TXN,Texas Instruments,Industrials,,Nasdaq 100; S&P 500,NR (to derive from financials),BBB-,default - no public rating available; derive from leverage/margin post-SEC pull,0000097476,True,2025-12-31,17682000000.0,5001000000.0,34585000000.0,18312000000.0,16273000000.0,3225000000.0,7153000000.0,4550000000.0,543000000.0,7599000000.0,12320000000.0,1918000000.0,1860000000.0,13750000000.0,3159000000.0,1963000000.0,4804000000.0,756000000.0,14048000000.0,500000000.0,14548000000.0,2603000000.0,0.5294780974410872,0.4206447882029782,0.09324851814370391,0.2828299966067187,0.0752638427063756,-0.06222350730085297,4.352643241532131,287.79998779296875,0.347097858693161,0.32222106241567117,0.493064511904749,-0.005666164436857746,True,,,False,False,False,False,False,False,False,False,False,False,False,False,False,True,True,False,False,False,False,False,False,False,False,False,False,False,False,False,False,False,False,False,False,False,False,0,0,100.0,Strong public-data coverage
TXT,Textron,Aerospace & Defense,Aerospace & Defense,S&P 500,NR (to derive from financials),NR,default - no public rating available; derive from leverage/margin post-SEC pull,0000217346,True,2026-01-03,14799000000.0,921000000.0,18129000000.0,10254000000.0,7875000000.0,2025000000.0,1312000000.0,383000000.0,142000000.0,10094000000.0,2477000000.0,401000000.0,1173000000.0,,,1026000000.0,4278000000.0,,,,,929000000.0,0.5656131060731425,0.3,0.11169948700976336,0.06223393472531928,0.05124386342324452,-0.021567654034971594,1.1,91.01000213623047,-0.004157974132353637,-0.04650791202098037,0.2839412981696778,-0.09665678902138763,True,,,False,False,True,False,False,False,False,True,False,False,False,False,False,True,True,False,False,False,False,False,False,False,False,True,True,True,False,False,False,False,True,False,False,False,False,2,4,81.3,Usable for demo; some stale/missing fields
TYL,Tyler Technologies,Technology,Application Software,S&P 500,NR (to derive from financials),A,default - no public rating available; derive from leverage/margin post-SEC pull,0000860731,True,2025-12-31,2332340000.0,315603000.0,5638908000.0,1936119000.0,3702789000.0,1015400000.0,653543000.0,16015000.0,4995000.0,1248640000.0,160355000.0,138358000.0,316447000.0,1843888000.0,1755445000.0,638798000.0,,174653000.0,599663000.0,0.0,599663000.0,637528000.0,0.34334998904043124,0.1063438169234185,0.18007032567298492,0.13531603454041863,0.11305876953481064,-0.05993004319276002,1.0503820968472382,324.5799865722656,0.022943583546706225,-0.08630786089674469,0.48336296940419016,-0.31345052749767666,True,,,False,False,False,False,False,False,False,False,False,False,False,False,False,True,True,False,False,False,False,False,False,False,False,False,False,False,False,False,False,False,False,False,False,False,False,0,0,100.0,Strong public-data coverage
UAL,United Airlines Holdings,Transportation,Passenger Airlines,S&P 500,BB bucket,BB,demo_bucket_to_refresh,0000100517,True,2025-12-31,59070000000.0,3353000000.0,76448000000.0,,15282000000.0,5942000000.0,8431000000.0,5874000000.0,670000000.0,,46121000000.0,2939000000.0,,16857000000.0,26133000000.0,2391000000.0,7000000.0,4567000000.0,17170000000.0,4096000000.0,21266000000.0,2557000000.0,0.78,0.27817601506906653,0.07772603599832566,0.05676316234975453,0.03344757220594391,-0.06642423608204269,0.645046492939961,99.58000183105469,0.03298755451079627,-0.14302922163234122,0.5626049747007248,-0.15272693894900402,True,,,False,True,False,False,False,False,False,False,False,False,False,False,False,True,True,False,False,False,False,False,False,False,False,True,False,False,False,False,False,False,False,True,False,False,False,1,2,90.6,Strong public-data coverage
UBER,Uber,Transportation,Passenger Ground Transportation,S&P 500,NR (to derive from financials),A,default - no public rating available; derive from leverage/margin post-SEC pull,0001543151,True,2025-12-31,52017000000.0,10053000000.0,61802000000.0,33719000000.0,27041000000.0,7105000000.0,10099000000.0,336000000.0,633000000.0,,1897000000.0,719000000.0,3241000000.0,13993000000.0,12320000000.0,3827000000.0,,1013000000.0,10600000000.0,0.0,10600000000.0,9763000000.0,0.5455972298631112,0.1715154849357626,0.11496391702533898,0.19326374070015573,0.15797223390828777,-0.0007443124817967056,1.1357954545454545,75.44999694824219,0.07051636428192176,0.020836060206046225,0.36223530369738016,-0.19819343069392226,True,,,False,False,False,False,False,False,False,False,False,False,False,False,False,True,True,False,False,False,False,False,False,False,False,True,False,False,False,False,False,False,False,False,False,False,False,0,1,98.5,Strong public-data coverage
UDR,"UDR, Inc.",Real Estate,Multi-Family Residential REITs,S&P 500,NR (to derive from financials),BB-,default - no public rating available; derive from leverage/margin post-SEC pull,0000074208,True,2025-12-31,1712317000.0,377704000.0,10605674000.0,6456911000.0,3288462000.0,1222000.0,902887000.0,4850000.0,180866000.0,,,680035000.0,85104000.0,,,,,,5821369000.0,,5821369000.0,,0.6088166579512061,0.5488919421811381,0.00011522134283969129,0.22058065183023937,0.02,-0.049519059326168235,0.9,36.90999984741211,0.06445181430417746,-0.009989293348738437,0.22784100875303703,-0.06027396541837793,True,,,False,False,False,False,False,True,False,True,False,False,False,False,False,True,True,False,False,False,False,False,False,False,True,True,False,False,False,False,False,False,False,False,False,False,False,2,2,84.3,Usable for demo; some stale/missing fields
UHS,Universal Health Services,Healthcare,Health Care Facilities,S&P 500,NR (to derive from financials),BBB-,default - no public rating available; derive from leverage/margin post-SEC pull,0000352915,True,2025-12-31,17364829000.0,1488796000.0,15527593000.0,,7275792000.0,137797000.0,1864397000.0,1015152000.0,156068000.0,,7008097000.0,618743000.0,,3407915000.0,3239601000.0,2602434000.0,,750134000.0,4752551000.0,748158000.0,5500709000.0,849245000.0,0.65,0.3542538112636002,0.0088743310054559,0.08573628913938629,0.05469263652132046,-0.024189261014247346,1.0519551636142845,169.9600067138672,-0.05985171002594791,-0.20106559504175026,0.4186584399318103,-0.30270748718881,True,,,False,True,False,False,False,False,False,False,False,False,False,False,False,True,True,False,False,False,False,False,False,False,False,False,False,False,False,False,False,False,False,False,False,False,False,1,0,93.6,Strong public-data coverage
ULTA,Ulta Beauty,Consumer Discretionary,Other Specialty Retail,S&P 500,NR (to derive from financials),A,default - no public rating available; derive from leverage/margin post-SEC pull,0001403568,True,2026-01-31,12392820000.0,1153479000.0,6999294000.0,4195843000.0,2803451000.0,424243000.0,1502780000.0,434829000.0,185000.0,7547596000.0,1434062000.0,300772000.0,3296411000.0,3144146000.0,2224342000.0,296217000.0,,685887000.0,800000000.0,62287000.0,62287000.0,1067951000.0,0.5994666033459947,0.008899040388930655,0.060612256036108786,0.09307639423472623,0.15257981733586273,-0.04990517615062319,1.4135173458038377,521.5800170898438,0.0023060305849020857,-0.25087250687275586,0.4001409618258784,-0.26207519356396103,True,,,False,False,False,False,False,False,False,False,False,False,False,False,False,True,True,False,False,False,False,False,False,False,False,True,False,False,False,False,False,False,False,False,False,True,False,0,2,97.0,Strong public-data coverage
UNH,UnitedHealth Group,Healthcare,,Dow; S&P 500,A bucket,A,demo_bucket_to_refresh,0000731766,True,2025-12-31,447567000000.0,12056000000.0,309581000000.0,207883000000.0,100090000000.0,24365000000.0,19697000000.0,3622000000.0,4002000000.0,50655000000.0,10762000000.0,4361000000.0,59592000000.0,90582000000.0,114897000000.0,23018000000.0,3300000000.0,38032000000.0,72320000000.0,3620000000.0,72320000000.0,16075000000.0,0.6714979278444091,0.23360606755582544,0.07870315038713616,0.026936749134766416,0.051925021238383495,-0.024681747264851527,0.7883756756051071,379.9800109863281,0.24857893652257235,0.38895197762360323,0.34160322191155934,0.0,True,,,False,False,False,False,False,False,False,False,False,False,False,False,False,True,True,False,False,False,False,False,False,False,False,False,False,False,False,False,False,False,False,False,False,False,True,0,1,98.5,Strong public-data coverage
UNP,Union Pacific Corporation,Transportation,Rail Transportation,S&P 500,A bucket,A,demo_bucket_to_refresh,0000100885,True,2025-12-31,24510000000.0,7138000000.0,69698000000.0,51231000000.0,18467000000.0,1266000000.0,9290000000.0,3791000000.0,1340000000.0,,59645000000.0,2465000000.0,,4555000000.0,5014000000.0,1860000000.0,,804000000.0,31814000000.0,,31814000000.0,5499000000.0,0.7350426124135556,0.45645499153490776,0.018164079313610148,0.2912280701754386,0.07889752934087062,-0.03087606531033889,0.9084563222975668,264.6499938964844,0.05644485130218069,0.04597397672576853,0.2440852929735225,-0.024367822867999767,True,,,False,False,False,False,False,False,False,False,False,False,False,False,False,True,True,False,False,False,False,False,False,False,False,True,False,False,False,False,False,False,False,False,False,False,False,0,1,98.5,Strong public-data coverage
UPS,United Parcel Service,Transportation,Air Freight & Logistics,S&P 500,A bucket,A,demo_bucket_to_refresh,0001090727,True,2025-12-31,88661000000.0,5572000000.0,73090000000.0,,16227000000.0,5887000000.0,8450000000.0,3685000000.0,785000000.0,,37731000000.0,3000000000.0,,19045000000.0,15620000000.0,11209000000.0,739000000.0,6633000000.0,23585000000.0,2341000000.0,23585000000.0,4765000000.0,0.78,0.32268436174579285,0.08054453413599671,0.06284612174462277,0.06519359693528526,-0.03937611164317964,1.219270166453265,100.77999877929688,-0.009046196622931268,-0.1334342554878718,0.3353687761351847,-0.14845472422163764,True,,,False,True,False,False,False,False,False,False,False,False,False,False,False,True,True,False,False,False,False,False,False,False,False,True,False,False,False,False,False,False,False,False,False,False,True,1,2,90.6,Strong public-data coverage
URI,United Rentals,Industrials,Trading Companies & Distributors,S&P 500,NR (to derive from financials),BB-,default - no public rating available; derive from leverage/margin post-SEC pull,0001067701,True,2025-12-31,16099000000.0,2494000000.0,29866000000.0,20898000000.0,8968000000.0,459000000.0,5190000000.0,4130000000.0,,9955000000.0,604000000.0,438000000.0,1732000000.0,3608000000.0,3819000000.0,2510000000.0,240000000.0,776000000.0,14302000000.0,,14302000000.0,1060000000.0,0.6997254403000067,0.4788722962566129,0.015368646621576375,0.15491645443816385,0.03549186365767093,-0.09026987209535928,0.9447499345378372,937.0,0.21384064473518904,0.07140801817117315,0.5618176968604381,-0.050446936317048774,True,,,False,False,False,False,False,False,False,False,False,False,False,False,False,True,True,False,False,False,False,False,False,False,False,False,False,True,False,False,False,False,False,False,False,False,False,0,1,98.5,Strong public-data coverage
USB,U.S. Bancorp,Financials,Diversified Banks,S&P 500,NR (to derive from financials),BBB+,default - no public rating available; derive from leverage/margin post-SEC pull,0000036104,True,2025-12-31,28656000000.0,7570000000.0,692345000000.0,626694000000.0,65193000000.0,46890000000.0,7970000000.0,,12611000000.0,,3858000000.0,74000000.0,,,,,,,39829000000.0,17162000000.0,17162000000.0,,0.9051758877438272,0.024788219745935914,0.06772635030223371,0.2641680625348967,0.015,-0.0005777466436530921,1.0,55.529998779296875,-0.0023356282513766757,-0.0703664875458403,0.2412592456163715,-0.07557451545133709,True,,,False,False,False,False,False,True,False,True,False,False,False,False,False,True,True,False,False,False,False,False,False,False,False,True,False,True,True,False,False,False,False,False,False,True,False,2,4,81.3,Usable for demo; some stale/missing fields
V,Visa,Financials,,Dow; S&P 500,AA- shown,AA-,screenshot,0001403161,True,2025-09-30,40000000000.0,20058000000.0,99627000000.0,61718000000.0,37909000000.0,17164000000.0,23059000000.0,1482000000.0,-29000000.0,,4236000000.0,1220000000.0,1926000000.0,37766000000.0,35048000000.0,3126000000.0,,555000000.0,19602000000.0,5569000000.0,25171000000.0,21577000000.0,0.6194907003121644,0.2526523934274845,0.17228261415078241,0.50145,0.2165778353257651,-0.03012235638933221,1.0775507874914403,318.7900085449219,0.0474110391899627,-0.01883597010928606,0.2630029334697456,-0.10659081122248915,True,,,False,False,False,False,False,False,False,False,False,False,False,False,False,True,True,False,False,False,False,False,False,False,False,True,False,False,False,False,False,False,False,False,False,False,False,0,1,98.5,Strong public-data coverage
VEEV,Veeva Systems,Healthcare,Health Care Technology,S&P 500,NR (to derive from financials),NR,default - no public rating available; derive from leverage/margin post-SEC pull,0001393052,True,2026-01-31,3195311000.0,908906000.0,8979343000.0,1764591000.0,7214752000.0,1421233000.0,1415225000.0,3113000.0,,782019000.0,70261000.0,6000000.0,300739000.0,7997630000.0,1637056000.0,1259737000.0,,37644000.0,,,,,0.19651671620072872,0.3,0.15827806110090684,0.28444993304251137,0.05,-0.056387087563087857,4.885373499745885,166.33999633789062,0.09846136421621843,-0.09896540930641484,0.4222856978703508,-0.4438649517100913,True,,,False,False,True,False,False,True,False,False,False,False,False,False,False,True,True,False,False,False,False,False,False,False,True,False,False,False,True,False,False,False,False,False,False,False,False,2,2,84.3,Usable for demo; some stale/missing fields
VICI,Vici Properties,Real Estate,Hotel & Resort REITs,S&P 500,NR (to derive from financials),A,default - no public rating available; derive from leverage/margin post-SEC pull,0001705696,True,2025-12-31,4006116000.0,2775493000.0,46724168000.0,18501581000.0,27797640000.0,563479000.0,2509991000.0,2724000.0,818056000.0,26730000.0,68045000.0,3637000.0,65082000.0,,,,,,16773241000.0,,16773241000.0,,0.39597454148354233,0.35898426270533057,0.012059690394059023,0.6928139374895784,0.02,0.005682326970487736,0.9,28.84000015258789,0.025969389056772263,0.00858114682414457,0.18757628590657913,-0.034605886168729394,True,,,False,False,False,False,False,True,False,True,False,False,False,False,False,True,True,False,False,False,False,False,False,False,True,True,False,False,False,False,False,False,False,False,False,False,False,2,2,84.3,Usable for demo; some stale/missing fields
VLO,Valero Energy,Energy,Oil & Gas Refining & Marketing,S&P 500,NR (to derive from financials),A-,default - no public rating available; derive from leverage/margin post-SEC pull,0001035002,True,2025-12-31,,2348000000.0,57988000000.0,,23725000000.0,4688000000.0,5826000000.0,2057000000.0,556000000.0,117255000000.0,27617000000.0,63000000.0,1042000000.0,23210000000.0,14109000000.0,9207000000.0,7591000000.0,10139000000.0,8261000000.0,,8261000000.0,3769000000.0,0.48,0.14246050907084223,0.08084431261640339,0.12,0.06499620611160929,-0.05997792646754501,1.6450492593380113,241.05999755859375,0.00937940777857027,0.19704037994671775,0.4068866363152128,-0.05213907433055609,True,,,False,True,False,False,True,False,False,False,False,False,False,False,False,True,True,False,False,False,False,False,False,False,False,False,False,False,False,False,False,False,False,False,False,False,False,2,0,87.3,Strong public-data coverage
VLTO,Veralto,Industrials,Environmental & Facilities Services,S&P 500,NR (to derive from financials),BBB-,default - no public rating available; derive from leverage/margin post-SEC pull,0001967680,True,2025-12-31,5503000000.0,940000000.0,7693000000.0,,3105000000.0,2031000000.0,1077000000.0,63000000.0,30000000.0,2204000000.0,294000000.0,78000000.0,1756000000.0,3432000000.0,2056000000.0,897000000.0,307000000.0,,2673000000.0,700000000.0,3373000000.0,1014000000.0,0.66,0.43845053945144935,0.26400623943845053,0.1708159185898601,0.13180813726764593,-0.017808397244248018,1.6692607003891051,86.83999633789062,-0.029720711308484637,-0.0616954453003169,0.2354500867048523,-0.16233997144581325,True,,,False,True,False,False,False,False,False,False,False,False,False,False,False,True,True,False,False,False,False,False,False,False,False,True,False,False,False,False,False,False,False,False,False,False,False,1,1,92.1,Strong public-data coverage
VMC,Vulcan Materials Company,Materials,Construction Materials,S&P 500,NR (to derive from financials),BBB+,default - no public rating available; derive from leverage/margin post-SEC pull,0001396009,True,2025-12-31,7941100000.0,1076700000.0,16700400000.0,8151500000.0,8525100000.0,183300000.0,1813000000.0,677700000.0,196100000.0,5766500000.0,8148600000.0,748500000.0,564100000.0,2567900000.0,956100000.0,887700000.0,680500000.0,175729000.0,4362100000.0,0.0,4362100000.0,1135300000.0,0.4881020813872722,0.26119733659074035,0.010975785011137457,0.13558575008500082,0.06798040765490647,-0.04408876434097387,2.6858069239619287,283.7200012207031,-0.0397996796005573,-0.13156079115656294,0.32323608418802213,-0.1395782525888486,True,,,False,False,False,False,False,False,False,False,False,False,False,False,False,True,True,False,False,False,False,False,False,False,False,True,False,False,False,False,False,False,False,False,True,False,False,0,2,97.0,Strong public-data coverage
VRSK,Verisk Analytics,Industrials,,Nasdaq 100; S&P 500,NR (to derive from financials),B-,default - no public rating available; derive from leverage/margin post-SEC pull,0001442145,True,2025-12-31,3072700000.0,908300000.0,6195500000.0,5885700000.0,309000000.0,2178200000.0,1436000000.0,244100000.0,115500000.0,925500000.0,582800000.0,259200000.0,458200000.0,2765400000.0,2300300000.0,422200000.0,,319100000.0,4773500000.0,499400000.0,4773500000.0,1191900000.0,0.9499959648131708,0.7704785731579372,0.3515777580501977,0.29560321541315454,0.19238156726656444,-0.0851747235897022,1.2021910185627962,171.8699951171875,0.04620158506384864,-0.03308069427239868,0.3893888843256614,-0.23375718960293057,True,,,False,False,False,False,False,False,False,False,False,False,False,False,False,True,True,False,False,False,False,False,False,False,False,True,False,False,False,False,False,False,False,False,False,False,True,0,2,97.0,Strong public-data coverage
VRSN,Verisign,Technology,Internet Services & Infrastructure,S&P 500,NR (to derive from financials),NR,default - no public rating available; derive from leverage/margin post-SEC pull,0001014473,True,2025-12-31,1656600000.0,825700000.0,1325900000.0,3480100000.0,-2154200000.0,307900000.0,1091100000.0,22800000.0,77000000.0,196300000.0,213700000.0,31200000.0,235700000.0,652500000.0,1333100000.0,7700000.0,,298000000.0,0.0,,,1068300000.0,2.624707745682178,0.18,0.2322196244060638,0.49843052034287094,0.8057168715589411,-0.2001659250320537,0.48946065561473256,288.2099914550781,0.10943872819067457,0.31569624287997855,0.2937454089958158,0.0,True,,,False,False,True,False,False,False,False,False,False,False,False,False,False,True,True,False,False,False,False,False,False,False,False,False,False,False,False,False,False,False,False,False,False,True,False,1,1,92.1,Strong public-data coverage
VRT,Vertiv,Industrials,Electrical Components & Equipment,S&P 500,NR (to derive from financials),BBB+,default - no public rating available; derive from leverage/margin post-SEC pull,0001674101,True,2025-12-31,10229900000.0,1332800000.0,12212400000.0,8271100000.0,3941300000.0,1728400000.0,2113800000.0,220000000.0,86100000.0,6514700000.0,921800000.0,308600000.0,1617800000.0,6819500000.0,4407000000.0,3109000000.0,1456500000.0,1756400000.0,2913000000.0,20900000.0,2933900000.0,1893800000.0,0.677270642953064,0.2402394287773083,0.1415282827290295,0.13028475351665217,0.15507189414038192,-0.06395139366545478,1.5474245518493306,339.9700012207031,0.1520111758187348,0.6834203719467036,0.7331971828595321,-0.05279731276630717,True,,,False,False,False,False,False,False,False,False,False,False,False,False,False,True,True,False,False,False,False,False,False,False,False,False,False,False,False,False,False,False,False,False,False,False,False,0,0,100.0,Strong public-data coverage
VRTX,Vertex Pharmaceuticals,Industrials,,Nasdaq 100; S&P 500,NR (to derive from financials),NR,default - no public rating available; derive from leverage/margin post-SEC pull,0000875320,True,2025-12-31,12001300000.0,3953200000.0,25643000000.0,6977200000.0,18665800000.0,5084800000.0,3631400000.0,437600000.0,58151000.0,1651300000.0,1520300000.0,209800000.0,1753100000.0,11201000000.0,3861200000.0,2052800000.0,1686800000.0,461700000.0,105000000.0,,,3193800000.0,0.2720898490816207,0.28,0.19829193152127286,0.32939764858806964,0.1245486097570487,0.012549233709004407,2.9009116336890086,429.82000732421875,-0.014784380892289617,-0.08717902652249576,0.31946749561109117,-0.13893063332730726,True,,,False,False,True,False,False,False,False,False,False,False,False,False,False,True,True,False,False,False,False,False,False,False,False,True,False,False,False,False,False,False,False,False,False,True,False,1,2,90.6,Strong public-data coverage
VST,Vistra Corp.,Utilities,Electric Utilities,S&P 500,NR (to derive from financials),B+,default - no public rating available; derive from leverage/margin post-SEC pull,0001692819,True,2025-12-31,17738000000.0,944000000.0,41550000000.0,36440000000.0,5097000000.0,785000000.0,4070000000.0,2752000000.0,740000000.0,,19846000000.0,1986000000.0,1714000000.0,9179000000.0,11814000000.0,2323000000.0,970000000.0,1644000000.0,17043000000.0,1800000000.0,18843000000.0,1318000000.0,0.8770156438026474,0.4535018050541516,0.018892900120336942,0.05321907768632315,0.031720818291215404,-0.07523465703971119,0.7769595395293719,147.72000122070312,-0.04530469010791993,-0.033003125941115985,0.4729907949800748,-0.22446200283763762,True,,,False,False,False,False,False,False,False,False,False,False,False,False,False,True,True,False,False,False,False,False,False,False,False,True,False,False,False,False,False,False,False,False,False,False,False,0,1,98.5,Strong public-data coverage
VTR,Ventas,Real Estate,Health Care REITs,S&P 500,NR (to derive from financials),BB-,default - no public rating available; derive from leverage/margin post-SEC pull,0000740260,True,2025-12-31,5833980000.0,261518000.0,27591945000.0,14630983000.0,12527253000.0,741067000.0,1646726000.0,2928069000.0,612246000.0,,,1379140000.0,177400000.0,,,99872000.0,,,13011016000.0,,13011016000.0,-1281343000.0,0.530262835766018,0.4715512443939708,0.026858092098980338,0.04482668778432562,-0.04643902414273441,-0.05020334738997197,0.9,87.26000213623047,0.027071599300171778,0.06126282313054876,0.19589102966484576,-0.008634339193601903,True,,,False,False,False,False,False,False,False,True,False,False,False,False,False,True,True,False,False,False,False,False,False,False,False,False,False,False,False,False,False,False,False,False,False,False,False,1,0,93.6,Strong public-data coverage
VTRS,Viatris,Healthcare,Pharmaceuticals,S&P 500,NR (to derive from financials),BB-,default - no public rating available; derive from leverage/margin post-SEC pull,0001792044,True,2025-12-31,14299900000.0,-3514900000.0,37193100000.0,22481800000.0,14711300000.0,1322400000.0,2315900000.0,378800000.0,471300000.0,9286400000.0,2614000000.0,2798300000.0,3794100000.0,9789200000.0,7094300000.0,3031300000.0,3999200000.0,,12480600000.0,1933300000.0,14413900000.0,1937100000.0,0.6044615802393455,0.38754231295589775,0.03555498197246264,-0.2457989216707809,0.05208224106084193,-0.1567710139783992,1.3798683450093738,17.170000076293945,0.2746844644332942,0.11290179311816417,0.38044397762314586,-0.012650909780103192,True,,,False,False,False,False,False,False,False,False,False,False,False,False,False,True,True,False,False,False,False,False,False,False,False,False,False,False,False,False,False,False,False,False,False,False,False,0,0,100.0,Strong public-data coverage
VZ,Verizon,Communication Services,,Dow; S&P 500,BBB+ / A- bucket,A-,demo_bucket_to_refresh,0000732712,True,2025-12-31,138191000000.0,17174000000.0,404258000000.0,,105741000000.0,19048000000.0,37137000000.0,16658000000.0,5524000000.0,22147000000.0,109467000000.0,18349000000.0,33818000000.0,56922000000.0,62370000000.0,27097000000.0,2441000000.0,12154000000.0,93144000000.0,441000000.0,441000000.0,,0.62,0.0010908875025355095,0.04711842437255416,0.12427726841834852,0.05,-0.04938183041522988,0.9126503126503126,47.220001220703125,0.025629893173564566,0.01935830801429428,0.20662567873686036,-0.06714233833283956,True,,,False,True,False,False,False,True,False,False,False,False,False,False,False,True,True,False,False,False,False,False,False,False,True,True,True,False,False,False,False,False,False,False,False,True,False,2,4,81.3,Usable for demo; some stale/missing fields
WAB,Wabtec,Industrials,Construction Machinery & Heavy Transportation Equipment,S&P 500,NR (to derive from financials),BBB,default - no public rating available; derive from leverage/margin post-SEC pull,0000943452,True,2025-12-31,11167000000.0,1170000000.0,22069000000.0,10879000000.0,11142000000.0,789000000.0,1759000000.0,260000000.0,14921000.0,7361000000.0,1616000000.0,501000000.0,1490000000.0,5694000000.0,5150000000.0,1410000000.0,2745000000.0,1402000000.0,5541000000.0,1250000000.0,6791000000.0,1499000000.0,0.49295391725950427,0.3077167066926458,0.035751506638270876,0.10477299185098952,0.06792333136979474,-0.026689020798405003,1.105631067961165,265.7099914550781,-0.005874017253027497,0.08699868407114342,0.28819310139471843,-0.019303207127781663,True,,,False,False,False,False,False,False,False,False,False,False,False,False,False,True,True,False,False,False,False,False,False,False,False,True,False,False,False,False,False,False,False,False,False,False,False,0,1,98.5,Strong public-data coverage
WAT,Waters Corporation,Healthcare,Life Sciences Tools & Services,S&P 500,NR (to derive from financials),A-,default - no public rating available; derive from leverage/margin post-SEC pull,0001000697,True,2025-12-31,3165286000.0,642629000.0,5076550000.0,2515308000.0,2561242000.0,587831000.0,652555000.0,112745000.0,69548000.0,1288822000.0,642046000.0,88144000.0,830374000.0,2147645000.0,1239499000.0,828844000.0,572371000.0,103778000.0,1410000000.0,,1410000000.0,539810000.0,0.49547586451428627,0.2777476829736731,0.11579340300006895,0.20302399214478564,0.106334026061006,-0.0019552648944657297,1.7326718295053083,355.1300048828125,0.10978126525878906,0.08225144459535527,0.5167647482631944,-0.13916226904779816,True,,,False,False,False,False,False,False,False,False,False,False,False,False,False,True,True,False,False,False,False,False,False,False,False,False,False,False,False,False,False,False,False,False,False,False,False,0,0,100.0,Strong public-data coverage
WBD,Warner Bros. Discovery,Industrials,,Nasdaq 100; S&P 500,NR (to derive from financials),BB+,default - no public rating available; derive from leverage/margin post-SEC pull,0001437107,True,2025-12-31,37296000000.0,727000000.0,100085000000.0,62919000000.0,35919000000.0,4566000000.0,4319000000.0,1231000000.0,2221000000.0,3935000000.0,6685000000.0,5684000000.0,9418000000.0,13206000000.0,12500000000.0,5294000000.0,149000000.0,1093000000.0,32567000000.0,139000000.0,32706000000.0,3088000000.0,0.6286556427037019,0.32678223510016485,0.045621221961332864,0.01949270699270699,0.030853774291851925,-0.03588949393015937,1.05648,27.110000610351562,-0.012026236052600336,-0.003675063487163399,0.1319250466844403,-0.0957304528254399,True,,,False,False,False,False,False,False,False,False,False,False,False,False,False,True,True,False,False,False,False,False,False,False,False,True,True,False,False,False,False,False,False,True,False,False,False,0,3,95.5,Strong public-data coverage
WDAY,"Workday, Inc.",Industrials,,Nasdaq 100; S&P 500,NR (to derive from financials),A-,default - no public rating available; derive from leverage/margin post-SEC pull,0001327811,True,2026-01-31,9552000000.0,693000000.0,18074000000.0,10269000000.0,7805000000.0,1501000000.0,2939000000.0,162000000.0,114000000.0,116535000.0,1093000000.0,237000000.0,912000000.0,8429000000.0,6378000000.0,2332000000.0,,142000000.0,2987000000.0,0.0,2987000000.0,2777000000.0,0.5681642137877614,0.16526502157795728,0.08304747150603076,0.07255025125628141,0.15364612150049795,-0.12426690273320792,1.321574161179053,127.83000183105469,0.13626668294270838,-0.17294252167289093,0.531765161031031,-0.45299327957726454,True,,,False,False,False,False,False,False,False,False,False,False,False,False,False,True,True,False,False,False,False,False,False,False,False,True,True,False,False,False,False,False,False,False,False,False,True,0,3,95.5,Strong public-data coverage
WDC,Western Digital,Industrials,,Nasdaq 100; S&P 500,NR (to derive from financials),BB,default - no public rating available; derive from leverage/margin post-SEC pull,0000106040,True,2025-06-27,9520000000.0,1889000000.0,14002000000.0,8462000000.0,5311000000.0,2114000000.0,1691000000.0,412000000.0,312000000.0,5828000000.0,2343000000.0,451000000.0,568000000.0,5856000000.0,5418000000.0,1486000000.0,1291000000.0,1266000000.0,4711000000.0,2226000000.0,6937000000.0,1279000000.0,0.604342236823311,0.49542922439651477,0.15097843165262106,0.19842436974789915,0.09134409370089987,0.014140837023282388,1.080841638981174,480.0,0.3976647649791878,0.6791836988302455,0.6813691210941154,-0.006519701824024615,True,,,False,False,False,False,False,False,False,False,False,False,False,False,False,True,True,False,False,False,False,False,False,False,False,True,False,False,False,False,False,False,False,False,False,False,False,0,1,98.5,Strong public-data coverage
WEC,WEC Energy Group,Utilities,Electric Utilities,S&P 500,NR (to derive from financials),BB+,default - no public rating available; derive from leverage/margin post-SEC pull,0000783325,True,2025-12-31,9800100000.0,1555500000.0,51518300000.0,,14052800000.0,27600000.0,3379400000.0,2696900000.0,726900000.0,3265800000.0,38278100000.0,1478500000.0,,3284700000.0,5593400000.0,2062700000.0,,1140100000.0,20017500000.0,1924700000.0,21942200000.0,,0.74,0.42591079286389494,0.0005357319632053076,0.15872287017479414,-0.01,-0.03540295390181741,0.5872456824114135,111.66000366210938,-0.05002549946927226,0.011507919832977942,0.17205001863987898,-0.059942710812929456,True,,,False,True,False,False,False,True,False,False,False,False,False,False,False,True,True,False,False,False,False,False,False,False,True,True,False,False,False,False,False,False,False,False,False,False,False,2,2,84.3,Usable for demo; some stale/missing fields
WELL,Welltower,Real Estate,Health Care REITs,S&P 500,BBB+ shown,BBB+,screenshot,0000766704,True,2025-12-31,10838034000.0,961837000.0,67303047000.0,24100108000.0,42129498000.0,5033678000.0,2881677000.0,,,6488081000.0,,2084868000.0,1748435000.0,,,,,,19197302000.0,,19197302000.0,,0.35808346091671006,0.28523674418485095,0.0747912349347274,0.08874644608053453,0.02,-0.028525305845365365,0.9,214.6300048828125,0.03391304335042711,0.09197228348256292,0.241483148103034,-0.012468903564648026,True,,,False,False,False,False,False,True,False,True,False,False,False,False,False,True,True,False,False,False,False,False,False,False,False,False,False,False,False,False,False,False,False,False,False,False,False,2,0,87.3,Strong public-data coverage
WFC,Wells Fargo,Financials,Diversified Banks,S&P 500,NR (to derive from financials),BBB,default - no public rating available; derive from leverage/margin post-SEC pull,0000072971,True,2025-12-31,87314000000.0,21338000000.0,2148631000000.0,1965593000000.0,181117000000.0,172593000000.0,-19001000000.0,,32743000000.0,,11395000000.0,1700000000.0,,,,,,,174712000000.0,18323000000.0,193035000000.0,,0.9148118034227376,0.08984092661792556,0.08032696167932046,0.24438234418306343,0.015,0.018774279995029394,1.0,75.63999938964844,-0.10922192860917113,-0.19593652282828833,0.310361998768807,-0.20690603803557395,True,,,False,False,False,False,False,True,False,True,False,False,False,False,False,True,True,False,False,False,False,False,False,False,False,True,False,False,False,False,False,False,False,False,False,False,False,2,1,85.8,Strong public-data coverage
WM,Waste Management,Industrials,Environmental & Facilities Services,S&P 500,NR (to derive from financials),NR,default - no public rating available; derive from leverage/margin post-SEC pull,0000823768,True,2025-12-31,25204000000.0,2708000000.0,45835000000.0,35844000000.0,9990000000.0,201000000.0,6043000000.0,3227000000.0,500000000.0,15012000000.0,20378000000.0,2863000000.0,2722000000.0,4910000000.0,5524000000.0,3435000000.0,,1867000000.0,,743000000.0,,2816000000.0,0.7820224719101123,0.28,0.004385295080178903,0.10744326297413109,0.06143776589942184,-0.07276099050943602,0.888848660391021,215.3699951171875,-0.061364140415442026,-0.06192478085196407,0.21441843416784168,-0.12284957514611783,True,,,False,False,True,False,False,False,False,False,False,False,False,False,False,True,True,False,False,False,False,False,False,False,False,True,False,False,False,False,False,False,False,False,False,False,True,1,2,90.6,Strong public-data coverage
WMB,Williams Companies,Energy,Oil & Gas Storage & Transportation,S&P 500,NR (to derive from financials),NR,default - no public rating available; derive from leverage/margin post-SEC pull,0000107263,True,2025-12-31,11950000000.0,2618000000.0,58573000000.0,,12807000000.0,63000000.0,5898000000.0,4893000000.0,1236000000.0,3496000000.0,41996000000.0,2347000000.0,721000000.0,3244000000.0,6106000000.0,2084000000.0,314000000.0,2224000000.0,,,,1005000000.0,0.48,0.22,0.0010755808990490499,0.21907949790794978,0.017158076246734842,-0.05599849760128387,0.5312807075008189,71.95999908447266,-0.010723106986580966,0.06820277270117803,0.20228526244737327,-0.0570043062939557,True,,,False,True,True,False,False,False,False,False,False,False,False,False,False,True,True,False,False,False,False,False,False,False,False,True,True,False,False,False,False,False,False,False,False,False,False,2,2,84.3,Usable for demo; some stale/missing fields
WMT,Walmart,Consumer Staples,,Dow; Nasdaq 100; S&P 500,AA / A bucket,AA,demo_bucket_to_refresh,0000104169,True,2026-01-31,713163000000.0,21893000000.0,284668000000.0,,99617000000.0,10727000000.0,41565000000.0,26642000000.0,,535395000000.0,136083000000.0,10678000000.0,147943000000.0,84874000000.0,107469000000.0,11172000000.0,58851000000.0,63061000000.0,38166000000.0,6596000000.0,44762000000.0,14923000000.0,0.7,0.15724282321862662,0.03768249329042955,0.03069845182658102,0.05242247108912839,-0.06910506273975298,0.7897533242144247,130.42999267578125,0.0308346780250075,0.014936360619396849,0.25218756230791534,-0.02197995323550528,True,,,False,True,False,False,False,False,False,False,False,False,False,False,False,True,True,False,False,False,False,False,False,False,False,False,False,False,True,False,False,False,False,False,False,False,False,1,1,92.1,Strong public-data coverage
WRB,W. R. Berkley Corporation,Financials,Property & Casualty Insurance,S&P 500,NR (to derive from financials),NR,default - no public rating available; derive from leverage/margin post-SEC pull,0000011544,True,2025-12-31,14707856000.0,1779403000.0,44071071000.0,34359177000.0,9700818000.0,2539938000.0,3582616000.0,60457000.0,126892000.0,,596235000.0,54000000.0,,,,,,,,,,,0.7796310872499559,0.25,0.0576327723009046,0.12098316709111104,0.015,-0.04091602402855152,1.0,65.68000030517578,-0.0003043629223020705,-0.050349891337717056,0.20917143337882205,-0.14451073554033067,True,,,False,False,True,False,False,True,False,True,False,False,False,False,False,True,True,False,False,False,False,False,False,False,True,False,False,False,False,False,False,False,False,False,False,False,False,3,1,79.4,Usable for demo; some stale/missing fields
WSM,"Williams-Sonoma, Inc.",Consumer Discretionary,Homefurnishing Retail,S&P 500,NR (to derive from financials),NR,default - no public rating available; derive from leverage/margin post-SEC pull,0000719955,True,2026-02-01,7806816000.0,1088437000.0,5411912000.0,3329353000.0,2082559000.0,1019801000.0,1314889000.0,259438000.0,,4203765000.0,1095158000.0,231449000.0,2187329000.0,2713187000.0,1954130000.0,126821000.0,1462849000.0,637985000.0,299620000.0,0.0,,1055451000.0,0.6151897887474889,0.32,0.18843636038427825,0.13942137229825835,0.1950236810945928,-0.041843252440172715,1.388437309697922,182.10000610351562,-0.033333811235114474,-0.15969308720976083,0.3372810336415627,-0.1714978060576482,True,,,False,False,True,False,False,False,False,False,False,False,False,False,False,True,True,False,False,False,False,False,False,False,False,False,False,False,False,False,False,False,False,False,False,True,True,1,2,90.6,Strong public-data coverage
WST,West Pharmaceutical Services,Healthcare,Health Care Supplies,S&P 500,NR (to derive from financials),A,default - no public rating available; derive from leverage/margin post-SEC pull,0000105770,True,2025-12-31,3074100000.0,493700000.0,4270000000.0,1094000000.0,3176000000.0,791300000.0,754800000.0,285900000.0,9000000.0,1970100000.0,1726400000.0,171400000.0,393600000.0,1978200000.0,654900000.0,574400000.0,443900000.0,253700000.0,202800000.0,0.0,202800000.0,468900000.0,0.25620608899297426,0.04749414519906323,0.18531615925058548,0.1605998503627078,0.10981264637002341,-0.06114754098360656,3.0206138341731563,325.9200134277344,0.2713531982611572,0.31027059323661077,0.37523396287408345,0.0,True,,,False,False,False,False,False,False,False,False,False,False,False,False,False,True,True,False,False,False,False,False,False,False,False,True,False,False,False,False,False,False,False,False,False,False,False,0,1,98.5,Strong public-data coverage
WTW,Willis Towers Watson,Financials,Insurance Brokers,S&P 500,NR (to derive from financials),BB+,default - no public rating available; derive from leverage/margin post-SEC pull,0001140536,True,2025-12-31,9708000000.0,1605000000.0,29530000000.0,21478000000.0,7976000000.0,3132000000.0,1775000000.0,229000000.0,260000000.0,,695000000.0,226000000.0,,16874000000.0,14004000000.0,2702000000.0,,163000000.0,9685000000.0,550000000.0,10235000000.0,1546000000.0,0.7273281408736878,0.3465966813410091,0.10606163223840162,0.16532756489493203,0.052353538774128,-0.005756857433118863,1.2049414453013425,256.3599853515625,-0.08488622850512029,-0.11333634221544642,0.4119000833986528,-0.2429143798973874,True,,,False,False,False,False,False,False,False,False,False,False,False,False,False,True,True,False,False,False,False,False,False,False,False,False,False,False,False,False,False,False,False,False,True,False,False,0,1,98.5,Strong public-data coverage
WY,Weyerhaeuser,Real Estate,Timber REITs,S&P 500,NR (to derive from financials),BB+,default - no public rating available; derive from leverage/margin post-SEC pull,0000106535,True,2025-12-31,6905000000.0,324000000.0,16613000000.0,7187000000.0,9426000000.0,464000000.0,562000000.0,368000000.0,273000000.0,5880000000.0,2420000000.0,509000000.0,453000000.0,1652000000.0,1278000000.0,303000000.0,593000000.0,278000000.0,5572000000.0,522000000.0,6094000000.0,,0.43261301390477336,0.36682116414855837,0.027929934388731717,0.04692251991310645,0.02,-0.014326130139047735,1.2926447574334898,23.530000686645508,-0.045048649776722516,-0.109758089971139,0.2394908331171131,-0.12421217944890772,True,,,False,False,False,False,False,True,False,False,False,False,False,False,False,True,True,False,False,False,False,False,False,False,True,False,False,False,False,False,False,False,False,False,False,False,False,1,1,92.1,Strong public-data coverage
WYNN,Wynn Resorts,Consumer Discretionary,Casinos & Gaming,S&P 500,NR (to derive from financials),B-,default - no public rating available; derive from leverage/margin post-SEC pull,0001174922,True,2025-12-31,6717660000.0,327334000.0,13108117000.0,14139396000.0,-275492000.0,1463442000.0,1352653000.0,660433000.0,751509000.0,,6625922000.0,620633000.0,1116952000.0,2683521000.0,1643178000.0,402641000.0,88478000.0,255307000.0,10546812000.0,9410000.0,10556222000.0,692220000.0,1.0786748394143872,0.8053194825770933,0.11164395313224623,0.08,0.052808500259800856,-0.07822015931044864,1.6331286080996703,102.41999816894531,-0.015192325298602816,-0.12225600263420089,0.37154818123336847,-0.22876712989836845,True,,,False,False,False,False,True,False,False,False,False,False,False,False,False,True,True,True,False,False,False,False,False,False,False,True,False,False,False,False,False,False,False,False,False,False,False,1,2,90.6,Strong public-data coverage
XEL,Xcel Energy,Industrials,,Nasdaq 100; S&P 500,NR (to derive from financials),BB,default - no public rating available; derive from leverage/margin post-SEC pull,0000072903,True,2025-12-31,11537000000.0,2018000000.0,81371000000.0,,23609000000.0,274000000.0,4083000000.0,10908000000.0,1468000000.0,3854000000.0,65639000000.0,411063000.0,,5014000000.0,7089000000.0,1330000000.0,610000000.0,2307000000.0,31832000000.0,1550000000.0,33382000000.0,-6825000000.0,0.66,0.4102444359784198,0.0033672930159393396,0.09,-0.08387509063425545,-0.025377591525236262,0.7072929891381012,79.38999938964844,-0.03629519256442404,0.04640604710483731,0.22024791864394924,-0.04687395666886951,True,,,False,True,False,False,True,False,False,False,False,False,False,False,False,True,True,True,False,False,False,False,False,False,False,False,True,False,True,False,False,False,False,True,False,False,False,2,4,81.3,Usable for demo; some stale/missing fields
XOM,ExxonMobil,Energy,Integrated Oil & Gas,S&P 500,AA bucket,AA,demo_bucket_to_refresh,0000034088,True,2025-12-31,332238000000.0,28844000000.0,448980000000.0,182354000000.0,259386000000.0,10681000000.0,51970000000.0,28358000000.0,603000000.0,,299373000000.0,25993000000.0,11128000000.0,83382000000.0,72330000000.0,35744000000.0,15024000000.0,60911000000.0,23100000000.0,6200000000.0,6200000000.0,23612000000.0,0.40615172168025304,0.013809078355383314,0.02378947837320148,0.08681728158729586,0.05259031582698561,-0.05150786226557976,1.1527996681874741,144.57000732421875,-0.05206207769066107,-0.03753970404966067,0.2913377905619438,-0.15687871758897787,True,,,False,False,False,False,False,False,False,False,False,False,False,False,False,True,True,False,False,False,False,False,False,False,False,False,False,False,False,False,False,False,False,True,False,True,False,0,2,97.0,Strong public-data coverage
XYL,Xylem Inc.,Industrials,Industrial Machinery & Supplies & Components,S&P 500,NR (to derive from financials),A,default - no public rating available; derive from leverage/margin post-SEC pull,0001524472,True,2025-12-31,9035000000.0,957000000.0,17634000000.0,5885000000.0,11480000000.0,1479000000.0,1241000000.0,331000000.0,49000000.0,5560000000.0,1159000000.0,575000000.0,1923000000.0,4641000000.0,2856000000.0,1759000000.0,983000000.0,1013000000.0,1954000000.0,534000000.0,2488000000.0,910000000.0,0.33373029375070884,0.14109107406147214,0.08387206532834297,0.10592141671278361,0.051604854258818195,-0.016105251219235568,1.625,113.7300033569336,-0.11645430175274551,-0.1859933568125981,0.3019175535943669,-0.24368292278521264,True,,,False,False,False,False,False,False,False,False,False,False,False,False,False,True,True,False,False,False,False,False,False,False,False,True,False,False,False,False,False,False,False,False,False,False,False,0,1,98.5,Strong public-data coverage
XYZ,"Block, Inc.",Financials,Transaction & Payment Processing Services,S&P 500,NR (to derive from financials),NR,default - no public rating available; derive from leverage/margin post-SEC pull,0001512673,True,2025-12-31,24193683000.0,1305636000.0,39549887000.0,17380005000.0,22204278000.0,6564092000.0,2579714000.0,155038000.0,58100000.0,13833754000.0,323375000.0,369529000.0,1997587000.0,22856880000.0,10384460000.0,238207000.0,158319000.0,114572000.0,4109829000.0,455000.0,,2424676000.0,0.43944512407835706,0.25,0.16596993058412532,0.05396598773324425,0.06130677440367908,-0.03221445360893193,2.201065823355283,74.8499984741211,0.2033761664954652,0.31824586268594457,0.5808582138394408,0.0,True,,,False,False,True,False,False,False,False,False,False,False,False,False,False,True,True,False,False,False,False,False,False,False,False,True,False,False,False,False,False,False,False,False,False,True,True,1,3,89.1,Strong public-data coverage
YUM,Yum! Brands,Consumer Discretionary,Restaurants,S&P 500,NR (to derive from financials),B,default - no public rating available; derive from leverage/margin post-SEC pull,0001041061,True,2025-12-31,8214000000.0,1559000000.0,8197000000.0,15521000000.0,-7325000000.0,709000000.0,2010000000.0,371000000.0,118000000.0,2483000000.0,1605000000.0,206000000.0,1262000000.0,2040000000.0,1516000000.0,841000000.0,229000000.0,1433000000.0,3800000000.0,38000000.0,38000000.0,1639000000.0,1.8934976210808832,0.004635842381359034,0.08649505916798829,0.18979790601412222,0.1999512016591436,-0.05502012931560327,1.345646437994723,151.9499969482422,-0.06064538756014348,-0.03933090196263811,0.22067230289209203,-0.09639632707453194,True,,,False,False,False,False,False,False,False,False,False,False,False,False,False,True,True,False,False,False,False,False,False,False,False,True,False,False,False,False,False,False,False,True,False,True,False,0,3,95.5,Strong public-data coverage
ZBH,Zimmer Biomet,Healthcare,Health Care Equipment,S&P 500,NR (to derive from financials),BBB,default - no public rating available; derive from leverage/margin post-SEC pull,0001136869,True,2025-12-31,8231500000.0,705100000.0,23091700000.0,10386000000.0,12697700000.0,591900000.0,1697100000.0,224500000.0,,2493700000.0,2207100000.0,1093800000.0,3257200000.0,5119900000.0,2583700000.0,1704400000.0,2286400000.0,303000000.0,6932000000.0,587100000.0,7519100000.0,1472600000.0,0.44977199599856227,0.3256191618633535,0.025632586600380224,0.08565874992407216,0.06377183143726967,-0.042959158485516444,1.9816155126369162,82.33000183105469,-0.11587199954118765,-0.0799780718955363,0.32582296772949737,-0.18255695561427288,True,,,False,False,False,False,False,False,False,False,False,False,False,False,False,True,True,False,False,False,False,False,False,False,False,False,False,False,False,False,False,False,False,False,False,False,False,0,0,100.0,Strong public-data coverage
ZBRA,Zebra Technologies,Technology,Electronic Equipment & Instruments,S&P 500,NR (to derive from financials),BBB,default - no public rating available; derive from leverage/margin post-SEC pull,0000877212,True,2025-12-31,5396000000.0,419000000.0,8502000000.0,4914000000.0,3588000000.0,125000000.0,917000000.0,86000000.0,5000000.0,2803000000.0,353000000.0,185000000.0,433000000.0,1796000000.0,1852000000.0,801000000.0,729000000.0,695000000.0,2361000000.0,141000000.0,2502000000.0,831000000.0,0.5779816513761468,0.29428369795342274,0.014702422959303693,0.07765011119347665,0.09774170783345096,-0.05857445306986592,0.9697624190064795,226.02999877929688,0.017557258410640486,-0.12320108892075454,0.4176281802451994,-0.17552433408171808,True,,,False,False,False,False,False,False,False,False,False,False,False,False,False,True,True,False,False,False,False,False,False,False,False,True,False,False,False,False,False,False,False,False,False,False,False,0,1,98.5,Strong public-data coverage
ZS,Zscaler,Industrials,,Nasdaq 100,NR (to derive from financials),BBB,default - no public rating available; derive from leverage/margin post-SEC pull,0001713683,True,2026-01-31,2673115000.0,-41478000.0,6419888000.0,4620615000.0,1799273000.0,2389023000.0,972453000.0,164252000.0,6541000.0,618178000.0,543377000.0,67595000.0,251754000.0,4894290000.0,2429611000.0,992181000.0,,46906000.0,1142275000.0,,1142275000.0,808201000.0,0.7197345187330371,0.17792755886083994,0.37212845457740074,-0.015516728610628423,0.12589020244589938,-0.15793593283870372,2.0144335862819194,152.1300048828125,0.28869124057635687,-0.10606410018689283,0.6579503107977476,-0.5407950709078383,True,,,False,False,False,False,False,False,False,False,False,False,False,False,False,True,True,False,False,False,False,False,False,False,False,True,False,False,False,False,False,False,False,False,False,False,False,0,1,98.5,Strong public-data coverage
ZTS,Zoetis,Healthcare,Pharmaceuticals,S&P 500,NR (to derive from financials),B+,default - no public rating available; derive from leverage/margin post-SEC pull,0001555280,True,2025-12-31,9467000000.0,2673000000.0,15467000000.0,12136000000.0,3331000000.0,2312000000.0,2904000000.0,621000000.0,222000000.0,2666000000.0,3681000000.0,487000000.0,2378000000.0,6768000000.0,2235000000.0,1590000000.0,2430000000.0,487000000.0,9042000000.0,0.0,9042000000.0,2283000000.0,0.7846382621064201,0.5845994698390121,0.14947953707894227,0.2823492130558783,0.14760457748755415,-0.014935022952091549,3.0281879194630874,82.83000183105469,-0.29416021226891664,-0.34650213489811266,0.5062740340489066,-0.36544411805585353,True,,,False,False,False,False,False,False,False,False,False,False,False,False,False,True,True,False,False,False,False,False,False,False,False,False,False,False,False,False,False,False,False,False,False,False,False,0,0,100.0,Strong public-data coverage
