ticker,company_name,sector_group,industry_group,index_memberships,rating_seed,rating_bucket,rating_source,cik,sec_available,revenue,revenue_tag,revenue_form,revenue_period_end,revenue_filed,net_income,net_income_tag,net_income_form,net_income_period_end,net_income_filed,assets,assets_tag,assets_form,assets_period_end,assets_filed,liabilities,liabilities_tag,liabilities_form,liabilities_period_end,liabilities_filed,equity,equity_tag,equity_form,equity_period_end,equity_filed,cash,cash_tag,cash_form,cash_period_end,cash_filed,cfo,cfo_tag,cfo_form,cfo_period_end,cfo_filed,capex,capex_tag,capex_form,capex_period_end,capex_filed,interest_expense,interest_expense_tag,interest_expense_form,interest_expense_period_end,interest_expense_filed,cogs,cogs_tag,cogs_form,cogs_period_end,cogs_filed,ppe_net,ppe_net_tag,ppe_net_form,ppe_net_period_end,ppe_net_filed,depreciation,depreciation_tag,depreciation_form,depreciation_period_end,depreciation_filed,sga,sga_tag,sga_form,sga_period_end,sga_filed,current_assets,current_assets_tag,current_assets_form,current_assets_period_end,current_assets_filed,current_liabilities,current_liabilities_tag,current_liabilities_form,current_liabilities_period_end,current_liabilities_filed,accounts_receivable,accounts_receivable_tag,accounts_receivable_form,accounts_receivable_period_end,accounts_receivable_filed,inventory,inventory_tag,inventory_form,inventory_period_end,inventory_filed,accounts_payable,accounts_payable_tag,accounts_payable_form,accounts_payable_period_end,accounts_payable_filed,long_term_debt,long_term_debt_tag,long_term_debt_form,long_term_debt_period_end,long_term_debt_filed,short_term_debt,short_term_debt_tag,short_term_debt_form,short_term_debt_period_end,short_term_debt_filed,market_data_available,last_close,ret_1m,ret_3m,vol_3m,drawdown_6m
A,Agilent Technologies,Healthcare,Life Sciences Tools & Services,S&P 500,NR (to derive from financials),NR,default - no public rating available; derive from leverage/margin post-SEC pull,0001090872,True,6948000000.0,RevenueFromContractWithCustomerExcludingAssessedTax,10-K,2025-10-31,2025-12-22,1303000000.0,NetIncomeLoss,10-K,2025-10-31,2025-12-22,12727000000.0,Assets,10-K,2025-10-31,2025-12-22,5986000000.0,Liabilities,10-K,2025-10-31,2025-12-22,6741000000.0,StockholdersEquity,10-K,2025-10-31,2025-12-22,1789000000.0,CashAndCashEquivalentsAtCarryingValue,10-K,2025-10-31,2025-12-22,1559000000.0,NetCashProvidedByUsedInOperatingActivities,10-K,2025-10-31,2025-12-22,407000000.0,PaymentsToAcquirePropertyPlantAndEquipment,10-K,2025-10-31,2025-12-22,112000000.0,InterestExpense,10-K,2025-10-31,2025-12-22,3305000000.0,CostOfGoodsAndServicesSold,10-K,2025-10-31,2025-12-22,2023000000.0,PropertyPlantAndEquipmentNet,10-K,2025-10-31,2025-12-22,288000000.0,DepreciationDepletionAndAmortization,10-K,2025-10-31,2025-12-22,1709000000.0,SellingGeneralAndAdministrativeExpense,10-K,2025-10-31,2025-12-22,4594000000.0,AssetsCurrent,10-K,2025-10-31,2025-12-22,2347000000.0,LiabilitiesCurrent,10-K,2025-10-31,2025-12-22,1487000000.0,AccountsReceivableNetCurrent,10-K,2025-10-31,2025-12-22,1025000000.0,InventoryNet,10-K,2025-10-31,2025-12-22,570000000.0,AccountsPayableCurrent,10-K,2025-10-31,2025-12-22,3050000000.0,LongTermDebt,10-K,2025-10-31,2025-12-22,304000000.0,ShortTermBorrowings,10-K,2025-10-31,2025-12-22,True,115.62000274658203,0.004867071092219621,-0.09110725352373694,0.29681173080961865,-0.26150802882558855
AAPL,Apple,Technology,,Dow; Nasdaq 100; S&P 500,AA bucket,AA,demo_bucket_to_refresh,0000320193,True,416161000000.0,RevenueFromContractWithCustomerExcludingAssessedTax,10-K,2025-09-27,2025-10-31,112010000000.0,NetIncomeLoss,10-K,2025-09-27,2025-10-31,359241000000.0,Assets,10-K,2025-09-27,2025-10-31,285508000000.0,Liabilities,10-K,2025-09-27,2025-10-31,73733000000.0,StockholdersEquity,10-K,2025-09-27,2025-10-31,35934000000.0,CashAndCashEquivalentsAtCarryingValue,10-K,2025-09-27,2025-10-31,111482000000.0,NetCashProvidedByUsedInOperatingActivities,10-K,2025-09-27,2025-10-31,12715000000.0,PaymentsToAcquirePropertyPlantAndEquipment,10-K,2025-09-27,2025-10-31,3933000000.0,InterestExpense,10-K,2023-09-30,2023-11-03,220960000000.0,CostOfGoodsAndServicesSold,10-K,2025-09-27,2025-10-31,49834000000.0,PropertyPlantAndEquipmentNet,10-K,2025-09-27,2025-10-31,11698000000.0,DepreciationDepletionAndAmortization,10-K,2025-09-27,2025-10-31,27601000000.0,SellingGeneralAndAdministrativeExpense,10-K,2025-09-27,2025-10-31,147957000000.0,AssetsCurrent,10-K,2025-09-27,2025-10-31,165631000000.0,LiabilitiesCurrent,10-K,2025-09-27,2025-10-31,39777000000.0,AccountsReceivableNetCurrent,10-K,2025-09-27,2025-10-31,5718000000.0,InventoryNet,10-K,2025-09-27,2025-10-31,69860000000.0,AccountsPayableCurrent,10-K,2025-09-27,2025-10-31,90678000000.0,LongTermDebt,10-K,2025-09-27,2025-10-31,12350000000.0,LongTermDebtCurrent,10-K,2025-09-27,2025-10-31,True,293.32000732421875,0.12607491919836522,0.06809413931804742,0.2579435295359332,0.0
ABBV,AbbVie,Healthcare,Biotechnology,S&P 500,BBB+ / A- bucket,A-,demo_bucket_to_refresh,0001551152,True,61160000000.0,Revenues,10-K,2025-12-31,2026-02-20,4226000000.0,NetIncomeLoss,10-K,2025-12-31,2026-02-20,133960000000.0,Assets,10-K,2025-12-31,2026-02-20,,,,,,-3270000000.0,StockholdersEquity,10-K,2025-12-31,2026-02-20,5229000000.0,CashAndCashEquivalentsAtCarryingValue,10-K,2025-12-31,2026-02-20,19030000000.0,NetCashProvidedByUsedInOperatingActivities,10-K,2025-12-31,2026-02-20,1214000000.0,PaymentsToAcquirePropertyPlantAndEquipment,10-K,2025-12-31,2026-02-20,2893000000.0,InterestExpense,10-K,2025-12-31,2026-02-20,18204000000.0,CostOfGoodsAndServicesSold,10-K,2025-12-31,2026-02-20,5628000000.0,PropertyPlantAndEquipmentNet,10-K,2025-12-31,2026-02-20,762000000.0,Depreciation,10-K,2025-12-31,2026-02-20,14010000000.0,SellingGeneralAndAdministrativeExpense,10-K,2025-12-31,2026-02-20,29062000000.0,AssetsCurrent,10-K,2025-12-31,2026-02-20,43289000000.0,LiabilitiesCurrent,10-K,2025-12-31,2026-02-20,12589000000.0,AccountsReceivableNetCurrent,10-K,2025-12-31,2026-02-20,4951000000.0,InventoryNet,10-K,2025-12-31,2026-02-20,3592000000.0,AccountsPayableCurrent,10-K,2025-12-31,2026-02-20,64503000000.0,LongTermDebt,10-K,2025-12-31,2026-02-20,2499000000.0,ShortTermBorrowings,10-K,2025-12-31,2026-02-20,True,201.5500030517578,-0.022688808273210737,-0.08975141925053653,0.2560993546943237,-0.1395821631233093
ABNB,Airbnb,Industrials,,Nasdaq 100; S&P 500,NR (to derive from financials),NR,default - no public rating available; derive from leverage/margin post-SEC pull,0001559720,True,12241000000.0,RevenueFromContractWithCustomerExcludingAssessedTax,10-K,2025-12-31,2026-02-12,2511000000.0,NetIncomeLoss,10-K,2025-12-31,2026-02-12,22208000000.0,Assets,10-K,2025-12-31,2026-02-12,14009000000.0,Liabilities,10-K,2025-12-31,2026-02-12,8199000000.0,StockholdersEquity,10-K,2025-12-31,2026-02-12,6560000000.0,CashAndCashEquivalentsAtCarryingValue,10-K,2025-12-31,2026-02-12,4646000000.0,NetCashProvidedByUsedInOperatingActivities,10-K,2025-12-31,2026-02-12,25000000.0,PaymentsToAcquirePropertyPlantAndEquipment,10-K,2022-12-31,2023-02-17,,,,,,2086000000.0,CostOfRevenue,10-K,2025-12-31,2026-02-12,107000000.0,PropertyPlantAndEquipmentNet,10-K,2025-12-31,2026-02-12,17000000.0,Depreciation,10-K,2025-12-31,2026-02-12,1342000000.0,GeneralAndAdministrativeExpense,10-K,2025-12-31,2026-02-12,18797000000.0,AssetsCurrent,10-K,2025-12-31,2026-02-12,13649000000.0,LiabilitiesCurrent,10-K,2025-12-31,2026-02-12,,,,,,,,,,,232000000.0,AccountsPayableCurrent,10-K,2025-12-31,2026-02-12,0.0,LongTermDebtNoncurrent,10-K,2025-12-31,2026-02-12,1999000000.0,LongTermDebtCurrent,10-K,2025-12-31,2026-02-12,True,141.49000549316406,0.09716189614581894,0.1663507405877509,0.33779620193456344,-0.01865714606232627
ABT,Abbott Laboratories,Healthcare,Health Care Equipment,S&P 500,NR (to derive from financials),NR,default - no public rating available; derive from leverage/margin post-SEC pull,0000001800,True,44328000000.0,RevenueFromContractWithCustomerExcludingAssessedTax,10-K,2025-12-31,2026-02-20,6524000000.0,NetIncomeLoss,10-K,2025-12-31,2026-02-20,86713000000.0,Assets,10-K,2025-12-31,2026-02-20,,,,,,52130000000.0,StockholdersEquity,10-K,2025-12-31,2026-02-20,8522000000.0,CashAndCashEquivalentsAtCarryingValue,10-K,2025-12-31,2026-02-20,9566000000.0,NetCashProvidedByUsedInOperatingActivities,10-K,2025-12-31,2026-02-20,2171000000.0,PaymentsToAcquirePropertyPlantAndEquipment,10-K,2025-12-31,2026-02-20,637000000.0,InterestExpense,10-K,2023-12-31,2024-02-16,19319000000.0,CostOfGoodsAndServicesSold,10-K,2025-12-31,2026-02-20,11816000000.0,PropertyPlantAndEquipmentNet,10-K,2025-12-31,2026-02-20,1434000000.0,Depreciation,10-K,2025-12-31,2026-02-20,12332000000.0,SellingGeneralAndAdministrativeExpense,10-K,2025-12-31,2026-02-20,25996000000.0,AssetsCurrent,10-K,2025-12-31,2026-02-20,16496000000.0,LiabilitiesCurrent,10-K,2025-12-31,2026-02-20,7929000000.0,AccountsReceivableNetCurrent,10-K,2025-12-31,2026-02-20,6488000000.0,InventoryNet,10-K,2025-12-31,2026-02-20,,,,,,12929000000.0,LongTermDebt,10-K,2025-12-31,2026-02-20,3033000000.0,LongTermDebtCurrent,10-K,2025-12-31,2026-02-20,True,84.31999969482422,-0.15404797406112414,-0.2360764239389458,0.24447683736770526,-0.34697299401426873
ACGL,Arch Capital Group,Financials,Property & Casualty Insurance,S&P 500,NR (to derive from financials),NR,default - no public rating available; derive from leverage/margin post-SEC pull,0000947484,True,19929000000.0,Revenues,10-K,2025-12-31,2026-02-26,4399000000.0,NetIncomeLoss,10-K,2025-12-31,2026-02-26,79241000000.0,Assets,10-K,2025-12-31,2026-02-26,55035000000.0,Liabilities,10-K,2025-12-31,2026-02-26,24206000000.0,StockholdersEquity,10-K,2025-12-31,2026-02-26,993000000.0,CashAndCashEquivalentsAtCarryingValue,10-K,2025-12-31,2026-02-26,6172000000.0,NetCashProvidedByUsedInOperatingActivities,10-K,2025-12-31,2026-02-26,44000000.0,PaymentsToAcquireProductiveAssets,10-K,2025-12-31,2026-02-26,148000000.0,InterestExpense,10-K,2025-12-31,2026-02-26,,,,,,,,,,,,,,,,132000000.0,GeneralAndAdministrativeExpense,10-K,2025-12-31,2026-02-26,,,,,,,,,,,,,,,,,,,,,,,,,,,,,,,,,,,,True,93.80000305175781,-0.022611213309823186,-0.02352690572844751,0.2155313574600934,-0.08021180658864557
ACN,Accenture,Technology,IT Consulting & Other Services,S&P 500,NR (to derive from financials),NR,default - no public rating available; derive from leverage/margin post-SEC pull,0001467373,True,69672977000.0,Revenues,10-K,2025-08-31,2025-10-10,7678433000.0,NetIncomeLoss,10-K,2025-08-31,2025-10-10,65394897000.0,Assets,10-K,2025-08-31,2025-10-10,,,,,,31195446000.0,StockholdersEquity,10-K,2025-08-31,2025-10-10,11478729000.0,CashAndCashEquivalentsAtCarryingValue,10-K,2025-08-31,2025-10-10,11474399000.0,NetCashProvidedByUsedInOperatingActivities,10-K,2025-08-31,2025-10-10,600039000.0,PaymentsToAcquirePropertyPlantAndEquipment,10-K,2025-08-31,2025-10-10,228555000.0,InterestExpense,10-K,2025-08-31,2025-10-10,47437576000.0,CostOfGoodsAndServicesSold,10-K,2025-08-31,2025-10-10,1566374000.0,PropertyPlantAndEquipmentNet,10-K,2025-08-31,2025-10-10,622493000.0,Depreciation,10-K,2025-08-31,2025-10-10,4350968000.0,GeneralAndAdministrativeExpense,10-K,2025-08-31,2025-10-10,28900689000.0,AssetsCurrent,10-K,2025-08-31,2025-10-10,20352097000.0,LiabilitiesCurrent,10-K,2025-08-31,2025-10-10,13065433000.0,AccountsReceivableNetCurrent,10-K,2025-08-31,2025-10-10,,,,,,2695589000.0,AccountsPayableCurrent,10-K,2025-08-31,2025-10-10,,,,,,,,,,,True,180.4199981689453,0.004957385371246792,-0.23150014825333398,0.4125425801248174,-0.3694114890148904
ADBE,Adobe Inc.,Industrials,,Nasdaq 100; S&P 500,NR (to derive from financials),NR,default - no public rating available; derive from leverage/margin post-SEC pull,0000796343,True,23769000000.0,Revenues,10-K,2025-11-28,2026-01-15,7130000000.0,NetIncomeLoss,10-K,2025-11-28,2026-01-15,29496000000.0,Assets,10-K,2025-11-28,2026-01-15,17873000000.0,Liabilities,10-K,2025-11-28,2026-01-15,11623000000.0,StockholdersEquity,10-K,2025-11-28,2026-01-15,5431000000.0,CashAndCashEquivalentsAtCarryingValue,10-K,2025-11-28,2026-01-15,10031000000.0,NetCashProvidedByUsedInOperatingActivities,10-K,2025-11-28,2026-01-15,179000000.0,PaymentsToAcquirePropertyPlantAndEquipment,10-K,2025-11-28,2026-01-15,113000000.0,InterestExpense,10-K,2023-12-01,2024-01-17,2551000000.0,CostOfRevenue,10-K,2025-11-28,2026-01-15,1873000000.0,PropertyPlantAndEquipmentNet,10-K,2025-11-28,2026-01-15,818000000.0,DepreciationDepletionAndAmortization,10-K,2025-11-28,2026-01-15,1573000000.0,GeneralAndAdministrativeExpense,10-K,2025-11-28,2026-01-15,10163000000.0,AssetsCurrent,10-K,2025-11-28,2026-01-15,10200000000.0,LiabilitiesCurrent,10-K,2025-11-28,2026-01-15,2344000000.0,AccountsReceivableNetCurrent,10-K,2025-11-28,2026-01-15,,,,,,417000000.0,AccountsPayableCurrent,10-K,2025-11-28,2026-01-15,6210000000.0,LongTermDebt,10-K,2025-11-28,2026-01-15,0.0,LongTermDebtCurrent,10-K,2025-11-28,2026-01-15,True,253.0399932861328,0.12287546675236238,-0.05192956510792235,0.3901120898293484,-0.2922552117302629
ADI,Analog Devices,Industrials,,Nasdaq 100; S&P 500,NR (to derive from financials),NR,default - no public rating available; derive from leverage/margin post-SEC pull,0000006281,True,11019707000.0,RevenueFromContractWithCustomerExcludingAssessedTax,10-K,2025-11-01,2025-11-25,2267342000.0,NetIncomeLoss,10-K,2025-11-01,2025-11-25,47992712000.0,Assets,10-K,2025-11-01,2025-11-25,,,,,,33815755000.0,StockholdersEquity,10-K,2025-11-01,2025-11-25,2499406000.0,CashAndCashEquivalentsAtCarryingValue,10-K,2025-11-01,2025-11-25,4812202000.0,NetCashProvidedByUsedInOperatingActivities,10-K,2025-11-01,2025-11-25,533552000.0,PaymentsToAcquirePropertyPlantAndEquipment,10-K,2025-11-01,2025-11-25,264641000.0,InterestExpense,10-K,2023-10-28,2023-11-21,4246229000.0,CostOfGoodsAndServicesSold,10-K,2025-11-01,2025-11-25,3315696000.0,PropertyPlantAndEquipmentNet,10-K,2025-11-01,2025-11-25,406801000.0,Depreciation,10-K,2025-11-01,2025-11-25,1255339000.0,SellingGeneralAndAdministrativeExpense,10-K,2025-11-01,2025-11-25,7108061000.0,AssetsCurrent,10-K,2025-11-01,2025-11-25,3245801000.0,LiabilitiesCurrent,10-K,2025-11-01,2025-11-25,1436075000.0,AccountsReceivableNetCurrent,10-K,2025-11-01,2025-11-25,1656323000.0,InventoryNet,10-K,2025-11-01,2025-11-25,543760000.0,AccountsPayableCurrent,10-K,2025-11-01,2025-11-25,8145066000.0,LongTermDebtNoncurrent,10-K,2025-11-01,2025-11-25,446639000.0,ShortTermBorrowings,10-K,2025-11-01,2025-11-25,True,416.5199890136719,0.1895812291887975,0.29369347833237147,0.3505037569601849,0.0
ADM,Archer Daniels Midland,Consumer Staples,Agricultural Products & Services,S&P 500,NR (to derive from financials),NR,default - no public rating available; derive from leverage/margin post-SEC pull,0000007084,True,80269000000.0,Revenues,10-K,2025-12-31,2026-02-17,1078000000.0,NetIncomeLoss,10-K,2025-12-31,2026-02-17,52389000000.0,Assets,10-K,2025-12-31,2026-02-17,,,,,,22740000000.0,StockholdersEquityIncludingPortionAttributableToNoncontrollingInterest,10-K,2025-12-31,2026-02-17,1015000000.0,CashAndCashEquivalentsAtCarryingValue,10-K,2025-12-31,2026-02-17,5452000000.0,NetCashProvidedByUsedInOperatingActivities,10-K,2025-12-31,2026-02-17,1248000000.0,PaymentsToAcquirePropertyPlantAndEquipment,10-K,2025-12-31,2026-02-17,612000000.0,InterestExpense,10-K,2025-12-31,2026-02-17,75236000000.0,CostOfRevenue,10-K,2025-12-31,2026-02-17,11179000000.0,PropertyPlantAndEquipmentNet,10-K,2025-12-31,2026-02-17,1181000000.0,DepreciationDepletionAndAmortization,10-K,2025-12-31,2026-02-17,3609000000.0,SellingGeneralAndAdministrativeExpense,10-K,2025-12-31,2026-02-17,26665000000.0,AssetsCurrent,10-K,2025-12-31,2026-02-17,19534000000.0,LiabilitiesCurrent,10-K,2025-12-31,2026-02-17,3021000000.0,AccountsReceivableNetCurrent,10-K,2025-12-31,2026-02-17,10369000000.0,InventoryNet,10-K,2025-12-31,2026-02-17,5195000000.0,AccountsPayableCurrent,10-K,2025-12-31,2026-02-17,7612000000.0,LongTermDebt,10-K,2025-12-31,2026-02-17,798000000.0,ShortTermBorrowings,10-K,2025-12-31,2026-02-17,True,77.66000366210938,0.11372436431106614,0.16177208428539802,0.28239850182229437,-0.019320605280053416
ADP,Automatic Data Processing,Industrials,,Nasdaq 100; S&P 500,NR (to derive from financials),NR,default - no public rating available; derive from leverage/margin post-SEC pull,0000008670,True,20560900000.0,Revenues,10-K,2025-06-30,2025-08-06,4079700000.0,NetIncomeLoss,10-K,2025-06-30,2025-08-06,53369300000.0,Assets,10-K,2025-06-30,2025-08-06,47181300000.0,Liabilities,10-K,2025-06-30,2025-08-06,6188000000.0,StockholdersEquity,10-K,2025-06-30,2025-08-06,3347800000.0,CashAndCashEquivalentsAtCarryingValue,10-K,2025-06-30,2025-08-06,4939700000.0,NetCashProvidedByUsedInOperatingActivities,10-K,2025-06-30,2025-08-06,,,,,,455900000.0,InterestExpense,10-K,2025-06-30,2025-08-06,11097300000.0,CostOfGoodsAndServicesSold,10-K,2025-06-30,2025-08-06,655400000.0,PropertyPlantAndEquipmentNet,10-K,2025-06-30,2025-08-06,582400000.0,DepreciationDepletionAndAmortization,10-K,2025-06-30,2025-08-06,4051700000.0,SellingGeneralAndAdministrativeExpense,10-K,2025-06-30,2025-08-06,43252200000.0,AssetsCurrent,10-K,2025-06-30,2025-08-06,41278300000.0,LiabilitiesCurrent,10-K,2025-06-30,2025-08-06,3579100000.0,AccountsReceivableNetCurrent,10-K,2025-06-30,2025-08-06,,,,,,169100000.0,AccountsPayableCurrent,10-K,2025-06-30,2025-08-06,3974700000.0,LongTermDebtNoncurrent,10-K,2025-06-30,2025-08-06,0.0,ShortTermBorrowings,10-K,2021-06-30,2021-08-04,True,213.0,0.1282377645788364,-0.0523347423792242,0.32177788874244223,-0.1929353350038332
ADSK,Autodesk,Industrials,,Nasdaq 100; S&P 500,NR (to derive from financials),NR,default - no public rating available; derive from leverage/margin post-SEC pull,0000769397,True,7206000000.0,RevenueFromContractWithCustomerExcludingAssessedTax,10-K,2026-01-31,2026-03-03,1124000000.0,NetIncomeLoss,10-K,2026-01-31,2026-03-03,12467000000.0,Assets,10-K,2026-01-31,2026-03-03,,,,,,3045000000.0,StockholdersEquity,10-K,2026-01-31,2026-03-03,2249000000.0,CashAndCashEquivalentsAtCarryingValue,10-K,2026-01-31,2026-03-03,2452000000.0,NetCashProvidedByUsedInOperatingActivities,10-K,2026-01-31,2026-03-03,43000000.0,PaymentsToAcquirePropertyPlantAndEquipment,10-K,2026-01-31,2026-03-03,80000000.0,InterestExpense,10-K,2026-01-31,2026-03-03,650000000.0,CostOfRevenue,10-K,2026-01-31,2026-03-03,121000000.0,PropertyPlantAndEquipmentNet,10-K,2026-01-31,2026-03-03,195000000.0,DepreciationAndAmortization,10-K,2026-01-31,2026-03-03,693000000.0,GeneralAndAdministrativeExpense,10-K,2026-01-31,2026-03-03,4942000000.0,AssetsCurrent,10-K,2026-01-31,2026-03-03,5808000000.0,LiabilitiesCurrent,10-K,2026-01-31,2026-03-03,1439000000.0,AccountsReceivableNetCurrent,10-K,2026-01-31,2026-03-03,,,,,,422000000.0,AccountsPayableCurrent,10-K,2026-01-31,2026-03-03,2500000000.0,LongTermDebt,10-K,2026-01-31,2026-03-03,,,,,,True,244.5,0.11924927175865285,0.008122711543390615,0.39242949398097277,-0.21192586623690568
AEE,Ameren,Utilities,Multi-Utilities,S&P 500,NR (to derive from financials),NR,default - no public rating available; derive from leverage/margin post-SEC pull,0001002910,True,8799000000.0,Revenues,10-K,2025-12-31,2026-02-18,1461000000.0,ProfitLoss,10-K,2025-12-31,2026-02-18,48476000000.0,Assets,10-K,2025-12-31,2026-02-18,,,,,,13401000000.0,StockholdersEquity,10-K,2025-12-31,2026-02-18,13000000.0,CashAndCashEquivalentsAtCarryingValue,10-K,2025-12-31,2026-02-18,3353000000.0,NetCashProvidedByUsedInOperatingActivities,10-K,2025-12-31,2026-02-18,4128000000.0,PaymentsToAcquirePropertyPlantAndEquipment,10-K,2025-12-31,2026-02-18,776000000.0,InterestExpense,10-K,2025-12-31,2026-02-18,,,,,,39313000000.0,PropertyPlantAndEquipmentNet,10-K,2025-12-31,2026-02-18,,,,,,,,,,,2571000000.0,AssetsCurrent,10-K,2025-12-31,2026-02-18,3907000000.0,LiabilitiesCurrent,10-K,2025-12-31,2026-02-18,665000000.0,AccountsReceivableNetCurrent,10-K,2025-12-31,2026-02-18,774000000.0,InventoryNet,10-K,2025-12-31,2026-02-18,1254000000.0,AccountsPayableAndAccruedLiabilitiesCurrent,10-K,2025-12-31,2026-02-18,19431000000.0,LongTermDebt,10-K,2025-12-31,2026-02-18,643000000.0,ShortTermBorrowings,10-K,2025-12-31,2026-02-18,True,109.06999969482422,-0.0386072928271316,0.053240887576514684,0.18286626644302872,-0.04592372300572789
AEP,American Electric Power,Industrials,,Nasdaq 100; S&P 500,NR (to derive from financials),NR,default - no public rating available; derive from leverage/margin post-SEC pull,0000004904,True,21876000000.0,Revenues,10-K,2025-12-31,2026-02-12,3696000000.0,ProfitLoss,10-K,2025-12-31,2026-02-12,114460000000.0,Assets,10-K,2025-12-31,2026-02-12,82204000000.0,Liabilities,10-K,2025-12-31,2026-02-12,31138000000.0,StockholdersEquity,10-K,2025-12-31,2026-02-12,197000000.0,CashAndCashEquivalentsAtCarryingValue,10-K,2025-12-31,2026-02-12,6944000000.0,NetCashProvidedByUsedInOperatingActivities,10-K,2025-12-31,2026-02-12,3453000000.0,PaymentsToAcquireProductiveAssets,10-K,2025-12-31,2026-02-12,1806900000.0,InterestExpense,10-K,2023-12-31,2024-02-26,,,,,,736000000.0,PropertyPlantAndEquipmentNet,10-K,2025-12-31,2026-02-12,3325000000.0,DepreciationDepletionAndAmortization,10-K,2025-12-31,2026-02-12,,,,,,6052000000.0,AssetsCurrent,10-K,2025-12-31,2026-02-12,13314000000.0,LiabilitiesCurrent,10-K,2025-12-31,2026-02-12,2867000000.0,AccountsReceivableNetCurrent,10-K,2025-12-31,2026-02-12,,,,,,3429000000.0,AccountsPayableCurrent,10-K,2025-12-31,2026-02-12,47322000000.0,LongTermDebt,10-K,2025-12-31,2026-02-12,1508000000.0,ShortTermBorrowings,10-K,2025-12-31,2026-02-12,True,130.16000366210938,-0.03811244573700967,0.09118000250083869,0.19875632304681198,-0.04407373107459711
AES,AES Corporation,Utilities,Independent Power Producers & Energy Traders,S&P 500,BB+ shown,BB+,screenshot,0000874761,True,12233000000.0,Revenues,10-K,2025-12-31,2026-03-02,910000000.0,NetIncomeLoss,10-K,2025-12-31,2026-03-02,51768000000.0,Assets,10-K,2025-12-31,2026-03-02,,,,,,4063000000.0,StockholdersEquity,10-K,2025-12-31,2026-03-02,1382000000.0,CashAndCashEquivalentsAtCarryingValue,10-K,2025-12-31,2026-03-02,4306000000.0,NetCashProvidedByUsedInOperatingActivities,10-K,2025-12-31,2026-03-02,5929000000.0,PaymentsToAcquirePropertyPlantAndEquipment,10-K,2025-12-31,2026-03-02,1407000000.0,InterestExpense,10-K,2025-12-31,2026-03-02,10022000000.0,CostOfGoodsAndServicesSold,10-K,2025-12-31,2026-03-02,37818000000.0,PropertyPlantAndEquipmentNet,10-K,2025-12-31,2026-03-02,1457000000.0,DepreciationAndAmortization,10-K,2025-12-31,2026-03-02,241000000.0,GeneralAndAdministrativeExpense,10-K,2025-12-31,2026-03-02,6502000000.0,AssetsCurrent,10-K,2025-12-31,2026-03-02,8492000000.0,LiabilitiesCurrent,10-K,2025-12-31,2026-03-02,1683000000.0,AccountsReceivableNetCurrent,10-K,2025-12-31,2026-03-02,612000000.0,InventoryNet,10-K,2025-12-31,2026-03-02,1980000000.0,AccountsPayableCurrent,10-K,2025-12-31,2026-03-02,,,,,,,,,,,True,14.329999923706055,0.00810910213639171,-0.09671915613682192,0.3878897827324333,-0.16049253180482026
AFL,Aflac,Financials,Life & Health Insurance,S&P 500,NR (to derive from financials),NR,default - no public rating available; derive from leverage/margin post-SEC pull,0000004977,True,17164000000.0,Revenues,10-K,2025-12-31,2026-02-25,3646000000.0,NetIncomeLoss,10-K,2025-12-31,2026-02-25,116470000000.0,Assets,10-K,2025-12-31,2026-02-25,86980000000.0,Liabilities,10-K,2025-12-31,2026-02-25,29490000000.0,StockholdersEquity,10-K,2025-12-31,2026-02-25,6245000000.0,CashAndCashEquivalentsAtCarryingValue,10-K,2025-12-31,2026-02-25,2555000000.0,NetCashProvidedByUsedInOperatingActivities,10-K,2025-12-31,2026-02-25,,,,,,195000000.0,InterestExpense,10-K,2023-12-31,2024-02-22,,,,,,351000000.0,PropertyPlantAndEquipmentNet,10-K,2025-12-31,2026-02-25,36000000.0,DepreciationAndAmortization,10-K,2025-12-31,2026-02-25,3253000000.0,SellingGeneralAndAdministrativeExpense,10-K,2025-12-31,2026-02-25,,,,,,,,,,,,,,,,,,,,,,,,,,,,,,,,,,,,True,113.0999984741211,0.021680231183755394,0.004425048584132174,0.16858623178425333,-0.03208553810369441
AIG,American International Group,Financials,Multi-line Insurance,S&P 500,NR (to derive from financials),NR,default - no public rating available; derive from leverage/margin post-SEC pull,0000005272,True,26775000000.0,Revenues,10-K,2025-12-31,2026-02-12,3096000000.0,NetIncomeLoss,10-K,2025-12-31,2026-02-12,161254000000.0,Assets,10-K,2025-12-31,2026-02-12,120092000000.0,Liabilities,10-K,2025-12-31,2026-02-12,41139000000.0,StockholdersEquity,10-K,2025-12-31,2026-02-12,1345000000.0,CashCashEquivalentsRestrictedCashAndRestrictedCashEquivalents,10-K,2025-12-31,2026-02-12,3314000000.0,NetCashProvidedByUsedInOperatingActivities,10-K,2025-12-31,2026-02-12,240000000.0,PaymentsToAcquireProductiveAssets,10-K,2023-12-31,2024-02-14,396000000.0,InterestExpense,10-K,2025-12-31,2026-02-12,,,,,,1369000000.0,PropertyPlantAndEquipmentNet,10-K,2025-12-31,2026-02-12,,,,,,5053000000.0,SellingGeneralAndAdministrativeExpense,10-K,2025-12-31,2026-02-12,,,,,,,,,,,,,,,,,,,,,,,,,,9191000000.0,LongTermDebt,10-K,2025-12-31,2026-02-12,250000000.0,ShortTermBorrowings,10-K,2023-12-31,2024-02-14,True,76.36000061035156,-0.006634605411837913,0.02550614899497683,0.2371443726493255,-0.11294126343141364
AIZ,Assurant,Financials,Multi-line Insurance,S&P 500,NR (to derive from financials),NR,default - no public rating available; derive from leverage/margin post-SEC pull,0001267238,True,12814300000.0,Revenues,10-K,2025-12-31,2026-02-19,872700000.0,NetIncomeLoss,10-K,2025-12-31,2026-02-19,36289600000.0,Assets,10-K,2025-12-31,2026-02-19,30418000000.0,Liabilities,10-K,2025-12-31,2026-02-19,5871600000.0,StockholdersEquity,10-K,2025-12-31,2026-02-19,1834100000.0,CashAndCashEquivalentsAtCarryingValue,10-K,2025-12-31,2026-02-19,1833900000.0,NetCashProvidedByUsedInOperatingActivities,10-K,2025-12-31,2026-02-19,235500000.0,PaymentsToAcquirePropertyPlantAndEquipment,10-K,2025-12-31,2026-02-19,108000000.0,InterestExpense,10-K,2023-12-31,2024-02-15,,,,,,841700000.0,PropertyPlantAndEquipmentNet,10-K,2025-12-31,2026-02-19,156400000.0,Depreciation,10-K,2025-12-31,2026-02-19,3246100000.0,SellingGeneralAndAdministrativeExpense,10-K,2021-12-31,2023-02-17,,,,,,,,,,,,,,,,,,,,,,,,,,2006900000.0,LongTermDebt,10-K,2019-12-31,2020-02-19,,,,,,True,239.6699981689453,0.09238835385758759,0.02262328339473929,0.2867295090041066,-0.01095834826465747
AJG,Arthur J. Gallagher & Co.,Financials,Insurance Brokers,S&P 500,NR (to derive from financials),NR,default - no public rating available; derive from leverage/margin post-SEC pull,0000354190,True,13942000000.0,RevenueFromContractWithCustomerExcludingAssessedTax,10-K,2025-12-31,2026-02-17,1494000000.0,NetIncomeLoss,10-K,2025-12-31,2026-02-17,70665000000.0,Assets,10-K,2025-12-31,2026-02-17,47318000000.0,Liabilities,10-K,2025-12-31,2026-02-17,23321000000.0,StockholdersEquity,10-K,2025-12-31,2026-02-17,1396000000.0,CashCashEquivalentsRestrictedCashAndRestrictedCashEquivalents,10-K,2025-12-31,2026-02-17,1930000000.0,NetCashProvidedByUsedInOperatingActivities,10-K,2025-12-31,2026-02-17,217800000.0,PaymentsToAcquirePropertyPlantAndEquipment,10-K,2016-12-31,2017-02-13,639000000.0,InterestExpense,10-K,2025-12-31,2026-02-17,22900000.0,CostOfGoodsAndServicesSold,10-K,2022-12-31,2025-02-18,789000000.0,PropertyPlantAndEquipmentNet,10-K,2025-12-31,2026-02-17,206000000.0,Depreciation,10-K,2025-12-31,2026-02-17,,,,,,34356000000.0,AssetsCurrent,10-K,2025-12-31,2026-02-17,32519000000.0,LiabilitiesCurrent,10-K,2025-12-31,2026-02-17,5175000000.0,AccountsReceivableNetCurrent,10-K,2025-12-31,2026-02-17,,,,,,,,,,,12873000000.0,LongTermDebt,10-K,2025-12-31,2026-02-17,640000000.0,ShortTermBorrowings,10-K,2025-12-31,2026-02-17,True,198.8699951171875,-0.06874271938554988,-0.0840808431507355,0.34779491030152554,-0.2467979877077957
AKAM,Akamai Technologies,Technology,Internet Services & Infrastructure,S&P 500,NR (to derive from financials),NR,default - no public rating available; derive from leverage/margin post-SEC pull,0001086222,True,2502996000.0,Revenues,10-K,2017-12-31,2018-03-01,452031000.0,NetIncomeLoss,10-K,2025-12-31,2026-02-20,11479643000.0,Assets,10-K,2025-12-31,2026-02-20,6502272000.0,Liabilities,10-K,2025-12-31,2026-02-20,4977371000.0,StockholdersEquity,10-K,2025-12-31,2026-02-20,930231000.0,CashAndCashEquivalentsAtCarryingValue,10-K,2025-12-31,2026-02-20,1518765000.0,NetCashProvidedByUsedInOperatingActivities,10-K,2025-12-31,2026-02-20,507786000.0,PaymentsToAcquirePropertyPlantAndEquipment,10-K,2025-12-31,2026-02-20,17709000.0,InterestExpense,10-K,2023-12-31,2024-02-28,1727513000.0,CostOfRevenue,10-K,2025-12-31,2026-02-20,2333462000.0,PropertyPlantAndEquipmentNet,10-K,2025-12-31,2026-02-20,708611000.0,DepreciationDepletionAndAmortization,10-K,2025-12-31,2026-02-20,656739000.0,GeneralAndAdministrativeExpense,10-K,2025-12-31,2026-02-20,2286680000.0,AssetsCurrent,10-K,2025-12-31,2026-02-20,967518000.0,LiabilitiesCurrent,10-K,2025-12-31,2026-02-20,793666000.0,AccountsReceivableNetCurrent,10-K,2025-12-31,2026-02-20,,,,,,125054000.0,AccountsPayableCurrent,10-K,2025-12-31,2026-02-20,,,,,,,,,,,True,147.7100067138672,0.616967807128235,0.5594383953785458,0.8604688484489483,0.0
ALB,Albemarle Corporation,Materials,Specialty Chemicals,S&P 500,NR (to derive from financials),NR,default - no public rating available; derive from leverage/margin post-SEC pull,0000915913,True,5142733000.0,Revenues,10-K,2025-12-31,2026-02-11,-510628000.0,NetIncomeLoss,10-K,2025-12-31,2026-02-11,16374211000.0,Assets,10-K,2025-12-31,2026-02-11,,,,,,9533365000.0,StockholdersEquity,10-K,2025-12-31,2026-02-11,1618001000.0,CashCashEquivalentsRestrictedCashAndRestrictedCashEquivalents,10-K,2025-12-31,2026-02-11,1282267000.0,NetCashProvidedByUsedInOperatingActivities,10-K,2025-12-31,2026-02-11,589801000.0,PaymentsToAcquirePropertyPlantAndEquipment,10-K,2025-12-31,2026-02-11,207651000.0,InterestAndDebtExpense,10-K,2025-12-31,2026-02-11,4474014000.0,CostOfRevenue,10-K,2025-12-31,2026-02-11,8612411000.0,PropertyPlantAndEquipmentAndFinanceLeaseRightOfUseAssetAfterAccumulatedDepreciationAndAmortization,10-K,2025-12-31,2026-02-11,658678000.0,DepreciationDepletionAndAmortization,10-K,2025-12-31,2026-02-11,550036000.0,SellingGeneralAndAdministrativeExpense,10-K,2025-12-31,2026-02-11,4008139000.0,AssetsCurrent,10-K,2025-12-31,2026-02-11,1798044000.0,LiabilitiesCurrent,10-K,2025-12-31,2026-02-11,593502000.0,AccountsReceivableNetCurrent,10-K,2025-12-31,2026-02-11,1179271000.0,InventoryNet,10-K,2025-12-31,2026-02-11,1533624000.0,AccountsPayableCurrent,10-K,2022-12-31,2023-02-15,3193541000.0,LongTermDebt,10-K,2025-12-31,2026-02-11,74077000.0,LongTermDebtCurrent,10-K,2025-12-31,2026-02-11,True,203.52000427246094,0.17208019458559032,0.23084091933835604,0.6532765914729033,-0.05611720210897109
ALGN,Align Technology,Healthcare,Health Care Supplies,S&P 500,NR (to derive from financials),NR,default - no public rating available; derive from leverage/margin post-SEC pull,0001097149,True,4034964000.0,RevenueFromContractWithCustomerExcludingAssessedTax,10-K,2025-12-31,2026-02-27,410351000.0,NetIncomeLoss,10-K,2025-12-31,2026-02-27,6233693000.0,Assets,10-K,2025-12-31,2026-02-27,2184546000.0,Liabilities,10-K,2025-12-31,2026-02-27,4049147000.0,StockholdersEquity,10-K,2025-12-31,2026-02-27,1094908000.0,CashAndCashEquivalentsAtCarryingValue,10-K,2025-12-31,2026-02-27,593223000.0,NetCashProvidedByUsedInOperatingActivities,10-K,2025-12-31,2026-02-27,102445000.0,PaymentsToAcquirePropertyPlantAndEquipment,10-K,2025-12-31,2026-02-27,51000.0,InterestExpense,10-K,2011-12-31,2012-02-29,1323951000.0,CostOfRevenue,10-K,2025-12-31,2026-02-27,1131453000.0,PropertyPlantAndEquipmentNet,10-K,2025-12-31,2026-02-27,237436000.0,DepreciationDepletionAndAmortization,10-K,2025-12-31,2026-02-27,1755791000.0,SellingGeneralAndAdministrativeExpense,10-K,2025-12-31,2026-02-27,2616562000.0,AssetsCurrent,10-K,2025-12-31,2026-02-27,1920015000.0,LiabilitiesCurrent,10-K,2025-12-31,2026-02-27,1101757000.0,AccountsReceivableNetCurrent,10-K,2025-12-31,2026-02-27,226343000.0,InventoryNet,10-K,2025-12-31,2026-02-27,121450000.0,AccountsPayableCurrent,10-K,2025-12-31,2026-02-27,,,,,,,,,,,True,168.77999877929688,-0.025181937309237568,-0.12322078556209415,0.4194776634237222,-0.14546097173095052
ALL,Allstate,Financials,Property & Casualty Insurance,S&P 500,NR (to derive from financials),NR,default - no public rating available; derive from leverage/margin post-SEC pull,0000899051,True,67685000000.0,Revenues,10-K,2025-12-31,2026-02-20,10282000000.0,NetIncomeLoss,10-K,2025-12-31,2026-02-20,119758000000.0,Assets,10-K,2025-12-31,2026-02-20,89169000000.0,Liabilities,10-K,2025-12-31,2026-02-20,30610000000.0,StockholdersEquity,10-K,2025-12-31,2026-02-20,678000000.0,CashCashEquivalentsRestrictedCashAndRestrictedCashEquivalents,10-K,2025-12-31,2026-02-20,10110000000.0,NetCashProvidedByUsedInOperatingActivities,10-K,2025-12-31,2026-02-20,228000000.0,PaymentsToAcquirePropertyPlantAndEquipment,10-K,2025-12-31,2026-02-20,379000000.0,InterestExpense,10-K,2023-12-31,2024-02-21,,,,,,627000000.0,PropertyPlantAndEquipmentNet,10-K,2025-12-31,2026-02-20,259000000.0,Depreciation,10-K,2025-12-31,2026-02-20,,,,,,,,,,,,,,,,,,,,,,,,,,,,,,,7490000000.0,LongTermDebt,10-K,2025-12-31,2026-02-20,500000000.0,ShortTermBorrowings,10-Q,2013-06-30,2013-07-31,True,213.14999389648438,0.010237396782239117,0.07146403012893776,0.21372478019701305,-0.030563521034880026
ALLE,Allegion,Industrials,Building Products,S&P 500,NR (to derive from financials),NR,default - no public rating available; derive from leverage/margin post-SEC pull,0001579241,True,4067300000.0,RevenueFromContractWithCustomerExcludingAssessedTax,10-K,2025-12-31,2026-02-17,643800000.0,NetIncomeLoss,10-K,2025-12-31,2026-02-17,5223700000.0,Assets,10-K,2025-12-31,2026-02-17,3156100000.0,Liabilities,10-K,2025-12-31,2026-02-17,2067600000.0,StockholdersEquityIncludingPortionAttributableToNoncontrollingInterest,10-K,2025-12-31,2026-02-17,356200000.0,CashAndCashEquivalentsAtCarryingValue,10-K,2025-12-31,2026-02-17,783800000.0,NetCashProvidedByUsedInOperatingActivities,10-K,2025-12-31,2026-02-17,98100000.0,PaymentsToAcquireProductiveAssets,10-K,2025-12-31,2026-02-17,101000000.0,InterestExpense,10-K,2025-12-31,2026-02-17,2229000000.0,CostOfGoodsAndServicesSold,10-K,2025-12-31,2026-02-17,444600000.0,PropertyPlantAndEquipmentNet,10-K,2025-12-31,2026-02-17,129700000.0,DepreciationDepletionAndAmortization,10-K,2025-12-31,2026-02-17,978800000.0,SellingGeneralAndAdministrativeExpense,10-K,2025-12-31,2026-02-17,1391800000.0,AssetsCurrent,10-K,2025-12-31,2026-02-17,755400000.0,LiabilitiesCurrent,10-K,2025-12-31,2026-02-17,437700000.0,AccountsNotesAndLoansReceivableNetCurrent,10-K,2025-12-31,2026-02-17,519000000.0,InventoryNet,10-K,2025-12-31,2026-02-17,244800000.0,AccountsPayableCurrent,10-K,2025-12-31,2026-02-17,1980100000.0,LongTermDebt,10-K,2025-12-31,2026-02-17,200000.0,LongTermDebtCurrent,10-K,2025-12-31,2026-02-17,True,134.3699951171875,-0.07209448668889018,-0.2419993974607274,0.318673267309145,-0.24971562102990896
ALNY,Alnylam Pharmaceuticals,Industrials,,Nasdaq 100,NR (to derive from financials),NR,default - no public rating available; derive from leverage/margin post-SEC pull,0001178670,True,3713937000.0,RevenueFromContractWithCustomerExcludingAssessedTax,10-K,2025-12-31,2026-02-12,313747000.0,NetIncomeLoss,10-K,2025-12-31,2026-02-12,4966331000.0,Assets,10-K,2025-12-31,2026-02-12,4177155000.0,Liabilities,10-K,2025-12-31,2026-02-12,789176000.0,StockholdersEquity,10-K,2025-12-31,2026-02-12,1657250000.0,CashAndCashEquivalentsAtCarryingValue,10-K,2025-12-31,2026-02-12,524080000.0,NetCashProvidedByUsedInOperatingActivities,10-K,2025-12-31,2026-02-12,58697000.0,PaymentsToAcquirePropertyPlantAndEquipment,10-K,2025-12-31,2026-02-12,121221000.0,InterestExpense,10-K,2023-12-31,2024-02-15,677166000.0,CostOfGoodsAndServicesSold,10-K,2025-12-31,2026-02-12,513147000.0,PropertyPlantAndEquipmentNet,10-K,2025-12-31,2026-02-12,54800000.0,Depreciation,10-K,2025-12-31,2026-02-12,1210713000.0,SellingGeneralAndAdministrativeExpense,10-K,2025-12-31,2026-02-12,4050662000.0,AssetsCurrent,10-K,2025-12-31,2026-02-12,1466349000.0,LiabilitiesCurrent,10-K,2025-12-31,2026-02-12,777567000.0,AccountsReceivableNetCurrent,10-K,2025-12-31,2026-02-12,82719000.0,InventoryNet,10-K,2025-12-31,2026-02-12,115721000.0,AccountsPayableCurrent,10-K,2025-12-31,2026-02-12,677723000.0,LongTermDebt,10-Q,2022-06-30,2022-07-28,,,,,,True,295.04998779296875,-0.0840085647424419,-0.07796878814697261,0.36372273497375124,-0.37659789459729454
AMAT,Applied Materials,Industrials,,Nasdaq 100; S&P 500,NR (to derive from financials),NR,default - no public rating available; derive from leverage/margin post-SEC pull,0000006951,True,28368000000.0,RevenueFromContractWithCustomerExcludingAssessedTax,10-K,2025-10-26,2025-12-12,6998000000.0,NetIncomeLoss,10-K,2025-10-26,2025-12-12,36299000000.0,Assets,10-K,2025-10-26,2025-12-12,15884000000.0,Liabilities,10-K,2025-10-26,2025-12-12,20415000000.0,StockholdersEquity,10-K,2025-10-26,2025-12-12,7241000000.0,CashAndCashEquivalentsAtCarryingValue,10-K,2025-10-26,2025-12-12,7958000000.0,NetCashProvidedByUsedInOperatingActivities,10-K,2025-10-26,2025-12-12,2260000000.0,PaymentsToAcquirePropertyPlantAndEquipment,10-K,2025-10-26,2025-12-12,238000000.0,InterestExpense,10-K,2023-10-29,2023-12-15,14560000000.0,CostOfGoodsAndServicesSold,10-K,2025-10-26,2025-12-12,4610000000.0,PropertyPlantAndEquipmentNet,10-K,2025-10-26,2025-12-12,435000000.0,DepreciationAndAmortization,10-K,2025-10-26,2025-12-12,1768000000.0,SellingGeneralAndAdministrativeExpense,10-K,2025-10-26,2025-12-12,20881000000.0,AssetsCurrent,10-K,2025-10-26,2025-12-12,7999000000.0,LiabilitiesCurrent,10-K,2025-10-26,2025-12-12,5185000000.0,AccountsReceivableNetCurrent,10-K,2025-10-26,2025-12-12,5915000000.0,InventoryNet,10-K,2025-10-26,2025-12-12,1978000000.0,AccountsPayableCurrent,10-K,2025-10-26,2025-12-12,6455000000.0,LongTermDebtNoncurrent,10-K,2025-10-26,2025-12-12,100000000.0,ShortTermBorrowings,10-K,2025-10-26,2025-12-12,True,435.44000244140625,0.08998976967092442,0.3188827600549977,0.5287430828981754,0.0
AMCR,Amcor,Materials,Paper & Plastic Packaging Products & Materials,S&P 500,NR (to derive from financials),NR,default - no public rating available; derive from leverage/margin post-SEC pull,0001748790,True,5082000000.0,Revenues,10-K,2025-06-30,2025-08-15,511000000.0,NetIncomeLoss,10-K,2025-06-30,2025-08-15,37066000000.0,Assets,10-K,2025-06-30,2025-08-15,25326000000.0,Liabilities,10-K,2025-06-30,2025-08-15,11728000000.0,StockholdersEquity,10-K,2025-06-30,2025-08-15,827000000.0,CashAndCashEquivalentsAtCarryingValue,10-K,2025-06-30,2025-08-15,1390000000.0,NetCashProvidedByUsedInOperatingActivities,10-K,2025-06-30,2025-08-15,580000000.0,PaymentsToAcquireProductiveAssets,10-K,2025-06-30,2025-08-15,396000000.0,InterestExpense,10-K,2025-06-30,2025-08-15,12175000000.0,CostOfGoodsAndServicesSold,10-K,2025-06-30,2025-08-15,8202000000.0,PropertyPlantAndEquipmentAndFinanceLeaseRightOfUseAssetAfterAccumulatedDepreciationAndAmortization,10-K,2025-06-30,2025-08-15,722000000.0,DepreciationDepletionAndAmortization,10-K,2025-06-30,2025-08-15,1205000000.0,SellingGeneralAndAdministrativeExpense,10-K,2025-06-30,2025-08-15,8434000000.0,AssetsCurrent,10-K,2025-06-30,2025-08-15,6987000000.0,LiabilitiesCurrent,10-K,2025-06-30,2025-08-15,3426000000.0,AccountsReceivableNetCurrent,10-K,2025-06-30,2025-08-15,2439000000.0,InventoryNet,10-K,2022-06-30,2022-08-18,3490000000.0,AccountsPayableCurrent,10-K,2025-06-30,2025-08-15,5314400000.0,LongTermDebt,10-K,2019-06-30,2019-09-03,116000000.0,ShortTermBorrowings,10-K,2025-06-30,2025-08-15,True,39.93000030517578,-0.029883370913415197,-0.16434589535628585,0.3762492570790803,-0.2001974098627911
AMD,Advanced Micro Devices,Industrials,,Nasdaq 100; S&P 500,BBB / A bucket,A,demo_bucket_to_refresh,0000002488,True,34639000000.0,RevenueFromContractWithCustomerExcludingAssessedTax,10-K,2025-12-27,2026-02-04,4335000000.0,NetIncomeLoss,10-K,2025-12-27,2026-02-04,76926000000.0,Assets,10-K,2025-12-27,2026-02-04,,,,,,62999000000.0,StockholdersEquity,10-K,2025-12-27,2026-02-04,5539000000.0,CashAndCashEquivalentsAtCarryingValue,10-K,2025-12-27,2026-02-04,7709000000.0,NetCashProvidedByUsedInOperatingActivities,10-K,2025-12-27,2026-02-04,974000000.0,PaymentsToAcquirePropertyPlantAndEquipment,10-K,2025-12-27,2026-02-04,131000000.0,InterestExpense,10-K,2025-12-27,2026-02-04,17487000000.0,CostOfGoodsAndServicesSold,10-K,2025-12-27,2026-02-04,2312000000.0,PropertyPlantAndEquipmentNet,10-K,2025-12-27,2026-02-04,521000000.0,Depreciation,10-K,2025-12-27,2026-02-04,4144000000.0,SellingGeneralAndAdministrativeExpense,10-K,2025-12-27,2026-02-04,26947000000.0,AssetsCurrent,10-K,2025-12-27,2026-02-04,9455000000.0,LiabilitiesCurrent,10-K,2025-12-27,2026-02-04,6315000000.0,AccountsReceivableNetCurrent,10-K,2025-12-27,2026-02-04,7920000000.0,InventoryNet,10-K,2025-12-27,2026-02-04,2929000000.0,AccountsPayableCurrent,10-K,2025-12-27,2026-02-04,2348000000.0,LongTermDebtNoncurrent,10-K,2025-12-27,2026-02-04,874000000.0,ShortTermBorrowings,10-K,2025-12-27,2026-02-04,True,455.19000244140625,0.8576151441119311,1.1073611224139177,0.7205735087549404,0.0
AME,Ametek,Industrials,Electrical Components & Equipment,S&P 500,NR (to derive from financials),NR,default - no public rating available; derive from leverage/margin post-SEC pull,0001037868,True,7401116000.0,RevenueFromContractWithCustomerExcludingAssessedTax,10-K,2025-12-31,2026-02-17,1480142000.0,NetIncomeLoss,10-K,2025-12-31,2026-02-17,16067543000.0,Assets,10-K,2025-12-31,2026-02-17,5438757000.0,Liabilities,10-K,2025-12-31,2026-02-17,10628786000.0,StockholdersEquity,10-K,2025-12-31,2026-02-17,457951000.0,CashAndCashEquivalentsAtCarryingValue,10-K,2025-12-31,2026-02-17,1801763000.0,NetCashProvidedByUsedInOperatingActivities,10-K,2025-12-31,2026-02-17,130248000.0,PaymentsToAcquirePropertyPlantAndEquipment,10-K,2025-12-31,2026-02-17,81795000.0,InterestExpense,10-K,2023-12-31,2024-02-22,4733677000.0,CostOfGoodsAndServicesSold,10-K,2025-12-31,2026-02-17,855215000.0,PropertyPlantAndEquipmentNet,10-K,2025-12-31,2026-02-17,422804000.0,DepreciationAndAmortization,10-K,2025-12-31,2026-02-17,757122000.0,SellingGeneralAndAdministrativeExpense,10-K,2025-12-31,2026-02-17,3019842000.0,AssetsCurrent,10-K,2025-12-31,2026-02-17,2842752000.0,LiabilitiesCurrent,10-K,2025-12-31,2026-02-17,1119257000.0,ReceivablesNetCurrent,10-K,2025-12-31,2026-02-17,1106405000.0,InventoryNet,10-K,2025-12-31,2026-02-17,617950000.0,AccountsPayableCurrent,10-K,2025-12-31,2026-02-17,2283309000.0,LongTermDebt,10-K,2025-12-31,2026-02-17,273315000.0,LongTermDebtCurrent,10-K,2013-12-31,2014-02-26,True,232.39999389648438,-0.010684984574924061,-0.002746437701043436,0.2766583388097309,-0.03720279561137563
AMGN,Amgen,Healthcare,,Dow; Nasdaq 100; S&P 500,NR (to derive from financials),NR,default - no public rating available; derive from leverage/margin post-SEC pull,0000318154,True,36751000000.0,RevenueFromContractWithCustomerExcludingAssessedTax,10-K,2025-12-31,2026-02-13,7711000000.0,NetIncomeLoss,10-K,2025-12-31,2026-02-13,90586000000.0,Assets,10-K,2025-12-31,2026-02-13,,,,,,8658000000.0,StockholdersEquity,10-K,2025-12-31,2026-02-13,9129000000.0,CashAndCashEquivalentsAtCarryingValue,10-K,2025-12-31,2026-02-13,9958000000.0,NetCashProvidedByUsedInOperatingActivities,10-K,2025-12-31,2026-02-13,1858000000.0,PaymentsToAcquirePropertyPlantAndEquipment,10-K,2025-12-31,2026-02-13,,,,,,12037000000.0,CostOfGoodsAndServicesSold,10-K,2025-12-31,2026-02-13,7913000000.0,PropertyPlantAndEquipmentNet,10-K,2025-12-31,2026-02-13,5167000000.0,DepreciationDepletionAndAmortization,10-K,2025-12-31,2026-02-13,7050000000.0,SellingGeneralAndAdministrativeExpense,10-K,2025-12-31,2026-02-13,29057000000.0,AssetsCurrent,10-K,2025-12-31,2026-02-13,25489000000.0,LiabilitiesCurrent,10-K,2025-12-31,2026-02-13,9570000000.0,AccountsReceivableNetCurrent,10-K,2025-12-31,2026-02-13,6225000000.0,InventoryNet,10-K,2025-12-31,2026-02-13,2367000000.0,AccountsPayableCurrent,10-K,2025-12-31,2026-02-13,54604000000.0,LongTermDebt,10-K,2025-12-31,2026-02-13,4599000000.0,LongTermDebtCurrent,10-K,2025-12-31,2026-02-13,True,331.70001220703125,-0.05503953453171617,-0.11128094673758882,0.23590692029825058,-0.14545545888912903
AMP,Ameriprise Financial,Financials,Asset Management & Custody Banks,S&P 500,NR (to derive from financials),NR,default - no public rating available; derive from leverage/margin post-SEC pull,0000820027,True,18911000000.0,Revenues,10-K,2025-12-31,2026-02-19,3563000000.0,NetIncomeLoss,10-K,2025-12-31,2026-02-19,190904000000.0,Assets,10-K,2025-12-31,2026-02-19,184355000000.0,Liabilities,10-K,2025-12-31,2026-02-19,6549000000.0,StockholdersEquity,10-K,2025-12-31,2026-02-19,11158000000.0,CashCashEquivalentsRestrictedCashAndRestrictedCashEquivalents,10-K,2025-12-31,2026-02-19,8323000000.0,NetCashProvidedByUsedInOperatingActivities,10-K,2025-12-31,2026-02-19,162000000.0,PaymentsToAcquireProductiveAssets,10-K,2025-12-31,2026-02-19,,,,,,,,,,,744000000.0,PropertyPlantAndEquipmentNet,10-K,2025-12-31,2026-02-19,151000000.0,DepreciationDepletionAndAmortization,10-K,2025-12-31,2026-02-19,3875000000.0,GeneralAndAdministrativeExpense,10-K,2025-12-31,2026-02-19,,,,,,,,,,,,,,,,,,,,,,,,,,2249000000.0,LongTermDebt,10-K,2009-12-31,2010-02-24,504000000.0,ShortTermBorrowings,10-Q,2011-09-30,2011-11-07,True,465.55999755859375,0.046870707867977535,-0.13327467091302592,0.3052983686320094,-0.1408960310675763
AMT,American Tower,Real Estate,Telecom Tower REITs,S&P 500,NR (to derive from financials),NR,default - no public rating available; derive from leverage/margin post-SEC pull,0001053507,True,10644600000.0,Revenues,10-K,2025-12-31,2026-02-24,2628500000.0,ProfitLoss,10-K,2025-12-31,2026-02-24,63190400000.0,Assets,10-K,2025-12-31,2026-02-24,52835100000.0,Liabilities,10-K,2025-12-31,2026-02-24,3652500000.0,StockholdersEquity,10-K,2025-12-31,2026-02-24,1474800000.0,CashAndCashEquivalentsAtCarryingValue,10-K,2025-12-31,2026-02-24,5464000000.0,NetCashProvidedByUsedInOperatingActivities,10-K,2025-12-31,2026-02-24,1680400000.0,PaymentsToAcquirePropertyPlantAndEquipment,10-K,2025-12-31,2026-02-24,1398200000.0,InterestExpense,10-K,2023-12-31,2024-02-27,43100000.0,CostOfGoodsAndServicesSold,10-K,2019-12-31,2020-02-25,20356300000.0,PropertyPlantAndEquipmentAndFinanceLeaseRightOfUseAssetAfterAccumulatedDepreciationAndAmortization,10-K,2025-12-31,2026-02-24,1100000000.0,Depreciation,10-K,2025-12-31,2026-02-24,940700000.0,SellingGeneralAndAdministrativeExpense,10-K,2025-12-31,2026-02-24,2741800000.0,AssetsCurrent,10-K,2025-12-31,2026-02-24,6913800000.0,LiabilitiesCurrent,10-K,2025-12-31,2026-02-24,650300000.0,AccountsReceivableNetCurrent,10-K,2025-12-31,2026-02-24,,,,,,259800000.0,AccountsPayableCurrent,10-K,2025-12-31,2026-02-24,38901800000.0,LongTermDebt,10-K,2022-12-31,2023-02-23,3387800000.0,LongTermDebtCurrent,10-K,2025-12-31,2026-02-24,True,176.52999877929688,-0.005556267089346423,0.026387737646270892,0.28060314149272236,-0.07662844117243295
AMZN,Amazon,Consumer Discretionary,,Dow; Nasdaq 100; S&P 500,NR (to derive from financials),NR,default - no public rating available; derive from leverage/margin post-SEC pull,0001018724,True,716924000000.0,RevenueFromContractWithCustomerExcludingAssessedTax,10-K,2025-12-31,2026-02-06,77670000000.0,NetIncomeLoss,10-K,2025-12-31,2026-02-06,818042000000.0,Assets,10-K,2025-12-31,2026-02-06,,,,,,411065000000.0,StockholdersEquity,10-K,2025-12-31,2026-02-06,86810000000.0,CashAndCashEquivalentsAtCarryingValue,10-K,2025-12-31,2026-02-06,139514000000.0,NetCashProvidedByUsedInOperatingActivities,10-K,2025-12-31,2026-02-06,131819000000.0,PaymentsToAcquireProductiveAssets,10-K,2025-12-31,2026-02-06,3182000000.0,InterestExpense,10-K,2023-12-31,2024-02-02,356414000000.0,CostOfGoodsAndServicesSold,10-K,2025-12-31,2026-02-06,357025000000.0,PropertyPlantAndEquipmentNet,10-K,2025-12-31,2026-02-06,65756000000.0,DepreciationDepletionAndAmortization,10-K,2025-12-31,2026-02-06,11172000000.0,GeneralAndAdministrativeExpense,10-K,2025-12-31,2026-02-06,229083000000.0,AssetsCurrent,10-K,2025-12-31,2026-02-06,218005000000.0,LiabilitiesCurrent,10-K,2025-12-31,2026-02-06,67729000000.0,AccountsReceivableNetCurrent,10-K,2025-12-31,2026-02-06,38325000000.0,InventoryNet,10-K,2025-12-31,2026-02-06,121909000000.0,AccountsPayableCurrent,10-K,2025-12-31,2026-02-06,68836000000.0,LongTermDebt,10-K,2025-12-31,2026-02-06,455000000.0,ShortTermBorrowings,10-K,2025-12-31,2026-02-06,True,272.67999267578125,0.14388785590398245,0.306439206022455,0.28682669727467,-0.008400296885806346
ANET,Arista Networks,Technology,Communications Equipment,S&P 500,NR (to derive from financials),NR,default - no public rating available; derive from leverage/margin post-SEC pull,0001596532,True,9005700000.0,RevenueFromContractWithCustomerExcludingAssessedTax,10-K,2025-12-31,2026-02-17,3511400000.0,NetIncomeLoss,10-K,2025-12-31,2026-02-17,19448600000.0,Assets,10-K,2025-12-31,2026-02-17,7078100000.0,Liabilities,10-K,2025-12-31,2026-02-17,12370500000.0,StockholdersEquity,10-K,2025-12-31,2026-02-17,1963900000.0,CashAndCashEquivalentsAtCarryingValue,10-K,2025-12-31,2026-02-17,4371900000.0,NetCashProvidedByUsedInOperatingActivities,10-K,2025-12-31,2026-02-17,119500000.0,PaymentsToAcquireProductiveAssets,10-K,2025-12-31,2026-02-17,2701000.0,InterestExpense,10-K,2018-12-31,2019-02-15,3237000000.0,CostOfGoodsAndServicesSold,10-K,2025-12-31,2026-02-17,203100000.0,PropertyPlantAndEquipmentNet,10-K,2025-12-31,2026-02-17,72600000.0,DepreciationDepletionAndAmortization,10-K,2025-12-31,2026-02-17,141900000.0,GeneralAndAdministrativeExpense,10-K,2025-12-31,2026-02-17,16387000000.0,AssetsCurrent,10-K,2025-12-31,2026-02-17,5376500000.0,LiabilitiesCurrent,10-K,2025-12-31,2026-02-17,1886900000.0,AccountsReceivableNetCurrent,10-K,2025-12-31,2026-02-17,2247100000.0,InventoryNet,10-K,2025-12-31,2026-02-17,651700000.0,AccountsPayableCurrent,10-K,2025-12-31,2026-02-17,0.0,LongTermDebtNoncurrent,10-K,2013-12-31,2015-05-15,98793000.0,LongTermDebtCurrent,10-K,2013-12-31,2015-05-15,True,141.77000427246094,-0.03786903019966381,0.00021164652274774376,0.5954063891904774,-0.20232933280550436
AON,Aon plc,Financials,Insurance Brokers,S&P 500,NR (to derive from financials),NR,default - no public rating available; derive from leverage/margin post-SEC pull,0000315293,True,17181000000.0,RevenueFromContractWithCustomerExcludingAssessedTax,10-K,2025-12-31,2026-02-13,3695000000.0,NetIncomeLoss,10-K,2025-12-31,2026-02-13,50784000000.0,Assets,10-K,2025-12-31,2026-02-13,41236000000.0,Liabilities,10-K,2025-12-31,2026-02-13,9352000000.0,StockholdersEquity,10-K,2025-12-31,2026-02-13,1195000000.0,CashAndCashEquivalentsAtCarryingValue,10-K,2025-12-31,2026-02-13,3481000000.0,NetCashProvidedByUsedInOperatingActivities,10-K,2025-12-31,2026-02-13,263000000.0,PaymentsToAcquirePropertyPlantAndEquipment,10-K,2025-12-31,2026-02-13,484000000.0,InterestExpense,10-K,2023-12-31,2024-02-16,,,,,,702000000.0,PropertyPlantAndEquipmentNet,10-K,2025-12-31,2026-02-13,188000000.0,Depreciation,10-K,2025-12-31,2026-02-13,,,,,,25774000000.0,AssetsCurrent,10-K,2025-12-31,2026-02-13,23226000000.0,LiabilitiesCurrent,10-K,2025-12-31,2026-02-13,4209000000.0,AccountsReceivableNetCurrent,10-K,2025-12-31,2026-02-13,,,,,,2861000000.0,AccountsPayableAndAccruedLiabilitiesCurrent,10-K,2025-12-31,2026-02-13,15249000000.0,LongTermDebt,10-K,2025-12-31,2026-02-13,,,,,,True,312.7900085449219,0.0033437930877517896,0.010553549906610504,0.3313666346483025,-0.12086127521781609
AOS,A. O. Smith,Industrials,Building Products,S&P 500,NR (to derive from financials),NR,default - no public rating available; derive from leverage/margin post-SEC pull,0000091142,True,3830200000.0,RevenueFromContractWithCustomerExcludingAssessedTax,10-K,2025-12-31,2026-02-10,546200000.0,NetIncomeLoss,10-K,2025-12-31,2026-02-10,3142800000.0,Assets,10-K,2025-12-31,2026-02-10,1284800000.0,Liabilities,10-K,2025-12-31,2026-02-10,1858000000.0,StockholdersEquity,10-K,2025-12-31,2026-02-10,174500000.0,CashAndCashEquivalentsAtCarryingValue,10-K,2025-12-31,2026-02-10,616800000.0,NetCashProvidedByUsedInOperatingActivities,10-K,2025-12-31,2026-02-10,70800000.0,PaymentsToAcquireProductiveAssets,10-K,2025-12-31,2026-02-10,13500000.0,InterestExpense,10-K,2025-12-31,2026-02-10,2342800000.0,CostOfGoodsAndServicesSold,10-K,2025-12-31,2026-02-10,635100000.0,PropertyPlantAndEquipmentNet,10-K,2025-12-31,2026-02-10,85100000.0,DepreciationDepletionAndAmortization,10-K,2025-12-31,2026-02-10,759400000.0,SellingGeneralAndAdministrativeExpense,10-K,2025-12-31,2026-02-10,1291500000.0,AssetsCurrent,10-K,2025-12-31,2026-02-10,862500000.0,LiabilitiesCurrent,10-K,2025-12-31,2026-02-10,582300000.0,ReceivablesNetCurrent,10-K,2025-12-31,2026-02-10,479300000.0,InventoryNet,10-K,2025-12-31,2026-02-10,,,,,,155000000.0,LongTermDebt,10-K,2025-12-31,2026-02-10,42300000.0,LongTermDebtCurrent,10-K,2025-12-31,2026-02-10,True,58.599998474121094,-0.10598958030220851,-0.25476528240171303,0.27395447139403656,-0.26763809962053775
APA,APA Corporation,Energy,Oil & Gas Exploration & Production,S&P 500,NR (to derive from financials),NR,default - no public rating available; derive from leverage/margin post-SEC pull,0001841666,True,,,,,,1434000000.0,NetIncomeLoss,10-K,2025-12-31,2026-02-26,17761000000.0,Assets,10-K,2025-12-31,2026-02-26,,,,,,6093000000.0,StockholdersEquity,10-K,2025-12-31,2026-02-26,516000000.0,CashAndCashEquivalentsAtCarryingValue,10-K,2025-12-31,2026-02-26,4545000000.0,NetCashProvidedByUsedInOperatingActivities,10-K,2025-12-31,2026-02-26,,,,,,,,,,,,,,,,146000000.0,PropertyPlantAndEquipmentAndFinanceLeaseRightOfUseAssetAfterAccumulatedDepreciationAndAmortization,10-K,2025-12-31,2026-02-26,2304000000.0,DepreciationDepletionAndAmortization,10-K,2025-12-31,2026-02-26,350000000.0,GeneralAndAdministrativeExpense,10-K,2025-12-31,2026-02-26,2121000000.0,AssetsCurrent,10-K,2025-12-31,2026-02-26,2571000000.0,LiabilitiesCurrent,10-K,2025-12-31,2026-02-26,1062000000.0,AccountsReceivableNetCurrent,10-K,2025-12-31,2026-02-26,351000000.0,InventoryNet,10-K,2025-12-31,2026-02-26,871000000.0,AccountsPayableCurrent,10-K,2025-12-31,2026-02-26,8715000000.0,LongTermDebt,10-Q,2021-03-31,2021-05-07,2000000.0,LongTermDebtCurrent,10-Q,2021-03-31,2021-05-07,True,35.560001373291016,-0.0733104278114205,0.3022197343996389,0.5168952118645308,-0.1935566307740475
APD,Air Products,Materials,Industrial Gases,S&P 500,NR (to derive from financials),NR,default - no public rating available; derive from leverage/margin post-SEC pull,0000002969,True,12037300000.0,Revenues,10-K,2025-09-30,2025-11-20,-394500000.0,NetIncomeLoss,10-K,2025-09-30,2025-11-20,41059500000.0,Assets,10-K,2025-09-30,2025-11-20,23709700000.0,Liabilities,10-K,2025-09-30,2025-11-20,15024900000.0,StockholdersEquity,10-K,2025-09-30,2025-11-20,1856000000.0,CashAndCashEquivalentsAtCarryingValue,10-K,2025-09-30,2025-11-20,3256800000.0,NetCashProvidedByUsedInOperatingActivitiesContinuingOperations,10-K,2025-09-30,2025-11-20,7022600000.0,PaymentsToAcquirePropertyPlantAndEquipment,10-K,2025-09-30,2025-11-20,177500000.0,InterestExpense,10-K,2023-09-30,2023-11-16,8256000000.0,CostOfGoodsAndServicesSold,10-K,2025-09-30,2025-11-20,25337800000.0,PropertyPlantAndEquipmentNet,10-K,2025-09-30,2025-11-20,1564200000.0,DepreciationDepletionAndAmortization,10-K,2025-09-30,2025-11-20,906100000.0,SellingGeneralAndAdministrativeExpense,10-K,2025-09-30,2025-11-20,5825800000.0,AssetsCurrent,10-K,2025-09-30,2025-11-20,4218600000.0,LiabilitiesCurrent,10-K,2025-09-30,2025-11-20,1901200000.0,AccountsReceivableNetCurrent,10-K,2025-09-30,2025-11-20,776500000.0,InventoryNet,10-K,2025-09-30,2025-11-20,3237700000.0,AccountsPayableAndAccruedLiabilitiesCurrent,10-K,2025-09-30,2025-11-20,5289400000.0,LongTermDebt,10-K,2016-09-30,2016-11-21,34700000.0,ShortTermBorrowings,10-K,2025-09-30,2025-11-20,True,295.4100036621094,-0.011047463718551365,0.03803543970635581,0.20393383114131042,-0.028032735231763084
APH,Amphenol,Technology,Electronic Components,S&P 500,NR (to derive from financials),NR,default - no public rating available; derive from leverage/margin post-SEC pull,0000820313,True,23094700000.0,RevenueFromContractWithCustomerExcludingAssessedTax,10-K,2025-12-31,2026-02-11,4270300000.0,NetIncomeLoss,10-K,2025-12-31,2026-02-11,36236900000.0,Assets,10-K,2025-12-31,2026-02-11,22727200000.0,Liabilities,10-K,2025-12-31,2026-02-11,13413100000.0,StockholdersEquity,10-K,2025-12-31,2026-02-11,11130600000.0,CashAndCashEquivalentsAtCarryingValue,10-K,2025-12-31,2026-02-11,5374700000.0,NetCashProvidedByUsedInOperatingActivities,10-K,2025-12-31,2026-02-11,996600000.0,PaymentsToAcquirePropertyPlantAndEquipment,10-K,2025-12-31,2026-02-11,139500000.0,InterestExpense,10-K,2023-12-31,2024-02-07,14577000000.0,CostOfRevenue,10-K,2025-12-31,2026-02-11,2305600000.0,PropertyPlantAndEquipmentNet,10-K,2025-12-31,2026-02-11,922400000.0,DepreciationDepletionAndAmortization,10-K,2025-12-31,2026-02-11,2545700000.0,SellingGeneralAndAdministrativeExpense,10-K,2025-12-31,2026-02-11,20267200000.0,AssetsCurrent,10-K,2025-12-31,2026-02-11,6802800000.0,LiabilitiesCurrent,10-K,2025-12-31,2026-02-11,4717100000.0,AccountsReceivableNetCurrent,10-K,2025-12-31,2026-02-11,3424900000.0,InventoryNet,10-K,2025-12-31,2026-02-11,2661900000.0,AccountsPayableCurrent,10-K,2025-12-31,2026-02-11,3542600000.0,LongTermDebt,10-K,2017-12-31,2018-02-21,1100000.0,LongTermDebtCurrent,10-K,2017-12-31,2018-02-21,True,128.02999877929688,-0.09037301044904533,-0.11038111041016152,0.4410835059982043,-0.22837264531811496
APO,Apollo Global Management,Financials,Asset Management & Custody Banks,S&P 500,NR (to derive from financials),NR,default - no public rating available; derive from leverage/margin post-SEC pull,0001858681,True,32049000000.0,Revenues,10-K,2025-12-31,2026-02-25,3492000000.0,NetIncomeLoss,10-K,2025-12-31,2026-02-25,460949000000.0,Assets,10-K,2025-12-31,2026-02-25,418434000000.0,Liabilities,10-K,2025-12-31,2026-02-25,23341000000.0,StockholdersEquity,10-K,2025-12-31,2026-02-25,20591000000.0,CashCashEquivalentsRestrictedCashAndRestrictedCashEquivalents,10-K,2025-12-31,2026-02-25,7246000000.0,NetCashProvidedByUsedInOperatingActivities,10-K,2025-12-31,2026-02-25,,,,,,,,,,,,,,,,,,,,,1431000000.0,DepreciationDepletionAndAmortization,10-K,2025-12-31,2026-02-25,,,,,,,,,,,,,,,,,,,,,,,,,,,,,,,13364000000.0,LongTermDebt,10-K,2025-12-31,2026-02-25,,,,,,True,133.1999969482422,0.2773302503594477,-0.0015371445917879978,0.42591319272497236,-0.12413818706112945
APP,AppLovin,Industrials,,Nasdaq 100; S&P 500,NR (to derive from financials),NR,default - no public rating available; derive from leverage/margin post-SEC pull,0001751008,True,5480717000.0,Revenues,10-K,2025-12-31,2026-02-19,3333751000.0,NetIncomeLoss,10-K,2025-12-31,2026-02-19,7259610000.0,Assets,10-K,2025-12-31,2026-02-19,5124939000.0,Liabilities,10-K,2025-12-31,2026-02-19,2134671000.0,StockholdersEquity,10-K,2025-12-31,2026-02-19,2487096000.0,CashAndCashEquivalentsAtCarryingValue,10-K,2025-12-31,2026-02-19,3971094000.0,NetCashProvidedByUsedInOperatingActivities,10-K,2025-12-31,2026-02-19,4776000.0,PaymentsToAcquirePropertyPlantAndEquipment,10-K,2024-12-31,2025-02-27,207016000.0,InterestAndDebtExpense,10-K,2025-12-31,2026-02-19,665140000.0,CostOfRevenue,10-K,2025-12-31,2026-02-19,122445000.0,PropertyPlantAndEquipmentAndFinanceLeaseRightOfUseAssetAfterAccumulatedDepreciationAndAmortization,10-K,2025-12-31,2026-02-19,194778000.0,DepreciationDepletionAndAmortization,10-K,2025-12-31,2026-02-19,233502000.0,GeneralAndAdministrativeExpense,10-K,2025-12-31,2026-02-19,4430792000.0,AssetsCurrent,10-K,2025-12-31,2026-02-19,1333788000.0,LiabilitiesCurrent,10-K,2025-12-31,2026-02-19,1819366000.0,AccountsReceivableNetCurrent,10-K,2025-12-31,2026-02-19,,,,,,746977000.0,AccountsPayableCurrent,10-K,2025-12-31,2026-02-19,3512987000.0,LongTermDebt,10-K,2025-12-31,2026-02-19,0.0,ShortTermBorrowings,10-K,2024-12-31,2025-02-27,True,468.54998779296875,0.19717405577033142,0.017746172343509725,0.8342334393902797,-0.3613004315891223
APTV,Aptiv,Autos,Automotive Parts & Equipment,S&P 500,NR (to derive from financials),NR,default - no public rating available; derive from leverage/margin post-SEC pull,0001521332,True,20398000000.0,Revenues,10-K,2025-12-31,2026-02-06,165000000.0,NetIncomeLoss,10-K,2025-12-31,2026-02-06,23413000000.0,Assets,10-K,2025-12-31,2026-02-06,13914000000.0,Liabilities,10-K,2025-12-31,2026-02-06,9207000000.0,StockholdersEquity,10-K,2025-12-31,2026-02-06,1851000000.0,CashAndCashEquivalentsAtCarryingValue,10-K,2025-12-31,2026-02-06,2185000000.0,NetCashProvidedByUsedInOperatingActivities,10-K,2025-12-31,2026-02-06,656000000.0,PaymentsToAcquireProductiveAssets,10-K,2025-12-31,2026-02-06,361000000.0,InterestExpense,10-K,2025-12-31,2026-02-06,16500000000.0,CostOfGoodsAndServicesSold,10-K,2025-12-31,2026-02-06,3774000000.0,PropertyPlantAndEquipmentNet,10-K,2025-12-31,2026-02-06,991000000.0,DepreciationAndAmortization,10-K,2025-12-31,2026-02-06,1673000000.0,SellingGeneralAndAdministrativeExpense,10-K,2025-12-31,2026-02-06,8745000000.0,AssetsCurrent,10-K,2025-12-31,2026-02-06,5037000000.0,LiabilitiesCurrent,10-K,2025-12-31,2026-02-06,3477000000.0,AccountsReceivableNetCurrent,10-K,2025-12-31,2026-02-06,2561000000.0,InventoryNet,10-K,2025-12-31,2026-02-06,3157000000.0,AccountsPayableCurrent,10-K,2025-12-31,2026-02-06,7653000000.0,LongTermDebt,10-K,2025-12-31,2026-02-06,81000000.0,ShortTermBorrowings,10-K,2025-12-31,2026-02-06,True,57.939998626708984,-0.028667273351670297,-0.3050258280208059,0.4192717602262217,-0.3465659205685968
ARE,Alexandria Real Estate Equities,Real Estate,Office REITs,S&P 500,NR (to derive from financials),NR,default - no public rating available; derive from leverage/margin post-SEC pull,0001035443,True,,,,,,-1429570000.0,NetIncomeLoss,10-K,2025-12-31,2026-01-26,34081835000.0,Assets,10-K,2025-12-31,2026-01-26,14925399000.0,Liabilities,10-K,2025-12-31,2026-01-26,15470070000.0,StockholdersEquity,10-K,2025-12-31,2026-01-26,549062000.0,CashAndCashEquivalentsAtCarryingValue,10-K,2025-12-31,2026-01-26,1414046000.0,NetCashProvidedByUsedInOperatingActivities,10-K,2025-12-31,2026-01-26,,,,,,226698000.0,InterestExpense,10-K,2025-12-31,2026-01-26,,,,,,70311000.0,PropertyPlantAndEquipmentNet,10-K,2025-12-31,2026-01-26,1350478000.0,DepreciationAndAmortization,10-K,2025-12-31,2026-01-26,117047000.0,GeneralAndAdministrativeExpense,10-K,2025-12-31,2026-01-26,,,,,,,,,,,,,,,,,,,,,,,,,,12400555000.0,LongTermDebt,10-K,2025-12-31,2026-01-26,,,,,,True,46.2599983215332,0.08566058809900423,-0.16386299102648205,0.4808550659764094,-0.21275086188685866
ARES,Ares Management,Financials,Asset Management & Custody Banks,S&P 500,NR (to derive from financials),NR,default - no public rating available; derive from leverage/margin post-SEC pull,0001176948,True,4755618000.0,Revenues,10-K,2025-12-31,2026-02-25,527362000.0,NetIncomeLoss,10-K,2025-12-31,2026-02-25,28633369000.0,Assets,10-K,2025-12-31,2026-02-25,19931981000.0,Liabilities,10-K,2025-12-31,2026-02-25,4275463000.0,StockholdersEquity,10-K,2025-12-31,2026-02-25,488896000.0,CashCashEquivalentsRestrictedCashAndRestrictedCashEquivalents,10-K,2025-12-31,2026-02-25,3266959000.0,NetCashProvidedByUsedInOperatingActivities,10-K,2025-12-31,2026-02-25,18419000.0,PaymentsToAcquirePropertyPlantAndEquipment,10-K,2018-12-31,2019-02-26,71356000.0,InterestExpense,10-K,2022-12-31,2023-02-24,,,,,,,,,,,45200000.0,Depreciation,10-K,2025-12-31,2026-02-25,996075000.0,SellingGeneralAndAdministrativeExpense,10-K,2025-12-31,2026-02-25,,,,,,,,,,,,,,,,,,,,,,,,,,202869000.0,LongTermDebt,10-Q,2014-06-30,2014-08-13,,,,,,True,126.25,0.25671910362891404,-0.06762247743464556,0.504019945320342,-0.2775424960877422
ARM,Arm Holdings,Industrials,,Nasdaq 100,NR (to derive from financials),NR,default - no public rating available; derive from leverage/margin post-SEC pull,0001973239,True,4007000000.0,RevenueFromContractWithCustomerExcludingAssessedTax,20-F,2025-03-31,2025-05-28,792000000.0,NetIncomeLoss,20-F,2025-03-31,2025-05-28,8932000000.0,Assets,20-F,2025-03-31,2025-05-28,2093000000.0,Liabilities,20-F,2025-03-31,2025-05-28,6839000000.0,StockholdersEquity,20-F,2025-03-31,2025-05-28,2085000000.0,CashAndCashEquivalentsAtCarryingValue,20-F,2025-03-31,2025-05-28,397000000.0,NetCashProvidedByUsedInOperatingActivities,20-F,2025-03-31,2025-05-28,219000000.0,PaymentsToAcquirePropertyPlantAndEquipment,20-F,2025-03-31,2025-05-28,,,,,,121000000.0,CostOfRevenue,20-F,2025-03-31,2025-05-28,394000000.0,PropertyPlantAndEquipmentNet,20-F,2025-03-31,2025-05-28,183000000.0,DepreciationDepletionAndAmortization,20-F,2025-03-31,2025-05-28,984000000.0,SellingGeneralAndAdministrativeExpense,20-F,2025-03-31,2025-05-28,4830000000.0,AssetsCurrent,20-F,2025-03-31,2025-05-28,929000000.0,LiabilitiesCurrent,20-F,2025-03-31,2025-05-28,1107000000.0,AccountsReceivableNetCurrent,20-F,2025-03-31,2025-05-28,,,,,,,,,,,,,,,,,,,,,True,213.27000427246094,0.4320151397358025,0.7114999055280018,0.7920236097736405,-0.10126421605673419
ASML,ASML Holding,Industrials,,Nasdaq 100,NR (to derive from financials),NR,default - no public rating available; derive from leverage/margin post-SEC pull,0000937966,True,,,,,,,,,,,,,,,,,,,,,,,,,,,,,,,,,,,,,,,,,,,,,,,,,,,,,,,,,,,,,,,,,,,,,,,,,,,,,,,,,,,,,,,,,,,,,,,,,,,,,True,1592.02001953125,0.07929299997012507,0.11760261907398006,0.47246003013938426,0.0
ATO,Atmos Energy,Utilities,Gas Utilities,S&P 500,NR (to derive from financials),NR,default - no public rating available; derive from leverage/margin post-SEC pull,0000731802,True,4702755000.0,Revenues,10-K,2025-09-30,2025-11-14,1198754000.0,NetIncomeLoss,10-K,2025-09-30,2025-11-14,28249522000.0,Assets,10-K,2025-09-30,2025-11-14,,,,,,13558890000.0,StockholdersEquity,10-K,2025-09-30,2025-11-14,202687000.0,CashAndCashEquivalentsAtCarryingValue,10-K,2025-09-30,2025-11-14,2049456000.0,NetCashProvidedByUsedInOperatingActivities,10-K,2025-09-30,2025-11-14,3561399000.0,PaymentsToAcquireProductiveAssets,10-K,2025-09-30,2025-11-14,137281000.0,InterestExpense,10-K,2023-09-30,2023-11-14,1452173000.0,CostOfRevenue,10-K,2023-09-30,2023-11-14,6725906000.0,PropertyPlantAndEquipmentNet,10-K,2014-09-30,2014-11-06,734745000.0,DepreciationDepletionAndAmortization,10-K,2025-09-30,2025-11-14,,,,,,1052695000.0,AssetsCurrent,10-K,2025-09-30,2025-11-14,1362615000.0,LiabilitiesCurrent,10-K,2025-09-30,2025-11-14,375509000.0,AccountsReceivableNetCurrent,10-K,2025-09-30,2025-11-14,,,,,,506516000.0,AccountsPayableAndAccruedLiabilitiesCurrent,10-K,2025-09-30,2025-11-14,3529452000.0,LongTermDebtNoncurrent,10-K,2019-09-30,2019-11-12,0.0,ShortTermBorrowings,10-K,2024-09-30,2024-11-18,True,180.8699951171875,-0.04985293897213827,0.060742957916316564,0.1607307962999547,-0.05938945638191395
AVB,AvalonBay Communities,Real Estate,Multi-Family Residential REITs,S&P 500,NR (to derive from financials),NR,default - no public rating available; derive from leverage/margin post-SEC pull,0000915912,True,3040725000.0,Revenues,10-K,2025-12-31,2026-02-27,1056599000.0,ProfitLoss,10-K,2025-12-31,2026-02-27,22192137000.0,Assets,10-K,2025-12-31,2026-02-27,10357820000.0,Liabilities,10-K,2025-12-31,2026-02-27,11611340000.0,StockholdersEquity,10-K,2025-12-31,2026-02-27,187234000.0,CashAndCashEquivalentsAtCarryingValue,10-K,2025-12-31,2026-02-27,1671105000.0,NetCashProvidedByUsedInOperatingActivities,10-K,2025-12-31,2026-02-27,5266000.0,PaymentsToAcquireProductiveAssets,10-K,2019-12-31,2020-02-21,259181000.0,InterestExpense,10-K,2025-12-31,2026-02-27,,,,,,,,,,,913376000.0,Depreciation,10-K,2025-12-31,2026-02-27,86679000.0,GeneralAndAdministrativeExpense,10-K,2025-12-31,2026-02-27,,,,,,,,,,,,,,,,,,,,,,,,,,9328552000.0,LongTermDebt,10-K,2025-12-31,2026-02-27,,,,,,True,184.0800018310547,0.08422666482844599,0.07304679359249522,0.20516126521319644,-0.012658230956059224
AVGO,Broadcom,Industrials,,Nasdaq 100; S&P 500,NR (to derive from financials),NR,default - no public rating available; derive from leverage/margin post-SEC pull,0001730168,True,63887000000.0,RevenueFromContractWithCustomerExcludingAssessedTax,10-K,2025-11-02,2025-12-18,23126000000.0,ProfitLoss,10-K,2025-11-02,2025-12-18,171092000000.0,Assets,10-K,2025-11-02,2025-12-18,89800000000.0,Liabilities,10-K,2025-11-02,2025-12-18,81292000000.0,StockholdersEquityIncludingPortionAttributableToNoncontrollingInterest,10-K,2025-11-02,2025-12-18,16178000000.0,CashAndCashEquivalentsAtCarryingValue,10-K,2025-11-02,2025-12-18,27537000000.0,NetCashProvidedByUsedInOperatingActivities,10-K,2025-11-02,2025-12-18,623000000.0,PaymentsToAcquirePropertyPlantAndEquipment,10-K,2025-11-02,2025-12-18,3953000000.0,InterestExpense,10-K,2024-11-03,2024-12-20,20593000000.0,CostOfRevenue,10-K,2025-11-02,2025-12-18,2530000000.0,PropertyPlantAndEquipmentNet,10-K,2025-11-02,2025-12-18,574000000.0,Depreciation,10-K,2025-11-02,2025-12-18,4211000000.0,SellingGeneralAndAdministrativeExpense,10-K,2025-11-02,2025-12-18,31573000000.0,AssetsCurrent,10-K,2025-11-02,2025-12-18,18514000000.0,LiabilitiesCurrent,10-K,2025-11-02,2025-12-18,7145000000.0,AccountsReceivableNetCurrent,10-K,2025-11-02,2025-12-18,2270000000.0,InventoryNet,10-K,2025-11-02,2025-12-18,1560000000.0,AccountsPayableCurrent,10-K,2025-11-02,2025-12-18,39665000000.0,LongTermDebt,10-K,2021-10-31,2021-12-17,3152000000.0,LongTermDebtCurrent,10-K,2025-11-02,2025-12-18,True,430.0,0.15731399307594685,0.25284062769358373,0.4061926026334175,0.0
AVY,Avery Dennison,Materials,Paper & Plastic Packaging Products & Materials,S&P 500,NR (to derive from financials),NR,default - no public rating available; derive from leverage/margin post-SEC pull,0000008818,True,8855500000.0,RevenueFromContractWithCustomerExcludingAssessedTax,10-K,2025-12-31,2026-02-25,688000000.0,NetIncomeLoss,10-K,2025-12-31,2026-02-25,8801700000.0,Assets,10-K,2025-12-31,2026-02-25,,,,,,2242100000.0,StockholdersEquity,10-K,2025-12-31,2026-02-25,202800000.0,CashAndCashEquivalentsAtCarryingValue,10-K,2025-12-31,2026-02-25,881400000.0,NetCashProvidedByUsedInOperatingActivities,10-K,2025-12-31,2026-02-25,169000000.0,PaymentsToAcquirePropertyPlantAndEquipment,10-K,2025-12-31,2026-02-25,119000000.0,InterestExpense,10-K,2023-12-30,2024-02-21,6309200000.0,CostOfGoodsAndServicesSold,10-K,2025-12-31,2026-02-25,1607700000.0,PropertyPlantAndEquipmentAndFinanceLeaseRightOfUseAssetAfterAccumulatedDepreciationAndAmortization,10-K,2025-12-31,2026-02-25,328200000.0,DepreciationDepletionAndAmortization,10-K,2025-12-31,2026-02-25,1422500000.0,SellingGeneralAndAdministrativeExpense,10-K,2025-12-31,2026-02-25,2990300000.0,AssetsCurrent,10-K,2025-12-31,2026-02-25,2653600000.0,LiabilitiesCurrent,10-K,2025-12-31,2026-02-25,1503900000.0,AccountsReceivableNetCurrent,10-K,2025-12-31,2026-02-25,975800000.0,InventoryNet,10-K,2025-12-31,2026-02-25,1261700000.0,AccountsPayableCurrent,10-K,2025-12-31,2026-02-25,3199000000.0,LongTermDebt,10-K,2025-12-31,2026-02-25,250000000.0,LongTermDebtCurrent,10-K,2016-12-31,2017-02-23,True,163.50999450683594,-0.044695074734723006,-0.13269183436421939,0.24881715963062392,-0.1677882251541769
AWK,American Water Works,Utilities,Water Utilities,S&P 500,NR (to derive from financials),NR,default - no public rating available; derive from leverage/margin post-SEC pull,0001410636,True,5121000000.0,RevenueFromContractWithCustomerExcludingAssessedTax,10-K,2025-12-31,2026-02-18,1111000000.0,NetIncomeLoss,10-K,2025-12-31,2026-02-18,35442000000.0,Assets,10-K,2025-12-31,2026-02-18,,,,,,10837000000.0,StockholdersEquity,10-K,2025-12-31,2026-02-18,98000000.0,CashAndCashEquivalentsAtCarryingValue,10-K,2025-12-31,2026-02-18,2059000000.0,NetCashProvidedByUsedInOperatingActivities,10-K,2025-12-31,2026-02-18,3126000000.0,PaymentsToAcquirePropertyPlantAndEquipment,10-K,2025-12-31,2026-02-18,297818000.0,InterestExpense,10-K,2014-12-31,2015-02-25,,,,,,30576000000.0,PropertyPlantAndEquipmentAndFinanceLeaseRightOfUseAssetAfterAccumulatedDepreciationAndAmortization,10-K,2025-12-31,2026-02-18,894000000.0,DepreciationDepletionAndAmortization,10-K,2025-12-31,2026-02-18,,,,,,2191000000.0,AssetsCurrent,10-K,2025-12-31,2026-02-18,4747000000.0,LiabilitiesCurrent,10-K,2025-12-31,2026-02-18,395000000.0,AccountsReceivableNetCurrent,10-K,2025-12-31,2026-02-18,,,,,,378000000.0,AccountsPayableCurrent,10-K,2025-12-31,2026-02-18,9656000000.0,LongTermDebt,10-K,2020-12-31,2021-02-24,1588000000.0,ShortTermBorrowings,10-K,2025-12-31,2026-02-18,True,125.05000305175781,-0.08868968124676824,0.02397603514761726,0.24535674745061256,-0.10480348724876909
AXON,Axon Enterprise,Industrials,,Nasdaq 100; S&P 500,NR (to derive from financials),NR,default - no public rating available; derive from leverage/margin post-SEC pull,0001069183,True,2779536000.0,RevenueFromContractWithCustomerExcludingAssessedTax,10-K,2025-12-31,2026-02-25,124656000.0,NetIncomeLoss,10-K,2025-12-31,2026-02-25,7000313000.0,Assets,10-K,2025-12-31,2026-02-25,3757655000.0,Liabilities,10-K,2025-12-31,2026-02-25,3242658000.0,StockholdersEquity,10-K,2025-12-31,2026-02-25,1201147000.0,CashAndCashEquivalentsAtCarryingValue,10-K,2025-12-31,2026-02-25,211339000.0,NetCashProvidedByUsedInOperatingActivities,10-K,2025-12-31,2026-02-25,136258000.0,PaymentsToAcquirePropertyPlantAndEquipment,10-K,2025-12-31,2026-02-25,,,,,,1121411000.0,CostOfGoodsAndServicesSold,10-K,2025-12-31,2026-02-25,330979000.0,PropertyPlantAndEquipmentNet,10-K,2025-12-31,2026-02-25,83161000.0,DepreciationDepletionAndAmortization,10-K,2025-12-31,2026-02-25,1035893000.0,SellingGeneralAndAdministrativeExpense,10-K,2025-12-31,2026-02-25,3713052000.0,AssetsCurrent,10-K,2025-12-31,2026-02-25,1470147000.0,LiabilitiesCurrent,10-K,2025-12-31,2026-02-25,777486000.0,AccountsNotesAndLoansReceivableNetCurrent,10-K,2025-12-31,2026-02-25,341811000.0,InventoryNet,10-K,2025-12-31,2026-02-25,139086000.0,AccountsPayableCurrent,10-K,2025-12-31,2026-02-25,1810722000.0,LongTermDebt,10-K,2025-12-31,2026-02-25,80552000.0,LongTermDebtCurrent,10-K,2025-12-31,2026-02-25,True,403.5400085449219,0.16650287823615217,-0.0696912678018331,0.6903445222200638,-0.3709529042386185
AXP,American Express,Financials,,Dow; S&P 500,A shown,A,screenshot,0000004962,True,41304000000.0,RevenueFromContractWithCustomerExcludingAssessedTax,10-K,2025-12-31,2026-02-06,10833000000.0,NetIncomeLoss,10-K,2025-12-31,2026-02-06,300052000000.0,Assets,10-K,2025-12-31,2026-02-06,266578000000.0,Liabilities,10-K,2025-12-31,2026-02-06,33474000000.0,StockholdersEquity,10-K,2025-12-31,2026-02-06,47792000000.0,CashCashEquivalentsRestrictedCashAndRestrictedCashEquivalents,10-K,2025-12-31,2026-02-06,18428000000.0,NetCashProvidedByUsedInOperatingActivities,10-K,2025-12-31,2026-02-06,2425000000.0,PaymentsToAcquirePropertyPlantAndEquipment,10-K,2025-12-31,2026-02-06,6849000000.0,InterestExpense,10-K,2023-12-31,2024-02-09,,,,,,6118000000.0,PropertyPlantAndEquipmentNet,10-K,2025-12-31,2026-02-06,,,,,,,,,,,,,,,,,,,,,,,,,,,,,,,,,,,,56387000000.0,LongTermDebt,10-K,2025-12-31,2026-02-06,1371000000.0,ShortTermBorrowings,10-K,2025-12-31,2026-02-06,True,316.0299987792969,0.008070171544806604,-0.11853111430365748,0.32052626290945335,-0.17448271799279091
AZO,AutoZone,Autos,Automotive Retail,S&P 500,NR (to derive from financials),NR,default - no public rating available; derive from leverage/margin post-SEC pull,0000866787,True,18938717000.0,Revenues,10-K,2025-08-30,2025-10-27,2498247000.0,NetIncomeLoss,10-K,2025-08-30,2025-10-27,19355324000.0,Assets,10-K,2025-08-30,2025-10-27,,,,,,-3414313000.0,StockholdersEquity,10-K,2025-08-30,2025-10-27,271803000.0,CashAndCashEquivalentsAtCarryingValue,10-K,2025-08-30,2025-10-27,3117337000.0,NetCashProvidedByUsedInOperatingActivities,10-K,2025-08-30,2025-10-27,1327257000.0,PaymentsToAcquirePropertyPlantAndEquipment,10-K,2025-08-30,2025-10-27,320121000.0,InterestExpense,10-K,2023-08-26,2023-10-24,8972243000.0,CostOfGoodsAndServicesSold,10-K,2025-08-30,2025-10-27,7062509000.0,PropertyPlantAndEquipmentNet,10-K,2025-08-30,2025-10-27,613199000.0,DepreciationDepletionAndAmortization,10-K,2025-08-30,2025-10-27,6356318000.0,SellingGeneralAndAdministrativeExpense,10-K,2025-08-30,2025-10-27,8341379000.0,AssetsCurrent,10-K,2025-08-30,2025-10-27,9519397000.0,LiabilitiesCurrent,10-K,2025-08-30,2025-10-27,670137000.0,AccountsReceivableNetCurrent,10-K,2025-08-30,2025-10-27,7025688000.0,InventoryFinishedGoodsNetOfReserves,10-K,2025-08-30,2025-10-27,8025590000.0,AccountsPayableCurrent,10-K,2025-08-30,2025-10-27,8799775000.0,LongTermDebtNoncurrent,10-K,2025-08-30,2025-10-27,180910000.0,LongTermDebtCurrent,10-K,2014-08-30,2015-10-26,True,3496.18994140625,0.019163664000379166,-0.037999195488501614,0.31318224907547243,-0.11889263109941639
BA,Boeing,Industrials,,Dow; S&P 500,BBB / BB bucket,BBB,demo_bucket_to_refresh,0000012927,True,89463000000.0,Revenues,10-K,2025-12-31,2026-01-30,2235000000.0,NetIncomeLoss,10-K,2025-12-31,2026-01-30,168235000000.0,Assets,10-K,2025-12-31,2026-01-30,162778000000.0,Liabilities,10-K,2025-12-31,2026-01-30,5454000000.0,StockholdersEquity,10-K,2025-12-31,2026-01-30,10921000000.0,CashAndCashEquivalentsAtCarryingValue,10-K,2025-12-31,2026-01-30,1065000000.0,NetCashProvidedByUsedInOperatingActivities,10-K,2025-12-31,2026-01-30,2942000000.0,PaymentsToAcquirePropertyPlantAndEquipment,10-K,2025-12-31,2026-01-30,2771000000.0,InterestAndDebtExpense,10-K,2025-12-31,2026-01-30,85174000000.0,CostOfRevenue,10-K,2025-12-31,2026-01-30,15361000000.0,PropertyPlantAndEquipmentNet,10-K,2025-12-31,2026-01-30,1953000000.0,DepreciationDepletionAndAmortization,10-K,2025-12-31,2026-01-30,6090000000.0,GeneralAndAdministrativeExpense,10-K,2025-12-31,2026-01-30,128459000000.0,AssetsCurrent,10-K,2025-12-31,2026-01-30,108115000000.0,LiabilitiesCurrent,10-K,2025-12-31,2026-01-30,2921000000.0,AccountsReceivableNetCurrent,10-K,2025-12-31,2026-01-30,,,,,,13109000000.0,AccountsPayableCurrent,10-K,2025-12-31,2026-01-30,53848000000.0,LongTermDebt,10-K,2025-12-31,2026-01-30,,,,,,True,237.36000061035156,0.09065843534839368,-0.030035576404154885,0.35010242094995253,-0.05865553695870629
BAC,Bank of America,Financials,Diversified Banks,S&P 500,A / A- bucket,A-,demo_bucket_to_refresh,0000070858,True,113097000000.0,Revenues,10-K,2025-12-31,2026-02-25,30509000000.0,NetIncomeLoss,10-K,2025-12-31,2026-02-25,3411738000000.0,Assets,10-K,2025-12-31,2026-02-25,3108495000000.0,Liabilities,10-K,2025-12-31,2026-02-25,303243000000.0,StockholdersEquity,10-K,2025-12-31,2026-02-25,231845000000.0,CashCashEquivalentsRestrictedCashAndRestrictedCashEquivalents,10-K,2025-12-31,2026-02-25,12613000000.0,NetCashProvidedByUsedInOperatingActivities,10-K,2025-12-31,2026-02-25,,,,,,73331000000.0,InterestExpense,10-K,2023-12-31,2024-02-20,,,,,,12516000000.0,PropertyPlantAndEquipmentNet,10-K,2025-12-31,2026-02-25,2314000000.0,DepreciationDepletionAndAmortization,10-K,2025-12-31,2026-02-25,,,,,,,,,,,,,,,,,,,,,,,,,,,,,,,317816000000.0,LongTermDebt,10-K,2025-12-31,2026-02-25,45999000000.0,ShortTermBorrowings,10-K,2013-12-31,2014-02-25,True,51.310001373291016,-0.023410725557730605,-0.08526744038883005,0.25170704407210526,-0.09868883590714705
BALL,Ball Corporation,Materials,"Metal, Glass & Plastic Containers",S&P 500,NR (to derive from financials),NR,default - no public rating available; derive from leverage/margin post-SEC pull,0000009389,True,10983000000.0,SalesRevenueNet,10-K,2017-12-31,2018-03-01,915000000.0,ProfitLoss,10-K,2025-12-31,2026-02-19,19524000000.0,Assets,10-K,2025-12-31,2026-02-19,14103000000.0,Liabilities,10-K,2025-12-31,2026-02-19,5421000000.0,StockholdersEquity,10-K,2025-12-31,2026-02-19,1212000000.0,CashAndCashEquivalentsAtCarryingValue,10-K,2025-12-31,2026-02-19,1262000000.0,NetCashProvidedByUsedInOperatingActivities,10-K,2025-12-31,2026-02-19,474000000.0,PaymentsToAcquirePropertyPlantAndEquipment,10-K,2025-12-31,2026-02-19,333000000.0,InterestAndDebtExpense,10-K,2025-12-31,2026-02-19,7081200000.0,CostOfGoodsSold,10-K,2011-12-31,2012-02-22,6656000000.0,PropertyPlantAndEquipmentAndFinanceLeaseRightOfUseAssetAfterAccumulatedDepreciationAndAmortization,10-K,2025-12-31,2026-02-19,622000000.0,DepreciationAndAmortization,10-K,2025-12-31,2026-02-19,566000000.0,SellingGeneralAndAdministrativeExpense,10-K,2025-12-31,2026-02-19,6113000000.0,AssetsCurrent,10-K,2025-12-31,2026-02-19,5487000000.0,LiabilitiesCurrent,10-K,2025-12-31,2026-02-19,2057000000.0,AccountsReceivableNetCurrent,10-K,2025-12-31,2026-02-19,2013000000.0,InventoryNet,10-K,2025-12-31,2026-02-19,4452000000.0,AccountsPayableCurrent,10-K,2025-12-31,2026-02-19,7791000000.0,LongTermDebt,10-K,2019-12-31,2020-02-19,2000000.0,LongTermDebtCurrent,10-K,2025-12-31,2026-02-19,True,58.52000045776367,-0.06052336494385735,-0.11935680939507842,0.27026796969943556,-0.13378298243282116
BAX,Baxter International,Healthcare,Health Care Equipment,S&P 500,NR (to derive from financials),NR,default - no public rating available; derive from leverage/margin post-SEC pull,0000010456,True,11244000000.0,RevenueFromContractWithCustomerExcludingAssessedTax,10-K,2025-12-31,2026-02-12,-957000000.0,NetIncomeLoss,10-K,2025-12-31,2026-02-12,20055000000.0,Assets,10-K,2025-12-31,2026-02-12,13953000000.0,Liabilities,10-K,2025-12-31,2026-02-12,6129000000.0,StockholdersEquity,10-K,2025-12-31,2026-02-12,1966000000.0,CashAndCashEquivalentsAtCarryingValue,10-K,2025-12-31,2026-02-12,845000000.0,NetCashProvidedByUsedInOperatingActivities,10-K,2025-12-31,2026-02-12,513000000.0,PaymentsToAcquireProductiveAssets,10-K,2025-12-31,2026-02-12,290000000.0,InterestExpense,10-K,2025-12-31,2026-02-12,7865000000.0,CostOfGoodsAndServicesSold,10-K,2025-12-31,2026-02-12,2910000000.0,PropertyPlantAndEquipmentNet,10-K,2025-12-31,2026-02-12,981000000.0,DepreciationDepletionAndAmortization,10-K,2025-12-31,2026-02-12,2890000000.0,SellingGeneralAndAdministrativeExpense,10-K,2025-12-31,2026-02-12,6872000000.0,AssetsCurrent,10-K,2025-12-31,2026-02-12,2970000000.0,LiabilitiesCurrent,10-K,2025-12-31,2026-02-12,1861000000.0,AccountsReceivableNetCurrent,10-K,2025-12-31,2026-02-12,2232000000.0,InventoryNet,10-K,2025-12-31,2026-02-12,999000000.0,AccountsPayableCurrent,10-K,2025-12-31,2026-02-12,9438000000.0,LongTermDebt,10-K,2025-12-31,2026-02-12,1000000.0,ShortTermBorrowings,10-K,2025-12-31,2026-02-12,True,17.989999771118164,0.04897960182344763,-0.17170550433763998,0.5373112678561286,-0.19178984622231798
BBY,Best Buy,Consumer Discretionary,Computer & Electronics Retail,S&P 500,NR (to derive from financials),NR,default - no public rating available; derive from leverage/margin post-SEC pull,0000764478,True,41691000000.0,Revenues,10-K,2026-01-31,2026-03-18,1069000000.0,NetIncomeLoss,10-K,2026-01-31,2026-03-18,14670000000.0,Assets,10-K,2026-01-31,2026-03-18,,,,,,2964000000.0,StockholdersEquity,10-K,2026-01-31,2026-03-18,1738000000.0,CashAndCashEquivalentsAtCarryingValue,10-K,2026-01-31,2026-03-18,1962000000.0,NetCashProvidedByUsedInOperatingActivities,10-K,2026-01-31,2026-03-18,704000000.0,PaymentsToAcquirePropertyPlantAndEquipment,10-K,2026-01-31,2026-03-18,47000000.0,InterestExpense,10-K,2026-01-31,2026-03-18,32318000000.0,CostOfGoodsAndServicesSold,10-K,2026-01-31,2026-03-18,1986000000.0,PropertyPlantAndEquipmentNet,10-K,2026-01-31,2026-03-18,831000000.0,DepreciationDepletionAndAmortization,10-K,2026-01-31,2026-03-18,7623000000.0,SellingGeneralAndAdministrativeExpense,10-K,2026-01-31,2026-03-18,8504000000.0,AssetsCurrent,10-K,2026-01-31,2026-03-18,7679000000.0,LiabilitiesCurrent,10-K,2026-01-31,2026-03-18,1043000000.0,ReceivablesNetCurrent,10-K,2026-01-31,2026-03-18,5230000000.0,InventoryNet,10-K,2026-01-31,2026-03-18,4745000000.0,AccountsPayableCurrent,10-K,2026-01-31,2026-03-18,1154000000.0,LongTermDebt,10-K,2025-02-01,2025-03-19,10000000.0,LongTermDebtCurrent,10-K,2025-02-01,2025-03-19,True,59.400001525878906,-0.047619006844130896,-0.10100738460813685,0.34333588389633585,-0.2454831288804331
BDX,Becton Dickinson,Healthcare,Health Care Equipment,S&P 500,NR (to derive from financials),NR,default - no public rating available; derive from leverage/margin post-SEC pull,0000010795,True,21840000000.0,Revenues,10-K,2025-09-30,2025-11-25,1678000000.0,NetIncomeLoss,10-K,2025-09-30,2025-11-25,55325000000.0,Assets,10-K,2025-09-30,2025-11-25,,,,,,25390000000.0,StockholdersEquity,10-K,2025-09-30,2025-11-25,641000000.0,CashAndCashEquivalentsAtCarryingValue,10-K,2025-09-30,2025-11-25,3430000000.0,NetCashProvidedByUsedInOperatingActivitiesContinuingOperations,10-K,2025-09-30,2025-11-25,760000000.0,PaymentsToAcquirePropertyPlantAndEquipment,10-K,2025-09-30,2025-11-25,613000000.0,InterestExpense,10-K,2025-09-30,2025-11-25,11915000000.0,CostOfGoodsAndServicesSold,10-K,2025-09-30,2025-11-25,6997000000.0,PropertyPlantAndEquipmentNet,10-K,2025-09-30,2025-11-25,2462000000.0,DepreciationDepletionAndAmortization,10-K,2025-09-30,2025-11-25,5278000000.0,SellingGeneralAndAdministrativeExpense,10-K,2025-09-30,2025-11-25,9255000000.0,AssetsCurrent,10-K,2025-09-30,2025-11-25,8313000000.0,LiabilitiesCurrent,10-K,2025-09-30,2025-11-25,2994000000.0,AccountsReceivableNetCurrent,10-K,2025-09-30,2025-11-25,3894000000.0,InventoryNet,10-K,2025-09-30,2025-11-25,1974000000.0,AccountsPayableCurrent,10-K,2025-09-30,2025-11-25,17621000000.0,LongTermDebtNoncurrent,10-K,2025-09-30,2025-11-25,752000000.0,LongTermDebtCurrent,10-K,2015-09-30,2015-11-25,True,149.42999267578125,-0.031059580514896545,-0.07763703216520368,0.2805227637296059,-0.18882184460735862
BEN,Franklin Resources,Financials,Asset Management & Custody Banks,S&P 500,NR (to derive from financials),NR,default - no public rating available; derive from leverage/margin post-SEC pull,0000038777,True,8770700000.0,RevenueFromContractWithCustomerExcludingAssessedTax,10-K,2025-09-30,2025-11-10,524900000.0,NetIncomeLoss,10-K,2025-09-30,2025-11-10,32368300000.0,Assets,10-K,2025-09-30,2025-11-10,18179500000.0,Liabilities,10-K,2025-09-30,2025-11-10,12077800000.0,StockholdersEquity,10-K,2025-09-30,2025-11-10,3573900000.0,CashCashEquivalentsRestrictedCashAndRestrictedCashEquivalents,10-K,2025-09-30,2025-11-10,1066100000.0,NetCashProvidedByUsedInOperatingActivities,10-K,2025-09-30,2025-11-10,154500000.0,PaymentsToAcquirePropertyPlantAndEquipment,10-K,2025-09-30,2025-11-10,94900000.0,InterestExpense,10-K,2025-09-30,2025-11-10,,,,,,949100000.0,PropertyPlantAndEquipmentNet,10-K,2025-09-30,2025-11-10,125300000.0,DepreciationDepletionAndAmortization,10-K,2025-09-30,2025-11-10,774500000.0,GeneralAndAdministrativeExpense,10-K,2025-09-30,2025-11-10,7616768000.0,AssetsCurrent,10-K,2011-09-30,2011-11-15,1312064000.0,LiabilitiesCurrent,10-K,2011-09-30,2011-11-15,772475000.0,ReceivablesNetCurrent,10-K,2011-09-30,2011-11-15,,,,,,328303000.0,AccountsPayableAndAccruedLiabilitiesCurrent,10-K,2011-09-30,2011-11-15,2362000000.0,LongTermDebt,10-K,2025-09-30,2025-11-10,29656000.0,LongTermDebtCurrent,10-K,2011-09-30,2011-11-15,True,31.049999237060547,0.24648733148371815,0.13814255133831788,0.34173130984145966,-0.0035301864855656895
BF-B,Brown–Forman,Consumer Staples,Distillers & Vintners,S&P 500,NR (to derive from financials),NR,default - no public rating available; derive from leverage/margin post-SEC pull,0000014693,True,3975000000.0,RevenueFromContractWithCustomerExcludingAssessedTax,10-K,2025-04-30,2025-06-13,869000000.0,NetIncomeLoss,10-K,2025-04-30,2025-06-13,8086000000.0,Assets,10-K,2025-04-30,2025-06-13,4093000000.0,Liabilities,10-K,2025-04-30,2025-06-13,3993000000.0,StockholdersEquity,10-K,2025-04-30,2025-06-13,444000000.0,CashAndCashEquivalentsAtCarryingValue,10-K,2025-04-30,2025-06-13,598000000.0,NetCashProvidedByUsedInOperatingActivities,10-K,2025-04-30,2025-06-13,167000000.0,PaymentsToAcquirePropertyPlantAndEquipment,10-K,2025-04-30,2025-06-13,122000000.0,InterestExpense,10-K,2025-04-30,2025-06-13,1632000000.0,CostOfGoodsAndServicesSold,10-K,2025-04-30,2025-06-13,1095000000.0,PropertyPlantAndEquipmentNet,10-K,2025-04-30,2025-06-13,87000000.0,DepreciationAndAmortization,10-K,2025-04-30,2025-06-13,744000000.0,SellingGeneralAndAdministrativeExpense,10-K,2025-04-30,2025-06-13,4195000000.0,AssetsCurrent,10-K,2025-04-30,2025-06-13,1080000000.0,LiabilitiesCurrent,10-K,2025-04-30,2025-06-13,830000000.0,AccountsReceivableNetCurrent,10-K,2025-04-30,2025-06-13,2511000000.0,InventoryNet,10-K,2025-04-30,2025-06-13,,,,,,2421000000.0,LongTermDebt,10-K,2025-04-30,2025-06-13,312000000.0,ShortTermBorrowings,10-K,2025-04-30,2025-06-13,True,27.68000030517578,-0.06137672024382501,-0.05239252361102753,0.5413215348938653,-0.09535401447591463
BG,Bunge Global,Consumer Staples,Agricultural Products & Services,S&P 500,NR (to derive from financials),NR,default - no public rating available; derive from leverage/margin post-SEC pull,0001996862,True,70329000000.0,Revenues,10-K,2025-12-31,2026-02-19,816000000.0,NetIncomeLoss,10-K,2025-12-31,2026-02-19,44528000000.0,Assets,10-K,2025-12-31,2026-02-19,,,,,,15904000000.0,StockholdersEquity,10-K,2025-12-31,2026-02-19,1135000000.0,CashAndCashEquivalentsAtCarryingValue,10-K,2025-12-31,2026-02-19,844000000.0,NetCashProvidedByUsedInOperatingActivities,10-K,2025-12-31,2026-02-19,1723000000.0,PaymentsToAcquirePropertyPlantAndEquipment,10-K,2025-12-31,2026-02-19,628000000.0,InterestExpense,10-K,2025-12-31,2026-02-19,66920000000.0,CostOfGoodsAndServicesSold,10-K,2025-12-31,2026-02-19,11678000000.0,PropertyPlantAndEquipmentAndFinanceLeaseRightOfUseAssetAfterAccumulatedDepreciationAndAmortization,10-K,2025-12-31,2026-02-19,703000000.0,DepreciationDepletionAndAmortization,10-K,2025-12-31,2026-02-19,2113000000.0,SellingGeneralAndAdministrativeExpense,10-K,2025-12-31,2026-02-19,24391000000.0,AssetsCurrent,10-K,2025-12-31,2026-02-19,15127000000.0,LiabilitiesCurrent,10-K,2025-12-31,2026-02-19,3870000000.0,AccountsReceivableNetCurrent,10-K,2025-12-31,2026-02-19,13198000000.0,InventoryNet,10-K,2025-12-31,2026-02-19,4881000000.0,AccountsPayableCurrent,10-K,2025-12-31,2026-02-19,10168000000.0,LongTermDebt,10-K,2025-12-31,2026-02-19,3883000000.0,ShortTermBorrowings,10-K,2025-12-31,2026-02-19,True,124.94000244140625,0.008231151448778506,0.059063375647228744,0.28082741221899366,-0.041724207989528805
BIIB,Biogen,Healthcare,Biotechnology,S&P 500,NR (to derive from financials),NR,default - no public rating available; derive from leverage/margin post-SEC pull,0000875045,True,9890600000.0,Revenues,10-K,2025-12-31,2026-02-06,1292900000.0,NetIncomeLoss,10-K,2025-12-31,2026-02-06,29439500000.0,Assets,10-K,2025-12-31,2026-02-06,11182700000.0,Liabilities,10-K,2025-12-31,2026-02-06,18256800000.0,StockholdersEquityIncludingPortionAttributableToNoncontrollingInterest,10-K,2025-12-31,2026-02-06,3008500000.0,CashCashEquivalentsRestrictedCashAndRestrictedCashEquivalents,10-K,2025-12-31,2026-02-06,2204600000.0,NetCashProvidedByUsedInOperatingActivities,10-K,2025-12-31,2026-02-06,153800000.0,PaymentsToAcquirePropertyPlantAndEquipment,10-K,2025-12-31,2026-02-06,267500000.0,InterestExpense,10-K,2025-12-31,2026-02-06,2404200000.0,CostOfGoodsAndServicesSold,10-K,2025-12-31,2026-02-06,3055400000.0,PropertyPlantAndEquipmentNet,10-K,2025-12-31,2026-02-06,779900000.0,DepreciationDepletionAndAmortization,10-K,2025-12-31,2026-02-06,2433600000.0,SellingGeneralAndAdministrativeExpense,10-K,2025-12-31,2026-02-06,8974100000.0,AssetsCurrent,10-K,2025-12-31,2026-02-06,3349400000.0,LiabilitiesCurrent,10-K,2025-12-31,2026-02-06,1342400000.0,AccountsReceivableNetCurrent,10-K,2025-12-31,2026-02-06,2168100000.0,InventoryNet,10-K,2025-12-31,2026-02-06,432000000.0,AccountsPayableCurrent,10-K,2025-12-31,2026-02-06,6286800000.0,LongTermDebt,10-K,2025-12-31,2026-02-06,,,,,,True,193.4499969482422,0.1184020094987881,-0.0018574924662630998,0.3201266225706643,-0.03842328267700368
BK,BNY Mellon,Financials,Asset Management & Custody Banks,S&P 500,NR (to derive from financials),NR,default - no public rating available; derive from leverage/margin post-SEC pull,0001390777,True,20080000000.0,Revenues,10-K,2025-12-31,2026-02-25,5549000000.0,NetIncomeLoss,10-K,2025-12-31,2026-02-25,472300000000.0,Assets,10-K,2025-12-31,2026-02-25,427492000000.0,Liabilities,10-K,2025-12-31,2026-02-25,44313000000.0,StockholdersEquity,10-K,2025-12-31,2026-02-25,5111000000.0,CashAndCashEquivalentsAtCarryingValue,10-K,2025-12-31,2026-02-25,6730000000.0,NetCashProvidedByUsedInOperatingActivities,10-K,2025-12-31,2026-02-25,1553000000.0,PaymentsToAcquirePropertyPlantAndEquipment,10-K,2025-12-31,2026-02-25,16303000000.0,InterestExpense,10-K,2023-12-31,2024-02-28,,,,,,3581000000.0,PropertyPlantAndEquipmentNet,10-K,2025-12-31,2026-02-25,,,,,,,,,,,,,,,,,,,,,,,,,,,,,,,,,,,,31873000000.0,LongTermDebt,10-K,2025-12-31,2026-02-25,,,,,,True,130.5,0.02710893527757241,0.02670647546900895,0.24958255877255814,-0.05004338559598209
BKNG,Booking Holdings,Industrials,,Nasdaq 100; S&P 500,NR (to derive from financials),NR,default - no public rating available; derive from leverage/margin post-SEC pull,0001075531,True,26917000000.0,Revenues,10-K,2025-12-31,2026-02-18,2551360000.0,ProfitLoss,10-K,2015-12-31,2016-02-17,29264000000.0,Assets,10-K,2025-12-31,2026-02-18,34842000000.0,Liabilities,10-K,2025-12-31,2026-02-18,-5578000000.0,StockholdersEquity,10-K,2025-12-31,2026-02-18,17203000000.0,CashAndCashEquivalentsAtCarryingValue,10-K,2025-12-31,2026-02-18,9409000000.0,NetCashProvidedByUsedInOperatingActivities,10-K,2025-12-31,2026-02-18,322000000.0,PaymentsToAcquirePropertyPlantAndEquipment,10-K,2025-12-31,2026-02-18,897000000.0,InterestExpense,10-K,2023-12-31,2024-02-22,242000000.0,CostOfGoodsAndServicesSold,10-K,2017-12-31,2020-02-26,807000000.0,PropertyPlantAndEquipmentNet,10-K,2025-12-31,2026-02-18,623000000.0,DepreciationDepletionAndAmortization,10-K,2025-12-31,2026-02-18,857000000.0,GeneralAndAdministrativeExpense,10-K,2025-12-31,2026-02-18,22264000000.0,AssetsCurrent,10-K,2025-12-31,2026-02-18,16698000000.0,LiabilitiesCurrent,10-K,2025-12-31,2026-02-18,1523000000.0,AccountsReceivableNetCurrent,10-K,2018-12-31,2019-02-27,,,,,,5094000000.0,AccountsPayableCurrent,10-K,2025-12-31,2026-02-18,18736000000.0,LongTermDebt,10-K,2025-12-31,2026-02-18,1880000000.0,LongTermDebtCurrent,10-K,2025-12-31,2026-02-18,True,165.92999267578125,-0.043410663822394224,-0.018724511908662533,0.43615175086275176,-0.24296618572995532
BKR,Baker Hughes,Industrials,,Nasdaq 100; S&P 500,NR (to derive from financials),NR,default - no public rating available; derive from leverage/margin post-SEC pull,0001701605,True,27733000000.0,RevenueFromContractWithCustomerExcludingAssessedTax,10-K,2025-12-31,2026-02-05,2588000000.0,NetIncomeLoss,10-K,2025-12-31,2026-02-05,40881000000.0,Assets,10-K,2025-12-31,2026-02-05,0.0,Liabilities,10-Q,2017-06-30,2017-07-28,18834000000.0,StockholdersEquity,10-K,2025-12-31,2026-02-05,3715000000.0,CashCashEquivalentsRestrictedCashAndRestrictedCashEquivalents,10-K,2025-12-31,2026-02-05,3810000000.0,NetCashProvidedByUsedInOperatingActivities,10-K,2025-12-31,2026-02-05,1273000000.0,PaymentsToAcquireProductiveAssets,10-K,2025-12-31,2026-02-05,,,,,,9402000000.0,CostOfGoodsSold,10-K,2017-12-31,2018-02-23,5326000000.0,PropertyPlantAndEquipmentNet,10-K,2025-12-31,2026-02-05,1188000000.0,DepreciationDepletionAndAmortization,10-K,2025-12-31,2026-02-05,2387000000.0,SellingGeneralAndAdministrativeExpense,10-K,2025-12-31,2026-02-05,18828000000.0,AssetsCurrent,10-K,2025-12-31,2026-02-05,13877000000.0,LiabilitiesCurrent,10-K,2025-12-31,2026-02-05,6641000000.0,ReceivablesNetCurrent,10-K,2025-12-31,2026-02-05,4954000000.0,InventoryNet,10-K,2025-12-31,2026-02-05,4579000000.0,AccountsPayableCurrent,10-K,2025-12-31,2026-02-05,27000000.0,LongTermDebt,10-Q,2017-09-30,2017-10-31,,,,,,True,63.88999938964844,0.020271309985724573,0.08052851535731143,0.35596705945281826,-0.07989594072352557
BLDR,Builders FirstSource,Industrials,Building Products,S&P 500,NR (to derive from financials),NR,default - no public rating available; derive from leverage/margin post-SEC pull,0001316835,True,15190638000.0,RevenueFromContractWithCustomerExcludingAssessedTax,10-K,2025-12-31,2026-02-17,435199000.0,NetIncomeLoss,10-K,2025-12-31,2026-02-17,11237530000.0,Assets,10-K,2025-12-31,2026-02-17,6885279000.0,Liabilities,10-K,2025-12-31,2026-02-17,4352251000.0,StockholdersEquity,10-K,2025-12-31,2026-02-17,181753000.0,CashAndCashEquivalentsAtCarryingValue,10-K,2025-12-31,2026-02-17,1215886000.0,NetCashProvidedByUsedInOperatingActivities,10-K,2025-12-31,2026-02-17,362602000.0,PaymentsToAcquirePropertyPlantAndEquipment,10-K,2025-12-31,2026-02-17,193174000.0,InterestExpense,10-K,2017-12-31,2018-03-01,10574861000.0,CostOfGoodsAndServicesSold,10-K,2025-12-31,2026-02-17,2204184000.0,PropertyPlantAndEquipmentNet,10-K,2025-12-31,2026-02-17,591432000.0,DepreciationDepletionAndAmortization,10-K,2025-12-31,2026-02-17,3829501000.0,SellingGeneralAndAdministrativeExpense,10-K,2025-12-31,2026-02-17,2927283000.0,AssetsCurrent,10-K,2025-12-31,2026-02-17,1574941000.0,LiabilitiesCurrent,10-K,2025-12-31,2026-02-17,1061011000.0,AccountsReceivableNetCurrent,10-K,2025-12-31,2026-02-17,1094684000.0,InventoryNet,10-K,2025-12-31,2026-02-17,714710000.0,AccountsPayableCurrent,10-K,2025-12-31,2026-02-17,383904000.0,LongTermDebt,10-K,2014-12-31,2015-03-03,30074000.0,LongTermDebtCurrent,10-K,2014-12-31,2015-03-03,True,77.4000015258789,-0.09261431703683987,-0.3773129555463487,0.48246160770000285,-0.3998139151961132
BLK,BlackRock,Financials,Asset Management & Custody Banks,S&P 500,AA / A bucket,AA,demo_bucket_to_refresh,0002012383,True,24216000000.0,RevenueFromContractWithCustomerExcludingAssessedTax,10-K,2025-12-31,2026-02-25,5553000000.0,NetIncomeLoss,10-K,2025-12-31,2026-02-25,169998000000.0,Assets,10-K,2025-12-31,2026-02-25,108456000000.0,Liabilities,10-K,2025-12-31,2026-02-25,55888000000.0,StockholdersEquity,10-K,2025-12-31,2026-02-25,11468000000.0,CashAndCashEquivalentsAtCarryingValue,10-K,2025-12-31,2026-02-25,3927000000.0,NetCashProvidedByUsedInOperatingActivities,10-K,2025-12-31,2026-02-25,375000000.0,PaymentsToAcquirePropertyPlantAndEquipment,10-K,2025-12-31,2026-02-25,,,,,,,,,,,1256000000.0,PropertyPlantAndEquipmentNet,10-K,2025-12-31,2026-02-25,297000000.0,DepreciationAndAmortization,10-K,2025-12-31,2026-02-25,2731000000.0,GeneralAndAdministrativeExpense,10-K,2025-12-31,2026-02-25,,,,,,,,,,,,,,,,,,,,,,,,,,12768000000.0,LongTermDebt,10-K,2025-12-31,2026-02-25,,,,,,True,1084.8299560546875,0.08557900822069908,0.01015769819918333,0.29581997849784336,-0.06215839786169941
BMY,Bristol Myers Squibb,Healthcare,Pharmaceuticals,S&P 500,NR (to derive from financials),NR,default - no public rating available; derive from leverage/margin post-SEC pull,0000014272,True,48194000000.0,Revenues,10-K,2025-12-31,2026-02-11,7054000000.0,NetIncomeLoss,10-K,2025-12-31,2026-02-11,90038000000.0,Assets,10-K,2025-12-31,2026-02-11,71533000000.0,Liabilities,10-K,2025-12-31,2026-02-11,18473000000.0,StockholdersEquity,10-K,2025-12-31,2026-02-11,10209000000.0,CashAndCashEquivalentsAtCarryingValue,10-K,2025-12-31,2026-02-11,14156000000.0,NetCashProvidedByUsedInOperatingActivities,10-K,2025-12-31,2026-02-11,1311000000.0,PaymentsToAcquirePropertyPlantAndEquipment,10-K,2025-12-31,2026-02-11,1166000000.0,InterestExpense,10-K,2023-12-31,2024-02-13,13936000000.0,CostOfGoodsAndServicesSold,10-K,2025-12-31,2026-02-11,7543000000.0,PropertyPlantAndEquipmentNet,10-K,2025-12-31,2026-02-11,4011000000.0,DepreciationDepletionAndAmortization,10-K,2025-12-31,2026-02-11,7267000000.0,SellingGeneralAndAdministrativeExpense,10-K,2025-12-31,2026-02-11,29390000000.0,AssetsCurrent,10-K,2025-12-31,2026-02-11,23417000000.0,LiabilitiesCurrent,10-K,2025-12-31,2026-02-11,9592000000.0,AccountsReceivableNetCurrent,10-K,2025-12-31,2026-02-11,2690000000.0,InventoryNet,10-K,2025-12-31,2026-02-11,3575000000.0,AccountsPayableCurrent,10-K,2025-12-31,2026-02-11,44827000000.0,LongTermDebt,10-K,2025-12-31,2026-02-11,2261000000.0,ShortTermBorrowings,10-K,2025-12-31,2026-02-11,True,56.15999984741211,-0.0419651847372281,-0.06633099330615067,0.2459647114215244,-0.09028275125751883
BR,Broadridge Financial Solutions,Industrials,Data Processing & Outsourced Services,S&P 500,NR (to derive from financials),NR,default - no public rating available; derive from leverage/margin post-SEC pull,0001383312,True,6889100000.0,RevenueFromContractWithCustomerExcludingAssessedTax,10-K,2025-06-30,2025-08-05,839500000.0,NetIncomeLoss,10-K,2025-06-30,2025-08-05,8545000000.0,Assets,10-K,2025-06-30,2025-08-05,5889900000.0,Liabilities,10-K,2025-06-30,2025-08-05,2655100000.0,StockholdersEquity,10-K,2025-06-30,2025-08-05,561500000.0,CashAndCashEquivalentsAtCarryingValue,10-K,2025-06-30,2025-08-05,1171300000.0,NetCashProvidedByUsedInOperatingActivities,10-K,2025-06-30,2025-08-05,43800000.0,PaymentsToAcquirePropertyPlantAndEquipment,10-K,2025-06-30,2025-08-05,,,,,,4752300000.0,CostOfGoodsAndServicesSold,10-K,2025-06-30,2025-08-05,170100000.0,PropertyPlantAndEquipmentNet,10-K,2025-06-30,2025-08-05,36100000.0,DepreciationDepletionAndAmortization,10-K,2011-06-30,2011-08-12,948200000.0,SellingGeneralAndAdministrativeExpense,10-K,2025-06-30,2025-08-05,1817100000.0,AssetsCurrent,10-K,2025-06-30,2025-08-05,1861200000.0,LiabilitiesCurrent,10-K,2025-06-30,2025-08-05,,,,,,32100000.0,InventoryNet,10-K,2025-06-30,2025-08-05,220300000.0,AccountsPayableCurrent,10-K,2025-06-30,2025-08-05,3252300000.0,LongTermDebt,10-K,2025-06-30,2025-08-05,499300000.0,LongTermDebtCurrent,10-K,2025-06-30,2025-08-05,True,149.5,-0.010719925685090614,-0.1697215445860939,0.30547339791258343,-0.34937636597579413
BRK-B,Berkshire Hathaway,Financials,Multi-Sector Holdings,S&P 500,NR (to derive from financials),NR,default - no public rating available; derive from leverage/margin post-SEC pull,0001067983,True,371444000000.0,Revenues,10-K,2025-12-31,2026-03-02,66968000000.0,NetIncomeLoss,10-K,2025-12-31,2026-03-02,1222176000000.0,Assets,10-K,2025-12-31,2026-03-02,502473000000.0,Liabilities,10-K,2025-12-31,2026-03-02,717419000000.0,StockholdersEquity,10-K,2025-12-31,2026-03-02,52569000000.0,CashCashEquivalentsRestrictedCashAndRestrictedCashEquivalents,10-K,2025-12-31,2026-03-02,45969000000.0,NetCashProvidedByUsedInOperatingActivities,10-K,2025-12-31,2026-03-02,20927000000.0,PaymentsToAcquirePropertyPlantAndEquipment,10-K,2025-12-31,2026-03-02,5069000000.0,InterestExpense,10-K,2025-12-31,2026-03-02,,,,,,,,,,,13476000000.0,DepreciationDepletionAndAmortization,10-K,2025-12-31,2026-03-02,,,,,,,,,,,,,,,,,,,,,24424000000.0,InventoryNet,10-K,2025-12-31,2026-03-02,,,,,,,,,,,,,,,,True,475.94000244140625,-0.008251701407465117,-0.044450659989823005,0.16172139257202037,-0.07370427842418326
BRO,Brown & Brown,Financials,Insurance Brokers,S&P 500,NR (to derive from financials),NR,default - no public rating available; derive from leverage/margin post-SEC pull,0000079282,True,5902000000.0,Revenues,10-K,2025-12-31,2026-02-12,1054000000.0,NetIncomeLoss,10-K,2025-12-31,2026-02-12,29991000000.0,Assets,10-K,2025-12-31,2026-02-12,3863400000.0,Liabilities,10-K,2019-01-01,2020-02-24,12573000000.0,StockholdersEquityIncludingPortionAttributableToNoncontrollingInterest,10-K,2025-12-31,2026-02-12,1079000000.0,CashAndCashEquivalentsAtCarryingValue,10-K,2025-12-31,2026-02-12,1450000000.0,NetCashProvidedByUsedInOperatingActivities,10-K,2025-12-31,2026-02-12,68000000.0,PaymentsToAcquirePropertyPlantAndEquipment,10-K,2025-12-31,2026-02-12,190000000.0,InterestExpense,10-K,2023-12-31,2024-02-22,,,,,,367000000.0,PropertyPlantAndEquipmentNet,10-K,2025-12-31,2026-02-12,55000000.0,Depreciation,10-K,2025-12-31,2026-02-12,,,,,,8614000000.0,AssetsCurrent,10-K,2025-12-31,2026-02-12,8294000000.0,LiabilitiesCurrent,10-K,2025-12-31,2026-02-12,,,,,,,,,,,990000000.0,AccountsPayableCurrent,10-K,2025-12-31,2026-02-12,7613000000.0,LongTermDebt,10-K,2025-12-31,2026-02-12,719000000.0,LongTermDebtCurrent,10-K,2025-12-31,2026-02-12,True,56.45000076293945,-0.13260603603728227,-0.17795249354662313,0.3218633791247902,-0.3127689672003169
BSX,Boston Scientific,Healthcare,Health Care Equipment,S&P 500,NR (to derive from financials),NR,default - no public rating available; derive from leverage/margin post-SEC pull,0000885725,True,20074000000.0,RevenueFromContractWithCustomerExcludingAssessedTax,10-K,2025-12-31,2026-02-17,2892000000.0,ProfitLoss,10-K,2025-12-31,2026-02-17,43673000000.0,Assets,10-K,2025-12-31,2026-02-17,,,,,,24233000000.0,StockholdersEquity,10-K,2025-12-31,2026-02-17,1965000000.0,CashAndCashEquivalentsAtCarryingValue,10-K,2025-12-31,2026-02-17,4534000000.0,NetCashProvidedByUsedInOperatingActivities,10-K,2025-12-31,2026-02-17,876000000.0,PaymentsToAcquirePropertyPlantAndEquipment,10-K,2025-12-31,2026-02-17,349000000.0,InterestExpense,10-K,2025-12-31,2026-02-17,6221000000.0,CostOfGoodsAndServicesSold,10-K,2025-12-31,2026-02-17,4036000000.0,PropertyPlantAndEquipmentNet,10-K,2025-12-31,2026-02-17,1368000000.0,DepreciationDepletionAndAmortization,10-K,2025-12-31,2026-02-17,6887000000.0,SellingGeneralAndAdministrativeExpense,10-K,2025-12-31,2026-02-17,8794000000.0,AssetsCurrent,10-K,2025-12-31,2026-02-17,5439000000.0,LiabilitiesCurrent,10-K,2025-12-31,2026-02-17,2926000000.0,AccountsNotesAndLoansReceivableNetCurrent,10-K,2025-12-31,2026-02-17,2943000000.0,InventoryNet,10-K,2025-12-31,2026-02-17,1144000000.0,AccountsPayableCurrent,10-K,2025-12-31,2026-02-17,3815000000.0,LongTermDebt,10-K,2017-12-31,2018-02-20,250000000.0,LongTermDebtCurrent,10-K,2016-12-31,2017-02-23,True,53.93000030517578,-0.12720505735380894,-0.27239613725374956,0.3899797844369488,-0.4862831150632281
BX,Blackstone Inc.,Financials,Asset Management & Custody Banks,S&P 500,NR (to derive from financials),NR,default - no public rating available; derive from leverage/margin post-SEC pull,0001393818,True,14450265000.0,Revenues,10-K,2025-12-31,2026-02-27,3019214000.0,NetIncomeLoss,10-K,2025-12-31,2026-02-27,47708975000.0,Assets,10-K,2025-12-31,2026-02-27,25827803000.0,Liabilities,10-K,2025-12-31,2026-02-27,8665526000.0,StockholdersEquity,10-K,2025-12-31,2026-02-27,2631241000.0,CashAndCashEquivalentsAtCarryingValue,10-K,2025-12-31,2026-02-27,4663161000.0,NetCashProvidedByUsedInOperatingActivities,10-K,2025-12-31,2026-02-27,115703000.0,PaymentsToAcquirePropertyPlantAndEquipment,10-K,2025-12-31,2026-02-27,508314000.0,InterestExpense,10-K,2025-12-31,2026-02-27,,,,,,521189000.0,PropertyPlantAndEquipmentNet,10-K,2025-12-31,2026-02-27,98000000.0,Depreciation,10-K,2025-12-31,2026-02-27,1524548000.0,GeneralAndAdministrativeExpense,10-K,2025-12-31,2026-02-27,,,,,,,,,,,,,,,,,,,,,,,,,,12576587000.0,LongTermDebt,10-K,2025-12-31,2026-02-27,,,,,,True,123.7699966430664,0.08784148561603078,-0.04948381522648704,0.4215207459101425,-0.22710289403682038
BXP,"BXP, Inc.",Real Estate,Office REITs,S&P 500,NR (to derive from financials),NR,default - no public rating available; derive from leverage/margin post-SEC pull,0001037540,True,3482279000.0,Revenues,10-K,2025-12-31,2026-02-27,276800000.0,NetIncomeLoss,10-K,2025-12-31,2026-02-27,26166164000.0,Assets,10-K,2025-12-31,2026-02-27,18473924000.0,Liabilities,10-K,2025-12-31,2026-02-27,5147190000.0,StockholdersEquity,10-K,2025-12-31,2026-02-27,1478206000.0,CashAndCashEquivalentsAtCarryingValue,10-K,2025-12-31,2026-02-27,1245157000.0,NetCashProvidedByUsedInOperatingActivities,10-K,2025-12-31,2026-02-27,,,,,,653138000.0,InterestExpense,10-K,2025-12-31,2026-02-27,7863000.0,CostOfGoodsAndServicesSold,10-Q,2019-03-31,2019-05-08,,,,,,912088000.0,DepreciationDepletionAndAmortization,10-K,2025-12-31,2026-02-27,168789000.0,GeneralAndAdministrativeExpense,10-K,2025-12-31,2026-02-27,,,,,,,,,,,,,,,,,,,,,,,,,,3300000000.0,LongTermDebt,10-K,2021-12-31,2022-02-25,,,,,,True,59.43000030517578,0.12132076047501483,-0.0733150469426962,0.33575601355703455,-0.16299272949092258
C,Citigroup,Financials,Diversified Banks,S&P 500,BBB+ / A- bucket,A-,demo_bucket_to_refresh,0000831001,True,85225000000.0,Revenues,10-K,2025-12-31,2026-02-20,14306000000.0,NetIncomeLoss,10-K,2025-12-31,2026-02-20,2657202000000.0,Assets,10-K,2025-12-31,2026-02-20,2443380000000.0,Liabilities,10-K,2025-12-31,2026-02-20,212291000000.0,StockholdersEquity,10-K,2025-12-31,2026-02-20,349579000000.0,CashCashEquivalentsRestrictedCashAndRestrictedCashEquivalents,10-K,2025-12-31,2026-02-20,-67632000000.0,NetCashProvidedByUsedInOperatingActivities,10-K,2025-12-31,2026-02-20,6520000000.0,PaymentsToAcquirePropertyPlantAndEquipment,10-K,2025-12-31,2026-02-20,78358000000.0,InterestExpense,10-K,2023-12-31,2024-02-23,17495000000.0,CostOfRevenue,10-K,2020-12-31,2021-02-26,33339000000.0,PropertyPlantAndEquipmentAndFinanceLeaseRightOfUseAssetAfterAccumulatedDepreciationAndAmortization,10-K,2025-12-31,2026-02-20,,,,,,,,,,,,,,,,,,,,,,,,,,,,,,,,,,,,315827000000.0,LongTermDebt,10-K,2025-12-31,2026-02-20,51878000000.0,ShortTermBorrowings,10-K,2025-12-31,2026-02-20,True,125.55000305175781,0.0141000173473258,0.01918000059703706,0.3499201546851789,-0.0519060179901808
CAG,Conagra Brands,Consumer Staples,Packaged Foods & Meats,S&P 500,NR (to derive from financials),NR,default - no public rating available; derive from leverage/margin post-SEC pull,0000023217,True,11612800000.0,RevenueFromContractWithCustomerExcludingAssessedTax,10-K,2025-05-25,2025-07-10,1152400000.0,NetIncomeLoss,10-K,2025-05-25,2025-07-10,20933900000.0,Assets,10-K,2025-05-25,2025-07-10,12001200000.0,Liabilities,10-K,2025-05-25,2025-07-10,8932700000.0,StockholdersEquity,10-K,2025-05-25,2025-07-10,68000000.0,CashAndCashEquivalentsAtCarryingValue,10-K,2025-05-25,2025-07-10,1691900000.0,NetCashProvidedByUsedInOperatingActivities,10-K,2025-05-25,2025-07-10,389300000.0,PaymentsToAcquirePropertyPlantAndEquipment,10-K,2025-05-25,2025-07-10,297800000.0,InterestExpense,10-K,2016-05-29,2016-07-15,8609300000.0,CostOfGoodsAndServicesSold,10-K,2025-05-25,2025-07-10,2835900000.0,PropertyPlantAndEquipmentNet,10-K,2025-05-25,2025-07-10,390200000.0,DepreciationDepletionAndAmortization,10-K,2025-05-25,2025-07-10,1537300000.0,SellingGeneralAndAdministrativeExpense,10-K,2025-05-25,2025-07-10,3071000000.0,AssetsCurrent,10-K,2025-05-25,2025-07-10,4317000000.0,LiabilitiesCurrent,10-K,2025-05-25,2025-07-10,770000000.0,ReceivablesNetCurrent,10-K,2025-05-25,2025-07-10,2048300000.0,InventoryNet,10-K,2025-05-25,2025-07-10,1590100000.0,AccountsPayableCurrent,10-K,2025-05-25,2025-07-10,7260000000.0,LongTermDebt,10-K,2025-05-25,2025-07-10,804700000.0,ShortTermBorrowings,10-K,2025-05-25,2025-07-10,True,14.130000114440918,-0.045698018682482466,-0.24471823501039047,0.3230818544516065,-0.27640839137725126
CAH,Cardinal Health,Healthcare,Health Care Distributors,S&P 500,NR (to derive from financials),NR,default - no public rating available; derive from leverage/margin post-SEC pull,0000721371,True,222578000000.0,Revenues,10-K,2025-06-30,2025-08-12,1561000000.0,NetIncomeLoss,10-K,2025-06-30,2025-08-12,53122000000.0,Assets,10-K,2025-06-30,2025-08-12,,,,,,-2781000000.0,StockholdersEquity,10-K,2025-06-30,2025-08-12,3874000000.0,CashAndCashEquivalentsAtCarryingValue,10-K,2025-06-30,2025-08-12,2397000000.0,NetCashProvidedByUsedInOperatingActivities,10-K,2025-06-30,2025-08-12,547000000.0,PaymentsToAcquirePropertyPlantAndEquipment,10-K,2025-06-30,2025-08-12,215000000.0,InterestExpense,10-K,2025-06-30,2025-08-12,214410000000.0,CostOfGoodsAndServicesSold,10-K,2025-06-30,2025-08-12,2858000000.0,PropertyPlantAndEquipmentNet,10-K,2025-06-30,2025-08-12,790000000.0,DepreciationDepletionAndAmortization,10-K,2025-06-30,2025-08-12,5382000000.0,SellingGeneralAndAdministrativeExpense,10-K,2025-06-30,2025-08-12,36373000000.0,AssetsCurrent,10-K,2025-06-30,2025-08-12,38897000000.0,LiabilitiesCurrent,10-K,2025-06-30,2025-08-12,13242000000.0,ReceivablesNetCurrent,10-K,2025-06-30,2025-08-12,16831000000.0,InventoryNet,10-K,2025-06-30,2025-08-12,34713000000.0,AccountsPayableCurrent,10-K,2025-06-30,2025-08-12,2502000000.0,LongTermDebt,10-K,2011-06-30,2011-08-26,,,,,,True,183.64999389648438,-0.1478749524136349,-0.184553567339231,0.2608911436577417,-0.1991684069150378
CARR,Carrier Global,Industrials,Building Products,S&P 500,NR (to derive from financials),NR,default - no public rating available; derive from leverage/margin post-SEC pull,0001783180,True,21747000000.0,RevenueFromContractWithCustomerExcludingAssessedTax,10-K,2025-12-31,2026-02-05,1484000000.0,NetIncomeLoss,10-K,2025-12-31,2026-02-05,37190000000.0,Assets,10-K,2025-12-31,2026-02-05,23062000000.0,Liabilities,10-K,2025-12-31,2026-02-05,14128000000.0,StockholdersEquityIncludingPortionAttributableToNoncontrollingInterest,10-K,2025-12-31,2026-02-05,1555000000.0,CashAndCashEquivalentsAtCarryingValue,10-K,2025-12-31,2026-02-05,2513000000.0,NetCashProvidedByUsedInOperatingActivities,10-K,2025-12-31,2026-02-05,392000000.0,PaymentsToAcquireProductiveAssets,10-K,2025-12-31,2026-02-05,,,,,,16505000000.0,CostOfGoodsAndServicesSold,10-K,2024-12-31,2025-02-11,3165000000.0,PropertyPlantAndEquipmentNet,10-K,2025-12-31,2026-02-05,1274000000.0,DepreciationDepletionAndAmortization,10-K,2025-12-31,2026-02-05,3092000000.0,SellingGeneralAndAdministrativeExpense,10-K,2025-12-31,2026-02-05,8533000000.0,AssetsCurrent,10-K,2025-12-31,2026-02-05,7114000000.0,LiabilitiesCurrent,10-K,2025-12-31,2026-02-05,2639000000.0,ReceivablesNetCurrent,10-K,2025-12-31,2026-02-05,2483000000.0,InventoryNet,10-K,2025-12-31,2026-02-05,2702000000.0,AccountsPayableCurrent,10-K,2025-12-31,2026-02-05,11365000000.0,LongTermDebtNoncurrent,10-K,2025-12-31,2026-02-05,108000000.0,LongTermDebtCurrent,10-K,2025-12-31,2026-02-05,True,66.83000183105469,0.05885761059551231,0.026761186772936485,0.4537757189751047,-0.01575846348716803
CASY,Casey's,Consumer Staples,Food Retail,S&P 500,NR (to derive from financials),NR,default - no public rating available; derive from leverage/margin post-SEC pull,0000726958,True,15940899000.0,Revenues,10-K,2025-04-30,2025-06-23,546520000.0,NetIncomeLoss,10-K,2025-04-30,2025-06-23,8208118000.0,Assets,10-K,2025-04-30,2025-06-23,4699448000.0,Liabilities,10-K,2025-04-30,2025-06-23,3508670000.0,StockholdersEquity,10-K,2025-04-30,2025-06-23,326662000.0,CashAndCashEquivalentsAtCarryingValue,10-K,2025-04-30,2025-06-23,1090854000.0,NetCashProvidedByUsedInOperatingActivities,10-K,2025-04-30,2025-06-23,506224000.0,PaymentsToAcquirePropertyPlantAndEquipment,10-K,2025-04-30,2025-06-23,83951000.0,InterestExpense,10-K,2025-04-30,2025-06-23,5825426000.0,CostOfGoodsSold,10-K,2017-04-30,2017-06-29,5413244000.0,PropertyPlantAndEquipmentAndFinanceLeaseRightOfUseAssetAfterAccumulatedDepreciationAndAmortization,10-K,2025-04-30,2025-06-23,403647000.0,DepreciationAndAmortization,10-K,2025-04-30,2025-06-23,,,,,,1012853000.0,AssetsCurrent,10-K,2025-04-30,2025-06-23,1101693000.0,LiabilitiesCurrent,10-K,2025-04-30,2025-06-23,37856000.0,ReceivablesNetCurrent,10-K,2019-04-30,2019-06-28,480034000.0,InventoryNet,10-K,2025-04-30,2025-06-23,620447000.0,AccountsPayableCurrent,10-K,2025-04-30,2025-06-23,2405375000.0,LongTermDebt,10-K,2025-04-30,2025-06-23,94925000.0,LongTermDebtCurrent,10-K,2025-04-30,2025-06-23,True,859.489990234375,0.16516021457261543,0.30521768822743645,0.25823954447515574,-0.0033165019221103043
CAT,Caterpillar,Industrials,,Dow; S&P 500,A bucket,A,demo_bucket_to_refresh,0000018230,True,67589000000.0,Revenues,10-K,2025-12-31,2026-02-13,8882000000.0,ProfitLoss,10-K,2025-12-31,2026-02-13,98585000000.0,Assets,10-K,2025-12-31,2026-02-13,77267000000.0,Liabilities,10-K,2025-12-31,2026-02-13,21318000000.0,StockholdersEquityIncludingPortionAttributableToNoncontrollingInterest,10-K,2025-12-31,2026-02-13,9980000000.0,CashAndCashEquivalentsAtCarryingValue,10-K,2025-12-31,2026-02-13,11739000000.0,NetCashProvidedByUsedInOperatingActivities,10-K,2025-12-31,2026-02-13,2821000000.0,PaymentsToAcquirePropertyPlantAndEquipment,10-K,2025-12-31,2026-02-13,,,,,,49000000.0,CostOfGoodsAndServicesSold,10-K,2025-12-31,2026-02-13,15140000000.0,PropertyPlantAndEquipmentNet,10-K,2025-12-31,2026-02-13,2262000000.0,DepreciationDepletionAndAmortization,10-K,2025-12-31,2026-02-13,6985000000.0,SellingGeneralAndAdministrativeExpense,10-K,2025-12-31,2026-02-13,52485000000.0,AssetsCurrent,10-K,2025-12-31,2026-02-13,36558000000.0,LiabilitiesCurrent,10-K,2025-12-31,2026-02-13,10920000000.0,AccountsReceivableNetCurrent,10-K,2025-12-31,2026-02-13,18135000000.0,InventoryNet,10-K,2025-12-31,2026-02-13,8968000000.0,AccountsPayableCurrent,10-K,2025-12-31,2026-02-13,30696000000.0,LongTermDebtNoncurrent,10-K,2025-12-31,2026-02-13,5514000000.0,ShortTermBorrowings,10-K,2025-12-31,2026-02-13,True,897.4500122070312,0.13722534057235358,0.2116080617743057,0.4038929275203749,-0.03180389101840342
CB,Chubb Limited,Financials,Property & Casualty Insurance,S&P 500,NR (to derive from financials),NR,default - no public rating available; derive from leverage/margin post-SEC pull,0000896159,True,59402000000.0,Revenues,10-K,2025-12-31,2026-02-27,10310000000.0,NetIncomeLoss,10-K,2025-12-31,2026-02-27,272327000000.0,Assets,10-K,2025-12-31,2026-02-27,192548000000.0,Liabilities,10-K,2025-12-31,2026-02-27,73757000000.0,StockholdersEquity,10-K,2025-12-31,2026-02-27,2470000000.0,CashCashEquivalentsRestrictedCashAndRestrictedCashEquivalents,10-K,2025-12-31,2026-02-27,12816000000.0,NetCashProvidedByUsedInOperatingActivities,10-K,2025-12-31,2026-02-27,,,,,,764000000.0,InterestExpense,10-K,2025-12-31,2026-02-27,,,,,,3500000000.0,PropertyPlantAndEquipmentNet,10-K,2025-12-31,2026-02-27,,,,,,4504000000.0,GeneralAndAdministrativeExpense,10-K,2025-12-31,2026-02-27,,,,,,,,,,,,,,,,,,,,,,,,,,15728000000.0,LongTermDebt,10-K,2025-12-31,2026-02-27,1499000000.0,ShortTermBorrowings,10-K,2025-12-31,2026-02-27,True,319.6400146484375,-0.025220301062219397,-0.01712732373848369,0.16530192985936368,-0.06469954642147668
CBOE,Cboe Global Markets,Financials,Financial Exchanges & Data,S&P 500,NR (to derive from financials),NR,default - no public rating available; derive from leverage/margin post-SEC pull,0001374310,True,2229100000.0,Revenues,10-K,2017-12-31,2018-02-22,1100000000.0,NetIncomeLoss,10-K,2025-12-31,2026-02-20,9305300000.0,Assets,10-K,2025-12-31,2026-02-20,4167000000.0,Liabilities,10-K,2025-12-31,2026-02-20,5138300000.0,StockholdersEquity,10-K,2025-12-31,2026-02-20,2216500000.0,CashAndCashEquivalentsAtCarryingValue,10-K,2025-12-31,2026-02-20,1752600000.0,NetCashProvidedByUsedInOperatingActivities,10-K,2025-12-31,2026-02-20,71000000.0,PaymentsToAcquirePropertyPlantAndEquipment,10-K,2025-12-31,2026-02-20,5747000.0,InterestAndDebtExpense,10-K,2016-12-31,2017-02-21,2285100000.0,CostOfRevenue,10-K,2025-12-31,2026-02-20,133100000.0,PropertyPlantAndEquipmentNet,10-K,2025-12-31,2026-02-20,122400000.0,DepreciationDepletionAndAmortization,10-K,2025-12-31,2026-02-20,,,,,,4421400000.0,AssetsCurrent,10-K,2025-12-31,2026-02-20,2362300000.0,LiabilitiesCurrent,10-K,2025-12-31,2026-02-20,391400000.0,AccountsReceivableNetCurrent,10-K,2025-12-31,2026-02-20,,,,,,16100000.0,AccountsPayableCurrent,10-K,2025-12-31,2026-02-20,1442900000.0,LongTermDebt,10-K,2025-12-31,2026-02-20,304700000.0,LongTermDebtCurrent,10-K,2022-12-31,2024-02-16,True,348.55999755859375,0.17776645778530753,0.24402123686378863,0.32424845746381664,0.0
CBRE,CBRE Group,Real Estate,Real Estate Services,S&P 500,NR (to derive from financials),NR,default - no public rating available; derive from leverage/margin post-SEC pull,0001138118,True,40550000000.0,Revenues,10-K,2025-12-31,2026-02-12,1157000000.0,NetIncomeLoss,10-K,2025-12-31,2026-02-12,30877000000.0,Assets,10-K,2025-12-31,2026-02-12,21251000000.0,Liabilities,10-K,2025-12-31,2026-02-12,8878000000.0,StockholdersEquity,10-K,2025-12-31,2026-02-12,1864000000.0,CashAndCashEquivalentsAtCarryingValue,10-K,2025-12-31,2026-02-12,1559000000.0,NetCashProvidedByUsedInOperatingActivities,10-K,2025-12-31,2026-02-12,366000000.0,PaymentsToAcquireProductiveAssets,10-K,2025-12-31,2026-02-12,107270000.0,InterestExpense,10-K,2018-12-31,2019-03-01,32984000000.0,CostOfRevenue,10-K,2025-12-31,2026-02-12,1049000000.0,PropertyPlantAndEquipmentNet,10-K,2025-12-31,2026-02-12,729000000.0,DepreciationAndAmortization,10-K,2025-12-31,2026-02-12,,,,,,13489000000.0,AssetsCurrent,10-K,2025-12-31,2026-02-12,12320000000.0,LiabilitiesCurrent,10-K,2025-12-31,2026-02-12,8284000000.0,AccountsReceivableNetCurrent,10-K,2025-12-31,2026-02-12,,,,,,817519000.0,AccountsPayableAndAccruedLiabilitiesCurrent,10-K,2013-12-31,2014-03-03,5050000000.0,LongTermDebtNoncurrent,10-K,2025-12-31,2026-02-12,2465000000.0,ShortTermBorrowings,10-K,2025-12-31,2026-02-12,True,146.3300018310547,0.03618468040065714,-0.14416887654953958,0.4268430669231871,-0.14731075513889358
CCEP,Coca-Cola Europacific Partners,Industrials,,Nasdaq 100,NR (to derive from financials),NR,default - no public rating available; derive from leverage/margin post-SEC pull,0001650107,True,,,,,,,,,,,,,,,,,,,,,,,,,,,,,,,,,,,,,,,,,,,,,,,,,,,,,,,,,,,,,,,,,,,,,,,,,,,,,,,,,,,,,,,,,,,,,,,,,,,,,True,94.56999969482422,-0.02935441446570164,-0.02152097049370194,0.26435026661747574,-0.14362039813929273
CCI,Crown Castle,Real Estate,Telecom Tower REITs,S&P 500,NR (to derive from financials),NR,default - no public rating available; derive from leverage/margin post-SEC pull,0001051470,True,4264000000.0,Revenues,10-K,2025-12-31,2026-02-23,444000000.0,NetIncomeLoss,10-K,2025-12-31,2026-02-23,31518000000.0,Assets,10-K,2025-12-31,2026-02-23,33153000000.0,Liabilities,10-K,2025-12-31,2026-02-23,-1635000000.0,StockholdersEquityIncludingPortionAttributableToNoncontrollingInterest,10-K,2025-12-31,2026-02-23,99000000.0,CashAndCashEquivalentsAtCarryingValue,10-K,2025-12-31,2026-02-23,3057000000.0,NetCashProvidedByUsedInOperatingActivities,10-K,2025-12-31,2026-02-23,182000000.0,PaymentsToAcquireProductiveAssets,10-K,2025-12-31,2026-02-23,0.0,InterestExpense,10-K,2017-12-31,2018-02-26,113000000.0,CostOfGoodsAndServicesSold,10-K,2025-12-31,2026-02-23,6273000000.0,PropertyPlantAndEquipmentNet,10-K,2025-12-31,2026-02-23,488000000.0,Depreciation,10-K,2025-12-31,2026-02-23,383000000.0,SellingGeneralAndAdministrativeExpense,10-K,2025-12-31,2026-02-23,1144000000.0,AssetsCurrent,10-K,2025-12-31,2026-02-23,4479000000.0,LiabilitiesCurrent,10-K,2025-12-31,2026-02-23,172000000.0,AccountsReceivableNetCurrent,10-K,2025-12-31,2026-02-23,,,,,,71000000.0,AccountsPayableCurrent,10-K,2025-12-31,2026-02-23,24337000000.0,LongTermDebt,10-K,2025-12-31,2026-02-23,,,,,,True,90.56999969482422,0.04960017074848255,0.10377985752719532,0.3137478654104439,-0.015320311041299273
CCL,Carnival Corporation,Consumer Discretionary,"Hotels, Resorts & Cruise Lines",S&P 500,NR (to derive from financials),NR,default - no public rating available; derive from leverage/margin post-SEC pull,0000815097,True,26622000000.0,RevenueFromContractWithCustomerExcludingAssessedTax,10-K,2025-11-30,2026-01-27,2760000000.0,NetIncomeLoss,10-K,2025-11-30,2026-01-27,51687000000.0,Assets,10-K,2025-11-30,2026-01-27,,,,,,12284000000.0,StockholdersEquity,10-K,2025-11-30,2026-01-27,1928000000.0,CashAndCashEquivalentsAtCarryingValue,10-K,2025-11-30,2026-01-27,6218000000.0,NetCashProvidedByUsedInOperatingActivities,10-K,2025-11-30,2026-01-27,3611000000.0,PaymentsToAcquirePropertyPlantAndEquipment,10-K,2025-11-30,2026-01-27,2066000000.0,InterestExpense,10-K,2023-11-30,2024-01-26,15638000000.0,CostOfRevenue,10-K,2024-11-30,2025-01-27,43494000000.0,PropertyPlantAndEquipmentNet,10-K,2025-11-30,2026-01-27,2790000000.0,DepreciationAndAmortization,10-K,2025-11-30,2026-01-27,3402000000.0,SellingGeneralAndAdministrativeExpense,10-K,2025-11-30,2026-01-27,4219000000.0,AssetsCurrent,10-K,2025-11-30,2026-01-27,13092000000.0,LiabilitiesCurrent,10-K,2025-11-30,2026-01-27,678000000.0,ReceivablesNetCurrent,10-K,2025-11-30,2026-01-27,505000000.0,InventoryNet,10-K,2025-11-30,2026-01-27,1245000000.0,AccountsPayableCurrent,10-K,2025-11-30,2026-01-27,27383000000.0,LongTermDebt,10-K,2025-11-30,2026-01-27,2603000000.0,LongTermDebtCurrent,10-K,2025-11-30,2026-01-27,True,26.3799991607666,-0.05718371721395121,-0.19226029245319387,0.5745163808927704,-0.22030189157470215
CDNS,Cadence Design Systems,Industrials,,Nasdaq 100; S&P 500,NR (to derive from financials),NR,default - no public rating available; derive from leverage/margin post-SEC pull,0000813672,True,5296759000.0,RevenueFromContractWithCustomerExcludingAssessedTax,10-K,2025-12-31,2026-02-19,1108888000.0,NetIncomeLoss,10-K,2025-12-31,2026-02-19,10153148000.0,Assets,10-K,2025-12-31,2026-02-19,,,,,,5474181000.0,StockholdersEquity,10-K,2025-12-31,2026-02-19,3001317000.0,CashAndCashEquivalentsAtCarryingValue,10-K,2025-12-31,2026-02-19,1728781000.0,NetCashProvidedByUsedInOperatingActivities,10-K,2025-12-31,2026-02-19,141871000.0,PaymentsToAcquirePropertyPlantAndEquipment,10-K,2025-12-31,2026-02-19,116541000.0,InterestExpense,10-K,2025-12-31,2026-02-19,73392000.0,CostOfGoodsSold,10-K,2012-12-29,2013-02-21,517004000.0,PropertyPlantAndEquipmentNet,10-K,2025-12-31,2026-02-19,227828000.0,DepreciationDepletionAndAmortization,10-K,2025-12-31,2026-02-19,313387000.0,GeneralAndAdministrativeExpense,10-K,2025-12-31,2026-02-19,4669673000.0,AssetsCurrent,10-K,2025-12-31,2026-02-19,1635291000.0,LiabilitiesCurrent,10-K,2025-12-31,2026-02-19,944939000.0,ReceivablesNetCurrent,10-K,2025-12-31,2026-02-19,303545000.0,InventoryNet,10-K,2025-12-31,2026-02-19,856856000.0,AccountsPayableAndAccruedLiabilitiesCurrent,10-K,2025-12-31,2026-02-19,,,,,,299879000.0,LongTermDebtCurrent,10-Q,2018-06-30,2018-07-23,True,362.70001220703125,0.3652789550825506,0.24639179452588067,0.4533449565760631,0.0
CDW,CDW Corporation,Technology,Technology Distributors,S&P 500,NR (to derive from financials),NR,default - no public rating available; derive from leverage/margin post-SEC pull,0001402057,True,22424100000.0,RevenueFromContractWithCustomerExcludingAssessedTax,10-K,2025-12-31,2026-02-20,1066600000.0,NetIncomeLoss,10-K,2025-12-31,2026-02-20,16028200000.0,Assets,10-K,2025-12-31,2026-02-20,5981100000.0,Liabilities,10-K,2017-12-31,2019-02-27,2606100000.0,StockholdersEquity,10-K,2025-12-31,2026-02-20,618700000.0,CashAndCashEquivalentsAtCarryingValue,10-K,2025-12-31,2026-02-20,1205200000.0,NetCashProvidedByUsedInOperatingActivities,10-K,2025-12-31,2026-02-20,117100000.0,PaymentsToAcquirePropertyPlantAndEquipment,10-K,2025-12-31,2026-02-20,250100000.0,InterestExpense,10-K,2013-12-31,2014-03-05,17550700000.0,CostOfGoodsAndServicesSold,10-K,2025-12-31,2026-02-20,171500000.0,PropertyPlantAndEquipmentNet,10-K,2025-12-31,2026-02-20,295600000.0,DepreciationDepletionAndAmortization,10-K,2025-12-31,2026-02-20,3217800000.0,SellingGeneralAndAdministrativeExpense,10-K,2025-12-31,2026-02-20,8500500000.0,AssetsCurrent,10-K,2025-12-31,2026-02-20,7226100000.0,LiabilitiesCurrent,10-K,2025-12-31,2026-02-20,6312400000.0,AccountsReceivableNetCurrent,10-K,2025-12-31,2026-02-20,563400000.0,InventoryNet,10-K,2025-12-31,2026-02-20,,,,,,4622300000.0,LongTermDebtNoncurrent,10-K,2025-12-31,2026-02-20,1007500000.0,LongTermDebtCurrent,10-K,2025-12-31,2026-02-20,True,104.79000091552734,-0.16521945403850424,-0.2657657623946015,0.5175934514823666,-0.2972203048833215
CEG,Constellation Energy,Industrials,,Nasdaq 100; S&P 500,NR (to derive from financials),NR,default - no public rating available; derive from leverage/margin post-SEC pull,0001868275,True,25533000000.0,Revenues,10-K,2025-12-31,2026-02-24,2319000000.0,NetIncomeLoss,10-K,2025-12-31,2026-02-24,57249000000.0,Assets,10-K,2025-12-31,2026-02-24,42396000000.0,Liabilities,10-K,2025-12-31,2026-02-24,14517000000.0,StockholdersEquity,10-K,2025-12-31,2026-02-24,3641000000.0,CashAndCashEquivalentsAtCarryingValue,10-K,2025-12-31,2026-02-24,4237000000.0,NetCashProvidedByUsedInOperatingActivities,10-K,2025-12-31,2026-02-24,2949000000.0,PaymentsToAcquirePropertyPlantAndEquipment,10-K,2025-12-31,2026-02-24,431000000.0,InterestExpense,10-K,2023-12-31,2024-02-27,,,,,,22474000000.0,PropertyPlantAndEquipmentNet,10-K,2025-12-31,2026-02-24,967000000.0,Depreciation,10-K,2025-12-31,2026-02-24,,,,,,12119000000.0,AssetsCurrent,10-K,2025-12-31,2026-02-24,7944000000.0,LiabilitiesCurrent,10-K,2025-12-31,2026-02-24,4266000000.0,AccountsReceivableNetCurrent,10-K,2025-12-31,2026-02-24,1736000000.0,InventoryNet,10-K,2025-12-31,2026-02-24,2813000000.0,AccountsPayableCurrent,10-K,2025-12-31,2026-02-24,7403000000.0,LongTermDebt,10-K,2025-12-31,2026-02-24,1650000000.0,ShortTermBorrowings,10-K,2025-12-31,2026-02-24,True,303.6300048828125,0.05979059295920597,0.11716668859975155,0.498788902131132,-0.19694428171523282
CF,CF Industries,Materials,Fertilizers & Agricultural Chemicals,S&P 500,NR (to derive from financials),NR,default - no public rating available; derive from leverage/margin post-SEC pull,0001324404,True,7084000000.0,Revenues,10-K,2025-12-31,2026-02-25,1798000000.0,ProfitLoss,10-K,2025-12-31,2026-02-25,14088000000.0,Assets,10-K,2025-12-31,2026-02-25,,,,,,4838000000.0,StockholdersEquity,10-K,2025-12-31,2026-02-25,1982000000.0,CashCashEquivalentsRestrictedCashAndRestrictedCashEquivalents,10-K,2025-12-31,2026-02-25,2752000000.0,NetCashProvidedByUsedInOperatingActivities,10-K,2025-12-31,2026-02-25,950000000.0,PaymentsToAcquirePropertyPlantAndEquipment,10-K,2025-12-31,2026-02-25,155000000.0,InterestExpense,10-K,2025-12-31,2026-02-25,4360000000.0,CostOfRevenue,10-K,2025-12-31,2026-02-25,6715000000.0,PropertyPlantAndEquipmentNet,10-K,2025-12-31,2026-02-25,898000000.0,DepreciationDepletionAndAmortization,10-K,2025-12-31,2026-02-25,364000000.0,SellingGeneralAndAdministrativeExpense,10-K,2025-12-31,2026-02-25,2985000000.0,AssetsCurrent,10-K,2025-12-31,2026-02-25,887000000.0,LiabilitiesCurrent,10-K,2025-12-31,2026-02-25,488000000.0,ReceivablesNetCurrent,10-K,2025-12-31,2026-02-25,383000000.0,InventoryNet,10-K,2025-12-31,2026-02-25,148000000.0,AccountsPayableCurrent,10-K,2025-12-31,2026-02-25,3215000000.0,LongTermDebt,10-K,2025-12-31,2026-02-25,0.0,LongTermDebtCurrent,10-K,2021-12-31,2022-02-24,True,115.0199966430664,-0.051928808668028625,0.2179694983727849,0.6004107977831963,-0.16409889868364114
CFG,Citizens Financial Group,Financials,Regional Banks,S&P 500,NR (to derive from financials),NR,default - no public rating available; derive from leverage/margin post-SEC pull,0000759944,True,8247000000.0,Revenues,10-K,2025-12-31,2026-02-12,1831000000.0,NetIncomeLoss,10-K,2025-12-31,2026-02-12,226351000000.0,Assets,10-K,2025-12-31,2026-02-12,200034000000.0,Liabilities,10-K,2025-12-31,2026-02-12,26317000000.0,StockholdersEquity,10-K,2025-12-31,2026-02-12,12727000000.0,CashCashEquivalentsRestrictedCashAndRestrictedCashEquivalents,10-K,2025-12-31,2026-02-12,2211000000.0,NetCashProvidedByUsedInOperatingActivities,10-K,2025-12-31,2026-02-12,126000000.0,PaymentsToAcquirePropertyPlantAndEquipment,10-K,2019-12-31,2020-02-24,3963000000.0,InterestExpense,10-K,2023-12-31,2024-02-16,,,,,,915000000.0,PropertyPlantAndEquipmentNet,10-K,2025-12-31,2026-02-12,130000000.0,Depreciation,10-K,2025-12-31,2026-02-12,,,,,,,,,,,,,,,,,,,,,,,,,,,,,,,11224000000.0,LongTermDebt,10-K,2025-12-31,2026-02-12,58000000.0,ShortTermBorrowings,10-K,2025-12-31,2026-02-12,True,63.72999954223633,0.00028811567736664045,-0.05186862577667162,0.2748942278262226,-0.05771451944641137
CHD,Church & Dwight,Consumer Staples,Household Products,S&P 500,NR (to derive from financials),NR,default - no public rating available; derive from leverage/margin post-SEC pull,0000313927,True,6203200000.0,RevenueFromContractWithCustomerExcludingAssessedTax,10-K,2025-12-31,2026-02-12,736800000.0,NetIncomeLoss,10-K,2025-12-31,2026-02-12,8912400000.0,Assets,10-K,2025-12-31,2026-02-12,4910200000.0,Liabilities,10-K,2025-12-31,2026-02-12,4002200000.0,StockholdersEquity,10-K,2025-12-31,2026-02-12,409000000.0,CashAndCashEquivalentsAtCarryingValue,10-K,2025-12-31,2026-02-12,1215400000.0,NetCashProvidedByUsedInOperatingActivities,10-K,2025-12-31,2026-02-12,122400000.0,PaymentsToAcquirePropertyPlantAndEquipment,10-K,2025-12-31,2026-02-12,95200000.0,InterestExpense,10-K,2025-12-31,2026-02-12,3428400000.0,CostOfRevenue,10-K,2025-12-31,2026-02-12,822800000.0,PropertyPlantAndEquipmentNet,10-K,2025-12-31,2026-02-12,247400000.0,DepreciationDepletionAndAmortization,10-K,2025-12-31,2026-02-12,988300000.0,SellingGeneralAndAdministrativeExpense,10-K,2025-12-31,2026-02-12,1597000000.0,AssetsCurrent,10-K,2025-12-31,2026-02-12,1497700000.0,LiabilitiesCurrent,10-K,2025-12-31,2026-02-12,593400000.0,AccountsReceivableNetCurrent,10-K,2025-12-31,2026-02-12,534800000.0,InventoryNet,10-K,2025-12-31,2026-02-12,732400000.0,AccountsPayableCurrent,10-K,2025-12-31,2026-02-12,2205100000.0,LongTermDebt,10-K,2025-12-31,2026-02-12,0.0,ShortTermBorrowings,10-K,2024-12-31,2025-02-13,True,93.44000244140625,-0.02075032242228081,-0.047666265382328654,0.210460033567903,-0.11229336362283593
CHRW,C.H. Robinson,Transportation,Air Freight & Logistics,S&P 500,NR (to derive from financials),NR,default - no public rating available; derive from leverage/margin post-SEC pull,0001043277,True,16232763000.0,RevenueFromContractWithCustomerExcludingAssessedTax,10-K,2025-12-31,2026-02-13,587081000.0,NetIncomeLoss,10-K,2025-12-31,2026-02-13,5058381000.0,Assets,10-K,2025-12-31,2026-02-13,3212734000.0,Liabilities,10-K,2025-12-31,2026-02-13,1845647000.0,StockholdersEquity,10-K,2025-12-31,2026-02-13,160871000.0,CashAndCashEquivalentsAtCarryingValue,10-K,2025-12-31,2026-02-13,914519000.0,NetCashProvidedByUsedInOperatingActivities,10-K,2025-12-31,2026-02-13,19628000.0,PaymentsToAcquirePropertyPlantAndEquipment,10-K,2025-12-31,2026-02-13,,,,,,1244040000.0,CostOfGoodsSold,10-K,2017-12-31,2018-02-28,116362000.0,PropertyPlantAndEquipmentNet,10-K,2025-12-31,2026-02-13,102818000.0,DepreciationAndAmortization,10-K,2025-12-31,2026-02-13,106043000.0,SellingGeneralAndAdministrativeExpense,10-Q,2018-03-31,2018-05-09,2798543000.0,AssetsCurrent,10-K,2025-12-31,2026-02-13,1831702000.0,LiabilitiesCurrent,10-K,2025-12-31,2026-02-13,2360829000.0,ReceivablesNetCurrent,10-K,2025-12-31,2026-02-13,,,,,,1210295000.0,AccountsPayableCurrent,10-K,2025-12-31,2026-02-13,1089438000.0,LongTermDebt,10-K,2025-12-31,2026-02-13,0.0,LongTermDebtCurrent,10-K,2025-12-31,2026-02-13,True,171.38999938964844,0.04832095926998248,-0.14144945659422914,0.5170896791159636,-0.14264792303336227
CHTR,Charter Communications,Industrials,,Nasdaq 100; S&P 500,BBB- shown,BBB-,screenshot,0001091667,True,54774000000.0,Revenues,10-K,2025-12-31,2026-01-30,4987000000.0,NetIncomeLoss,10-K,2025-12-31,2026-01-30,154213000000.0,Assets,10-K,2025-12-31,2026-01-30,,,,,,16054000000.0,StockholdersEquity,10-K,2025-12-31,2026-01-30,477000000.0,CashAndCashEquivalentsAtCarryingValue,10-K,2025-12-31,2026-01-30,16077000000.0,NetCashProvidedByUsedInOperatingActivities,10-K,2025-12-31,2026-01-30,11659000000.0,PaymentsToAcquirePropertyPlantAndEquipment,10-K,2025-12-31,2026-01-30,846000000.0,InterestExpense,10-K,2013-12-31,2014-02-21,,,,,,46444000000.0,PropertyPlantAndEquipmentNet,10-K,2025-12-31,2026-01-30,8100000000.0,Depreciation,10-K,2025-12-31,2026-01-30,3782000000.0,SellingAndMarketingExpense,10-K,2025-12-31,2026-01-30,5144000000.0,AssetsCurrent,10-K,2025-12-31,2026-01-30,13306000000.0,LiabilitiesCurrent,10-K,2025-12-31,2026-01-30,3680000000.0,AccountsReceivableNetCurrent,10-K,2025-12-31,2026-01-30,,,,,,12556000000.0,AccountsPayableAndAccruedLiabilitiesCurrent,10-K,2025-12-31,2026-01-30,94756000000.0,LongTermDebt,10-K,2025-12-31,2026-01-30,750000000.0,LongTermDebtCurrent,10-K,2025-12-31,2026-01-30,True,154.86000061035156,-0.29229505791533794,-0.350010490617622,0.6628639404315296,-0.37604255172642753
CI,Cigna,Healthcare,Health Care Services,S&P 500,NR (to derive from financials),NR,default - no public rating available; derive from leverage/margin post-SEC pull,0001739940,True,274900000000.0,Revenues,10-K,2025-12-31,2026-02-26,5957000000.0,NetIncomeLoss,10-K,2025-12-31,2026-02-26,157919000000.0,Assets,10-K,2025-12-31,2026-02-26,116045000000.0,Liabilities,10-K,2025-12-31,2026-02-26,41713000000.0,StockholdersEquity,10-K,2025-12-31,2026-02-26,7676000000.0,CashAndCashEquivalentsAtCarryingValue,10-K,2025-12-31,2026-02-26,9601000000.0,NetCashProvidedByUsedInOperatingActivities,10-K,2025-12-31,2026-02-26,1050000000.0,PaymentsToAcquirePropertyPlantAndEquipment,10-K,2019-12-31,2020-02-27,,,,,,214991000000.0,CostOfGoodsAndServicesSold,10-K,2025-12-31,2026-02-26,3651000000.0,PropertyPlantAndEquipmentNet,10-K,2025-12-31,2026-02-26,2775000000.0,DepreciationDepletionAndAmortization,10-K,2025-12-31,2026-02-26,14617000000.0,SellingGeneralAndAdministrativeExpense,10-K,2025-12-31,2026-02-26,47814000000.0,AssetsCurrent,10-K,2025-12-31,2026-02-26,56342000000.0,LiabilitiesCurrent,10-K,2025-12-31,2026-02-26,28768000000.0,ReceivablesNetCurrent,10-K,2025-12-31,2026-02-26,7338000000.0,InventoryNet,10-K,2025-12-31,2026-02-26,10659000000.0,AccountsPayableCurrent,10-K,2025-12-31,2026-02-26,39523000000.0,LongTermDebtNoncurrent,10-Q,2018-12-31,2019-05-02,0.0,LongTermDebtCurrent,10-K,2018-12-31,2019-02-28,True,288.05999755859375,0.061972341229838745,-0.016145115820258127,0.25994578754686093,-0.01724668735979018
CIEN,Ciena,Technology,Communications Equipment,S&P 500,NR (to derive from financials),NR,default - no public rating available; derive from leverage/margin post-SEC pull,0000936395,True,4769507000.0,Revenues,10-K,2025-11-01,2025-12-12,123338000.0,NetIncomeLoss,10-K,2025-11-01,2025-12-12,5864667000.0,Assets,10-K,2025-11-01,2025-12-12,3135344000.0,Liabilities,10-K,2025-11-01,2025-12-12,2729323000.0,StockholdersEquity,10-K,2025-11-01,2025-12-12,1091952000.0,CashAndCashEquivalentsAtCarryingValue,10-K,2025-11-01,2025-12-12,806093000.0,NetCashProvidedByUsedInOperatingActivities,10-K,2025-11-01,2025-12-12,140801000.0,PaymentsToAcquirePropertyPlantAndEquipment,10-K,2025-11-01,2025-12-12,88026000.0,InterestExpense,10-K,2023-10-28,2023-12-15,2764590000.0,CostOfGoodsAndServicesSold,10-K,2025-11-01,2025-12-12,386779000.0,PropertyPlantAndEquipmentAndFinanceLeaseRightOfUseAssetAfterAccumulatedDepreciationAndAmortization,10-K,2025-11-01,2025-12-12,104133000.0,Depreciation,10-K,2025-11-01,2025-12-12,238707000.0,GeneralAndAdministrativeExpense,10-K,2025-11-01,2025-12-12,3565507000.0,AssetsCurrent,10-K,2025-11-01,2025-12-12,1308394000.0,LiabilitiesCurrent,10-K,2025-11-01,2025-12-12,975856000.0,AccountsReceivableNetCurrent,10-K,2025-11-01,2025-12-12,826235000.0,InventoryNet,10-K,2025-11-01,2025-12-12,542841000.0,AccountsPayableCurrent,10-K,2025-11-01,2025-12-12,1524158000.0,LongTermDebtNoncurrent,10-K,2025-11-01,2025-12-12,11580000.0,LongTermDebtCurrent,10-K,2025-11-01,2025-12-12,True,548.1099853515625,0.1050159217201525,0.8921223391669442,0.7652567098973032,-0.04972345874293538
CINF,Cincinnati Financial,Financials,Property & Casualty Insurance,S&P 500,NR (to derive from financials),NR,default - no public rating available; derive from leverage/margin post-SEC pull,0000020286,True,12631000000.0,Revenues,10-K,2025-12-31,2026-02-23,2393000000.0,NetIncomeLoss,10-K,2025-12-31,2026-02-23,41002000000.0,Assets,10-K,2025-12-31,2026-02-23,25091000000.0,Liabilities,10-K,2025-12-31,2026-02-23,15911000000.0,StockholdersEquity,10-K,2025-12-31,2026-02-23,1431000000.0,CashCashEquivalentsRestrictedCashAndRestrictedCashEquivalents,10-K,2025-12-31,2026-02-23,3112000000.0,NetCashProvidedByUsedInOperatingActivities,10-K,2025-12-31,2026-02-23,20000000.0,PaymentsToAcquirePropertyPlantAndEquipment,10-K,2025-12-31,2026-02-23,53000000.0,InterestExpense,10-K,2025-12-31,2026-02-23,,,,,,219000000.0,PropertyPlantAndEquipmentNet,10-K,2025-12-31,2026-02-23,36000000.0,Depreciation,10-K,2025-12-31,2026-02-23,,,,,,,,,,,,,,,,,,,,,,,,,,,,,,,790000000.0,LongTermDebt,10-K,2025-12-31,2026-02-23,55000000.0,ShortTermBorrowings,10-Q,2011-09-30,2011-10-27,True,161.5,0.0022340859607492547,-0.037028592453476006,0.2107123491092156,-0.05906007034781402
CL,Colgate-Palmolive,Consumer Staples,Household Products,S&P 500,NR (to derive from financials),NR,default - no public rating available; derive from leverage/margin post-SEC pull,0000021665,True,20382000000.0,RevenueFromContractWithCustomerExcludingAssessedTax,10-K,2025-12-31,2026-02-23,2132000000.0,NetIncomeLoss,10-K,2025-12-31,2026-02-23,16330000000.0,Assets,10-K,2025-12-31,2026-02-23,15965000000.0,Liabilities,10-K,2025-12-31,2026-02-23,54000000.0,StockholdersEquity,10-K,2025-12-31,2026-02-23,1288000000.0,CashAndCashEquivalentsAtCarryingValue,10-K,2025-12-31,2026-02-23,4198000000.0,NetCashProvidedByUsedInOperatingActivities,10-K,2025-12-31,2026-02-23,564000000.0,PaymentsToAcquireProductiveAssets,10-K,2025-12-31,2026-02-23,,,,,,8131000000.0,CostOfRevenue,10-K,2025-12-31,2026-02-23,4660000000.0,PropertyPlantAndEquipmentNet,10-K,2025-12-31,2026-02-23,630000000.0,DepreciationDepletionAndAmortization,10-K,2025-12-31,2026-02-23,7903000000.0,SellingGeneralAndAdministrativeExpense,10-K,2025-12-31,2026-02-23,5709000000.0,AssetsCurrent,10-K,2025-12-31,2026-02-23,6853000000.0,LiabilitiesCurrent,10-K,2025-12-31,2026-02-23,1675000000.0,AccountsReceivableNetCurrent,10-K,2025-12-31,2026-02-23,2032000000.0,InventoryNet,10-K,2025-12-31,2026-02-23,2089000000.0,AccountsPayableCurrent,10-K,2025-12-31,2026-02-23,7839000000.0,LongTermDebt,10-K,2025-12-31,2026-02-23,1115000000.0,LongTermDebtCurrent,10-K,2025-12-31,2026-02-23,True,87.55000305175781,0.04451166330825185,-0.06442111833570419,0.231698641932444,-0.1114171131835382
CLX,Clorox,Consumer Staples,Household Products,S&P 500,NR (to derive from financials),NR,default - no public rating available; derive from leverage/margin post-SEC pull,0000021076,True,7104000000.0,RevenueFromContractWithCustomerExcludingAssessedTax,10-K,2025-06-30,2025-08-08,810000000.0,NetIncomeLoss,10-K,2025-06-30,2025-08-08,5561000000.0,Assets,10-K,2025-06-30,2025-08-08,5079000000.0,Liabilities,10-K,2025-06-30,2025-08-08,321000000.0,StockholdersEquity,10-K,2025-06-30,2025-08-08,167000000.0,CashAndCashEquivalentsAtCarryingValue,10-K,2025-06-30,2025-08-08,981000000.0,NetCashProvidedByUsedInOperatingActivities,10-K,2025-06-30,2025-08-08,220000000.0,PaymentsToAcquirePropertyPlantAndEquipment,10-K,2025-06-30,2025-08-08,88000000.0,InterestExpense,10-K,2025-06-30,2025-08-08,3891000000.0,CostOfGoodsAndServicesSold,10-K,2025-06-30,2025-08-08,1267000000.0,PropertyPlantAndEquipmentNet,10-K,2025-06-30,2025-08-08,219000000.0,DepreciationDepletionAndAmortization,10-K,2025-06-30,2025-08-08,1124000000.0,SellingGeneralAndAdministrativeExpense,10-K,2025-06-30,2025-08-08,1608000000.0,AssetsCurrent,10-K,2025-06-30,2025-08-08,1919000000.0,LiabilitiesCurrent,10-K,2025-06-30,2025-08-08,821000000.0,ReceivablesNetCurrent,10-K,2025-06-30,2025-08-08,523000000.0,InventoryNet,10-K,2025-06-30,2025-08-08,838000000.0,AccountsPayableCurrent,10-K,2025-06-30,2025-08-08,2484000000.0,LongTermDebt,10-K,2025-06-30,2025-08-08,0.0,LongTermDebtCurrent,10-K,2025-06-30,2025-08-08,True,92.16000366210938,-0.11358542544809647,-0.2196527467785374,0.36233704535919936,-0.2661079057949949
CMCSA,Comcast,Industrials,,Nasdaq 100; S&P 500,NR (to derive from financials),NR,default - no public rating available; derive from leverage/margin post-SEC pull,0001166691,True,123707000000.0,RevenueFromContractWithCustomerExcludingAssessedTax,10-K,2025-12-31,2026-02-03,19998000000.0,NetIncomeLoss,10-K,2025-12-31,2026-02-03,272631000000.0,Assets,10-K,2025-12-31,2026-02-03,,,,,,96903000000.0,StockholdersEquity,10-K,2025-12-31,2026-02-03,9481000000.0,CashAndCashEquivalentsAtCarryingValue,10-K,2025-12-31,2026-02-03,33643000000.0,NetCashProvidedByUsedInOperatingActivities,10-K,2025-12-31,2026-02-03,11750000000.0,PaymentsToAcquirePropertyPlantAndEquipment,10-K,2025-12-31,2026-02-03,4087000000.0,InterestExpense,10-K,2023-12-31,2024-01-31,,,,,,65680000000.0,PropertyPlantAndEquipmentNet,10-K,2025-12-31,2026-02-03,16210000000.0,DepreciationDepletionAndAmortization,10-K,2025-12-31,2026-02-03,8091000000.0,SellingGeneralAndAdministrativeExpense,10-K,2010-12-31,2011-02-25,29567000000.0,AssetsCurrent,10-K,2025-12-31,2026-02-03,33524000000.0,LiabilitiesCurrent,10-K,2025-12-31,2026-02-03,13869000000.0,AccountsReceivableNetCurrent,10-K,2025-12-31,2026-02-03,,,,,,11058000000.0,AccountsPayableCurrent,10-K,2025-12-31,2026-02-03,,,,,,,,,,,True,25.399999618530273,-0.09058362545655496,-0.18711328576803732,0.3834180944348922,-0.20888705256416806
CME,CME Group,Financials,Financial Exchanges & Data,S&P 500,NR (to derive from financials),NR,default - no public rating available; derive from leverage/margin post-SEC pull,0001156375,True,6520600000.0,Revenues,10-K,2025-12-31,2026-02-26,4072200000.0,NetIncomeLoss,10-K,2025-12-31,2026-02-26,198424200000.0,Assets,10-K,2025-12-31,2026-02-26,169696000000.0,Liabilities,10-K,2025-12-31,2026-02-26,28728200000.0,StockholdersEquity,10-K,2025-12-31,2026-02-26,4416900000.0,CashAndCashEquivalentsAtCarryingValue,10-K,2025-12-31,2026-02-26,4277100000.0,NetCashProvidedByUsedInOperatingActivities,10-K,2025-12-31,2026-02-26,83500000.0,PaymentsToAcquirePropertyPlantAndEquipment,10-K,2025-12-31,2026-02-26,173400000.0,InterestAndDebtExpense,10-K,2025-12-31,2026-02-26,,,,,,362700000.0,PropertyPlantAndEquipmentNet,10-K,2025-12-31,2026-02-26,107500000.0,DepreciationAndAmortization,10-K,2025-12-31,2026-02-26,,,,,,165359300000.0,AssetsCurrent,10-K,2025-12-31,2026-02-26,160296700000.0,LiabilitiesCurrent,10-K,2025-12-31,2026-02-26,639200000.0,AccountsReceivableNetCurrent,10-K,2025-12-31,2026-02-26,,,,,,71800000.0,AccountsPayableCurrent,10-K,2025-12-31,2026-02-26,,,,,,0.0,ShortTermBorrowings,10-K,2025-12-31,2026-02-26,True,281.25,-0.04757869412043125,-0.06270833153234878,0.21870047949107885,-0.11789037203566988
CMG,Chipotle Mexican Grill,Consumer Discretionary,Restaurants,S&P 500,NR (to derive from financials),NR,default - no public rating available; derive from leverage/margin post-SEC pull,0001058090,True,11925601000.0,Revenues,10-K,2025-12-31,2026-02-04,1535761000.0,NetIncomeLoss,10-K,2025-12-31,2026-02-04,8994531000.0,Assets,10-K,2025-12-31,2026-02-04,6163924000.0,Liabilities,10-K,2025-12-31,2026-02-04,2830607000.0,StockholdersEquity,10-K,2025-12-31,2026-02-04,350545000.0,CashAndCashEquivalentsAtCarryingValue,10-K,2025-12-31,2026-02-04,2113926000.0,NetCashProvidedByUsedInOperatingActivities,10-K,2025-12-31,2026-02-04,666336000.0,PaymentsToAcquirePropertyPlantAndEquipment,10-K,2025-12-31,2026-02-04,,,,,,,,,,,2679361000.0,PropertyPlantAndEquipmentNet,10-K,2025-12-31,2026-02-04,361382000.0,DepreciationDepletionAndAmortization,10-K,2025-12-31,2026-02-04,652017000.0,GeneralAndAdministrativeExpense,10-K,2025-12-31,2026-02-04,1466953000.0,AssetsCurrent,10-K,2025-12-31,2026-02-04,1188142000.0,LiabilitiesCurrent,10-K,2025-12-31,2026-02-04,156466000.0,AccountsReceivableNetCurrent,10-K,2025-12-31,2026-02-04,49508000.0,InventoryNet,10-K,2025-12-31,2026-02-04,212813000.0,AccountsPayableCurrent,10-K,2025-12-31,2026-02-04,0.0,LongTermDebt,10-K,2025-12-31,2026-02-04,,,,,,True,32.4900016784668,-0.04693453995187591,-0.17933817748816017,0.34958502120219287,-0.20504031006666623
CMI,Cummins,Industrials,Construction Machinery & Heavy Transportation Equipment,S&P 500,NR (to derive from financials),NR,default - no public rating available; derive from leverage/margin post-SEC pull,0000026172,True,33670000000.0,Revenues,10-K,2025-12-31,2026-02-10,2957000000.0,ProfitLoss,10-K,2025-12-31,2026-02-10,33992000000.0,Assets,10-K,2025-12-31,2026-02-10,20584000000.0,Liabilities,10-K,2025-12-31,2026-02-10,12349000000.0,StockholdersEquity,10-K,2025-12-31,2026-02-10,2845000000.0,CashCashEquivalentsRestrictedCashAndRestrictedCashEquivalents,10-K,2025-12-31,2026-02-10,3621000000.0,NetCashProvidedByUsedInOperatingActivities,10-K,2025-12-31,2026-02-10,1235000000.0,PaymentsToAcquirePropertyPlantAndEquipment,10-K,2025-12-31,2026-02-10,329000000.0,InterestExpense,10-K,2025-12-31,2026-02-10,25154000000.0,CostOfRevenue,10-K,2025-12-31,2026-02-10,6958000000.0,PropertyPlantAndEquipmentNet,10-K,2025-12-31,2026-02-10,1105000000.0,DepreciationDepletionAndAmortization,10-K,2025-12-31,2026-02-10,3125000000.0,SellingGeneralAndAdministrativeExpense,10-K,2025-12-31,2026-02-10,16925000000.0,AssetsCurrent,10-K,2025-12-31,2026-02-10,9610000000.0,LiabilitiesCurrent,10-K,2025-12-31,2026-02-10,3440000000.0,AccountsNotesAndLoansReceivableNetCurrent,10-K,2020-12-31,2021-02-10,5822000000.0,InventoryNet,10-K,2025-12-31,2026-02-10,3800000000.0,AccountsPayableCurrent,10-K,2025-12-31,2026-02-10,1630000000.0,LongTermDebt,10-K,2013-12-31,2014-02-18,94000000.0,LongTermDebtCurrent,10-K,2025-12-31,2026-02-10,True,679.5499877929688,0.10291487589994008,0.13378325205020447,0.37699278892466903,-0.05058961310860777
CMS,CMS Energy,Utilities,Multi-Utilities,S&P 500,NR (to derive from financials),NR,default - no public rating available; derive from leverage/margin post-SEC pull,0000811156,True,8539000000.0,Revenues,10-K,2025-12-31,2026-02-10,1071000000.0,NetIncomeLoss,10-K,2025-12-31,2026-02-10,39941000000.0,Assets,10-K,2025-12-31,2026-02-10,,,,,,9144000000.0,StockholdersEquity,10-K,2025-12-31,2026-02-10,509000000.0,CashAndCashEquivalentsAtCarryingValue,10-K,2025-12-31,2026-02-10,2235000000.0,NetCashProvidedByUsedInOperatingActivities,10-K,2025-12-31,2026-02-10,2374000000.0,PaymentsToAcquirePropertyPlantAndEquipment,10-K,2022-12-31,2023-02-09,643000000.0,InterestExpense,10-K,2023-12-31,2024-02-08,,,,,,30680000000.0,PropertyPlantAndEquipmentNet,10-K,2025-12-31,2026-02-10,1306000000.0,DepreciationDepletionAndAmortization,10-K,2025-12-31,2026-02-10,,,,,,3472000000.0,AssetsCurrent,10-K,2025-12-31,2026-02-10,3548000000.0,LiabilitiesCurrent,10-K,2025-12-31,2026-02-10,1564000000.0,AccountsReceivableNetCurrent,10-K,2022-12-31,2023-02-09,,,,,,928000000.0,AccountsPayableCurrent,10-K,2022-12-31,2023-02-09,17807000000.0,LongTermDebtNoncurrent,10-K,2025-12-31,2026-02-10,950000000.0,LongTermDebtCurrent,10-K,2025-12-31,2026-02-10,True,72.61000061035156,-0.07818160033761101,0.012380175847578112,0.17667889845960216,-0.08463920476623199
CNC,Centene Corporation,Healthcare,Managed Health Care,S&P 500,NR (to derive from financials),NR,default - no public rating available; derive from leverage/margin post-SEC pull,0001071739,True,194777000000.0,Revenues,10-K,2025-12-31,2026-02-17,-6674000000.0,NetIncomeLoss,10-K,2025-12-31,2026-02-17,76747000000.0,Assets,10-K,2025-12-31,2026-02-17,56691000000.0,Liabilities,10-K,2025-12-31,2026-02-17,19953000000.0,StockholdersEquity,10-K,2025-12-31,2026-02-17,17888000000.0,CashAndCashEquivalentsAtCarryingValue,10-K,2025-12-31,2026-02-17,5088000000.0,NetCashProvidedByUsedInOperatingActivities,10-K,2025-12-31,2026-02-17,767000000.0,PaymentsToAcquirePropertyPlantAndEquipment,10-K,2025-12-31,2026-02-17,725000000.0,InterestExpense,10-K,2023-12-31,2024-02-20,2670000000.0,CostOfGoodsAndServicesSold,10-K,2025-12-31,2026-02-17,2037000000.0,PropertyPlantAndEquipmentNet,10-K,2025-12-31,2026-02-17,1275000000.0,DepreciationAndAmortization,10-K,2025-12-31,2026-02-17,12904000000.0,SellingGeneralAndAdministrativeExpense,10-K,2025-12-31,2026-02-17,40370000000.0,AssetsCurrent,10-K,2025-12-31,2026-02-17,36696000000.0,LiabilitiesCurrent,10-K,2025-12-31,2026-02-17,,,,,,,,,,,13774000000.0,AccountsPayableAndAccruedLiabilitiesCurrent,10-K,2025-12-31,2026-02-17,17493000000.0,LongTermDebt,10-K,2025-12-31,2026-02-17,50000000.0,LongTermDebtCurrent,10-K,2025-12-31,2026-02-17,True,55.959999084472656,0.5002681026564713,0.47108301097938843,0.5935754887376633,0.0
CNP,CenterPoint Energy,Utilities,Multi-Utilities,S&P 500,NR (to derive from financials),NR,default - no public rating available; derive from leverage/margin post-SEC pull,0001130310,True,9357000000.0,Revenues,10-K,2025-12-31,2026-02-19,1052000000.0,NetIncomeLoss,10-K,2025-12-31,2026-02-19,46534000000.0,Assets,10-K,2025-12-31,2026-02-19,,,,,,11153000000.0,StockholdersEquity,10-K,2025-12-31,2026-02-19,38000000.0,CashAndCashEquivalentsAtCarryingValue,10-K,2025-12-31,2026-02-19,2486000000.0,NetCashProvidedByUsedInOperatingActivities,10-K,2025-12-31,2026-02-19,4870000000.0,PaymentsToAcquirePropertyPlantAndEquipment,10-K,2025-12-31,2026-02-19,701000000.0,InterestAndDebtExpense,10-K,2023-12-31,2024-02-20,4000000.0,CostOfGoodsAndServicesSold,10-K,2025-12-31,2026-02-19,34056000000.0,PropertyPlantAndEquipmentNet,10-K,2025-12-31,2026-02-19,1530000000.0,DepreciationDepletionAndAmortization,10-K,2025-12-31,2026-02-19,,,,,,5701000000.0,AssetsCurrent,10-K,2025-12-31,2026-02-19,6260000000.0,LiabilitiesCurrent,10-K,2025-12-31,2026-02-19,806000000.0,AccountsReceivableNetCurrent,10-K,2025-12-31,2026-02-19,285000000.0,InventoryNet,10-K,2013-12-31,2014-02-26,1300000000.0,AccountsPayableCurrent,10-K,2025-12-31,2026-02-19,20566000000.0,LongTermDebt,10-K,2025-12-31,2026-02-19,500000000.0,ShortTermBorrowings,10-K,2025-12-31,2026-02-19,True,41.720001220703125,-0.03848808924721314,0.042238858682652314,0.18109440427796095,-0.05482551432732552
COF,Capital One,Financials,Consumer Finance,S&P 500,BBB / BB bucket,BBB,demo_bucket_to_refresh,0000927628,True,53434000000.0,Revenues,10-K,2025-12-31,2026-02-19,2453000000.0,NetIncomeLoss,10-K,2025-12-31,2026-02-19,669009000000.0,Assets,10-K,2025-12-31,2026-02-19,555393000000.0,Liabilities,10-K,2025-12-31,2026-02-19,113616000000.0,StockholdersEquity,10-K,2025-12-31,2026-02-19,62093000000.0,CashCashEquivalentsRestrictedCashAndRestrictedCashEquivalents,10-K,2025-12-31,2026-02-19,27718000000.0,NetCashProvidedByUsedInOperatingActivities,10-K,2025-12-31,2026-02-19,1578000000.0,PaymentsToAcquirePropertyPlantAndEquipment,10-K,2025-12-31,2026-02-19,12697000000.0,InterestExpense,10-K,2023-12-31,2024-02-23,,,,,,5602000000.0,PropertyPlantAndEquipmentNet,10-K,2025-12-31,2026-02-19,5260000000.0,DepreciationAndAmortization,10-K,2025-12-31,2026-02-19,,,,,,,,,,,,,,,,,,,,,,,,,,,,,,,31377000000.0,LongTermDebt,10-K,2014-12-31,2015-02-24,1087000000.0,ShortTermBorrowings,10-K,2025-12-31,2026-02-19,True,189.47999572753906,-0.018238364106015204,-0.1461438245200336,0.3638256109768927,-0.26259985052187296
COHR,Coherent Corp.,Technology,Electronic Components,S&P 500,NR (to derive from financials),NR,default - no public rating available; derive from leverage/margin post-SEC pull,0000820318,True,5810115000.0,RevenueFromContractWithCustomerExcludingAssessedTax,10-K,2025-06-30,2025-08-15,49364000.0,NetIncomeLoss,10-K,2025-06-30,2025-08-15,14910936000.0,Assets,10-K,2025-06-30,2025-08-15,6429653000.0,Liabilities,10-K,2025-06-30,2025-08-15,5644514000.0,StockholdersEquity,10-K,2025-06-30,2025-08-15,909200000.0,CashAndCashEquivalentsAtCarryingValue,10-K,2025-06-30,2025-08-15,633600000.0,NetCashProvidedByUsedInOperatingActivities,10-K,2025-06-30,2025-08-15,440836000.0,PaymentsToAcquirePropertyPlantAndEquipment,10-K,2025-06-30,2025-08-15,286872000.0,InterestExpense,10-K,2023-06-30,2023-08-18,3766793000.0,CostOfGoodsAndServicesSold,10-K,2025-06-30,2025-08-15,1877507000.0,PropertyPlantAndEquipmentAndFinanceLeaseRightOfUseAssetAfterAccumulatedDepreciationAndAmortization,10-K,2025-06-30,2025-08-15,553598000.0,DepreciationAndAmortization,10-K,2025-06-30,2025-08-15,926451000.0,SellingGeneralAndAdministrativeExpense,10-K,2025-06-30,2025-08-15,3927154000.0,AssetsCurrent,10-K,2025-06-30,2025-08-15,1794841000.0,LiabilitiesCurrent,10-K,2025-06-30,2025-08-15,964051000.0,AccountsReceivableNetCurrent,10-K,2025-06-30,2025-08-15,1437636000.0,InventoryNet,10-K,2025-06-30,2025-08-15,846984000.0,AccountsPayableCurrent,10-K,2025-06-30,2025-08-15,3686921000.0,LongTermDebt,10-K,2025-06-30,2025-08-15,188306000.0,LongTermDebtCurrent,10-K,2025-06-30,2025-08-15,True,335.260009765625,0.09027645452235777,0.38274354731530336,0.8150524167140413,-0.04339883984963344
COIN,Coinbase,Financials,Financial Exchanges & Data,S&P 500,NR (to derive from financials),NR,default - no public rating available; derive from leverage/margin post-SEC pull,0001679788,True,7181325000.0,Revenues,10-K,2025-12-31,2026-02-12,1260327000.0,NetIncomeLoss,10-K,2025-12-31,2026-02-12,29671832000.0,Assets,10-K,2025-12-31,2026-02-12,14878774000.0,Liabilities,10-K,2025-12-31,2026-02-12,14793058000.0,StockholdersEquity,10-K,2025-12-31,2026-02-12,11285452000.0,CashAndCashEquivalentsAtCarryingValue,10-K,2025-12-31,2026-02-12,2426383000.0,NetCashProvidedByUsedInOperatingActivities,10-K,2025-12-31,2026-02-12,2933000.0,PaymentsToAcquirePropertyPlantAndEquipment,10-K,2022-12-31,2023-02-21,82766000.0,InterestExpense,10-K,2023-12-31,2024-02-15,,,,,,264573000.0,PropertyPlantAndEquipmentNet,10-K,2025-12-31,2026-02-12,188428000.0,DepreciationDepletionAndAmortization,10-K,2025-12-31,2026-02-12,1619642000.0,GeneralAndAdministrativeExpense,10-K,2025-12-31,2026-02-12,20388445000.0,AssetsCurrent,10-K,2025-12-31,2026-02-12,8701282000.0,LiabilitiesCurrent,10-K,2025-12-31,2026-02-12,307119000.0,AccountsReceivableNetCurrent,10-K,2025-12-31,2026-02-12,,,,,,117605000.0,AccountsPayableCurrent,10-K,2025-12-31,2026-02-12,7206619000.0,LongTermDebt,10-K,2025-12-31,2026-02-12,452105000.0,ShortTermBorrowings,10-K,2025-12-31,2026-02-12,True,201.16000366210938,0.1984509761533817,0.20275039558809782,0.7897743612288991,-0.36728208002933405
COO,Cooper Companies (The),Healthcare,Health Care Supplies,S&P 500,NR (to derive from financials),NR,default - no public rating available; derive from leverage/margin post-SEC pull,0000711404,True,4092400000.0,RevenueFromContractWithCustomerExcludingAssessedTax,10-K,2025-10-31,2025-12-05,374900000.0,NetIncomeLoss,10-K,2025-10-31,2025-12-05,12394800000.0,Assets,10-K,2025-10-31,2025-12-05,4155700000.0,Liabilities,10-K,2025-10-31,2025-12-05,8238900000.0,StockholdersEquity,10-K,2025-10-31,2025-12-05,110600000.0,CashAndCashEquivalentsAtCarryingValue,10-K,2025-10-31,2025-12-05,796100000.0,NetCashProvidedByUsedInOperatingActivities,10-K,2025-10-31,2025-12-05,362400000.0,PaymentsToAcquirePropertyPlantAndEquipment,10-K,2025-10-31,2025-12-05,105300000.0,InterestExpense,10-K,2023-10-31,2023-12-08,1410300000.0,CostOfGoodsAndServicesSold,10-K,2025-10-31,2025-12-05,2079900000.0,PropertyPlantAndEquipmentNet,10-K,2025-10-31,2025-12-05,377400000.0,DepreciationDepletionAndAmortization,10-K,2025-10-31,2025-12-05,1627800000.0,SellingGeneralAndAdministrativeExpense,10-K,2025-10-31,2025-12-05,2106400000.0,AssetsCurrent,10-K,2025-10-31,2025-12-05,1112800000.0,LiabilitiesCurrent,10-K,2025-10-31,2025-12-05,829000000.0,AccountsReceivableNetCurrent,10-K,2025-10-31,2025-12-05,846000000.0,InventoryNet,10-K,2025-10-31,2025-12-05,300400000.0,AccountsPayableCurrent,10-K,2025-10-31,2025-12-05,2455700000.0,LongTermDebtNoncurrent,10-K,2025-10-31,2025-12-05,47100000.0,ShortTermBorrowings,10-K,2025-10-31,2025-12-05,True,60.0,-0.15742169960113084,-0.26362300530153004,0.2387550580832599,-0.2884250448629573
COP,ConocoPhillips,Energy,Oil & Gas Exploration & Production,S&P 500,A bucket,A,demo_bucket_to_refresh,0001163165,True,58944000000.0,Revenues,10-K,2025-12-31,2026-02-17,7988000000.0,NetIncomeLoss,10-K,2025-12-31,2026-02-17,121939000000.0,Assets,10-K,2025-12-31,2026-02-17,57452000000.0,Liabilities,10-K,2025-12-31,2026-02-17,64487000000.0,StockholdersEquity,10-K,2025-12-31,2026-02-17,6497000000.0,CashAndCashEquivalentsAtCarryingValue,10-K,2025-12-31,2026-02-17,19796000000.0,NetCashProvidedByUsedInOperatingActivities,10-K,2025-12-31,2026-02-17,10159000000.0,PaymentsToAcquireProductiveAssets,10-K,2022-12-31,2023-02-16,855000000.0,InterestAndDebtExpense,10-K,2025-12-31,2026-02-17,22325000000.0,CostOfGoodsAndServicesSold,10-K,2025-12-31,2026-02-17,93239000000.0,PropertyPlantAndEquipmentAndFinanceLeaseRightOfUseAssetAfterAccumulatedDepreciationAndAmortization,10-K,2025-12-31,2026-02-17,11500000000.0,DepreciationDepletionAndAmortization,10-K,2025-12-31,2026-02-17,893000000.0,SellingGeneralAndAdministrativeExpense,10-K,2025-12-31,2026-02-17,15532000000.0,AssetsCurrent,10-K,2025-12-31,2026-02-17,11972000000.0,LiabilitiesCurrent,10-K,2025-12-31,2026-02-17,3401000000.0,ReceivablesNetCurrent,10-K,2019-12-31,2020-02-18,1873000000.0,InventoryNet,10-K,2025-12-31,2026-02-17,6218000000.0,AccountsPayableCurrent,10-K,2025-12-31,2026-02-17,16147000000.0,LongTermDebt,10-K,2018-12-31,2019-02-19,,,,,,True,113.87000274658203,-0.07082823410057248,0.05571442374631008,0.32206245772634223,-0.14895366106580932
COR,Cencora,Healthcare,Health Care Distributors,S&P 500,NR (to derive from financials),NR,default - no public rating available; derive from leverage/margin post-SEC pull,0001140859,True,321332819000.0,Revenues,10-K,2025-09-30,2025-11-25,1554169000.0,NetIncomeLoss,10-K,2025-09-30,2025-11-25,76590112000.0,Assets,10-K,2025-09-30,2025-11-25,,,,,,1508019000.0,StockholdersEquity,10-K,2025-09-30,2025-11-25,4356138000.0,CashAndCashEquivalentsAtCarryingValue,10-K,2025-09-30,2025-11-25,3875120000.0,NetCashProvidedByUsedInOperatingActivities,10-K,2025-09-30,2025-11-25,667981000.0,PaymentsToAcquirePropertyPlantAndEquipment,10-K,2025-09-30,2025-11-25,,,,,,309854280000.0,CostOfGoodsAndServicesSold,10-K,2025-09-30,2025-11-25,2539076000.0,PropertyPlantAndEquipmentNet,10-K,2025-09-30,2025-11-25,1051075000.0,DepreciationDepletionAndAmortization,10-K,2025-09-30,2025-11-25,6493842000.0,SellingGeneralAndAdministrativeExpense,10-K,2025-09-30,2025-11-25,52239073000.0,AssetsCurrent,10-K,2025-09-30,2025-11-25,57820539000.0,LiabilitiesCurrent,10-K,2025-09-30,2025-11-25,25225299000.0,AccountsReceivableNetCurrent,10-K,2025-09-30,2025-11-25,20492480000.0,InventoryNet,10-K,2025-09-30,2025-11-25,54719761000.0,AccountsPayableCurrent,10-K,2025-09-30,2025-11-25,7660773000.0,LongTermDebt,10-K,2025-09-30,2025-11-25,13976000.0,LongTermDebtCurrent,10-K,2018-09-30,2018-11-20,True,261.0799865722656,-0.18621039644694048,-0.28007547743948935,0.416567499305109,-0.30212954410542414
COST,Costco,Industrials,,Nasdaq 100; S&P 500,A / AA bucket,AA,demo_bucket_to_refresh,0000909832,True,275235000000.0,Revenues,10-K,2025-08-31,2025-10-08,8099000000.0,NetIncomeLoss,10-K,2025-08-31,2025-10-08,77099000000.0,Assets,10-K,2025-08-31,2025-10-08,47935000000.0,Liabilities,10-K,2025-08-31,2025-10-08,29164000000.0,StockholdersEquity,10-K,2025-08-31,2025-10-08,14161000000.0,CashAndCashEquivalentsAtCarryingValue,10-K,2025-08-31,2025-10-08,13335000000.0,NetCashProvidedByUsedInOperatingActivities,10-K,2025-08-31,2025-10-08,5498000000.0,PaymentsToAcquirePropertyPlantAndEquipment,10-K,2025-08-31,2025-10-08,154000000.0,InterestExpense,10-K,2025-08-31,2025-10-08,239886000000.0,CostOfGoodsAndServicesSold,10-K,2025-08-31,2025-10-08,31909000000.0,PropertyPlantAndEquipmentNet,10-K,2025-08-31,2025-10-08,2426000000.0,DepreciationDepletionAndAmortization,10-K,2025-08-31,2025-10-08,24966000000.0,SellingGeneralAndAdministrativeExpense,10-K,2025-08-31,2025-10-08,38380000000.0,AssetsCurrent,10-K,2025-08-31,2025-10-08,37108000000.0,LiabilitiesCurrent,10-K,2025-08-31,2025-10-08,3203000000.0,ReceivablesNetCurrent,10-K,2025-08-31,2025-10-08,18116000000.0,InventoryNet,10-K,2025-08-31,2025-10-08,19783000000.0,AccountsPayableCurrent,10-K,2025-08-31,2025-10-08,5713000000.0,LongTermDebtNoncurrent,10-K,2025-08-31,2025-10-08,75000000.0,LongTermDebtCurrent,10-K,2025-08-31,2025-10-08,True,1008.7899780273438,0.011801854752082175,0.012694327550560658,0.18489166112527322,-0.021100396345002603
CPAY,Corpay,Financials,Transaction & Payment Processing Services,S&P 500,BB+ shown,BB+,screenshot,0001175454,True,4528403000.0,Revenues,10-K,2025-12-31,2026-02-27,1069826000.0,NetIncomeLoss,10-K,2025-12-31,2026-02-27,26408135000.0,Assets,10-K,2025-12-31,2026-02-27,,,,,,3883864000.0,StockholdersEquity,10-K,2025-12-31,2026-02-27,2408097000.0,CashAndCashEquivalentsAtCarryingValue,10-K,2025-12-31,2026-02-27,1499901000.0,NetCashProvidedByUsedInOperatingActivities,10-K,2025-12-31,2026-02-27,200756000.0,PaymentsToAcquirePropertyPlantAndEquipment,10-K,2025-12-31,2026-02-27,13017000.0,InterestExpense,10-K,2012-12-31,2013-03-01,96800000.0,CostOfGoodsSold,10-K,2017-12-31,2018-03-01,472310000.0,PropertyPlantAndEquipmentNet,10-K,2025-12-31,2026-02-27,393303000.0,DepreciationAndAmortization,10-K,2025-12-31,2026-02-27,733028000.0,GeneralAndAdministrativeExpense,10-K,2025-12-31,2026-02-27,13963240000.0,AssetsCurrent,10-K,2025-12-31,2026-02-27,14296677000.0,LiabilitiesCurrent,10-K,2025-12-31,2026-02-27,2145679000.0,AccountsReceivableNetCurrent,10-K,2025-12-31,2026-02-27,,,,,,1564548000.0,AccountsPayableCurrent,10-K,2025-12-31,2026-02-27,10001687000.0,LongTermDebt,10-K,2025-12-31,2026-02-27,3345530000.0,LongTermDebtCurrent,10-K,2025-12-31,2026-02-27,True,343.989990234375,0.13591785981302484,-0.03349165043152569,0.44286513140651057,-0.034766301360009466
CPB,Campbell's Company (The),Consumer Staples,Packaged Foods & Meats,S&P 500,NR (to derive from financials),NR,default - no public rating available; derive from leverage/margin post-SEC pull,0000016732,True,10253000000.0,Revenues,10-K,2025-08-03,2025-09-18,602000000.0,NetIncomeLoss,10-K,2025-08-03,2025-09-18,14896000000.0,Assets,10-K,2025-08-03,2025-09-18,10992000000.0,Liabilities,10-K,2025-08-03,2025-09-18,3902000000.0,StockholdersEquity,10-K,2025-08-03,2025-09-18,132000000.0,CashAndCashEquivalentsAtCarryingValue,10-K,2025-08-03,2025-09-18,1131000000.0,NetCashProvidedByUsedInOperatingActivities,10-K,2025-08-03,2025-09-18,426000000.0,PaymentsToAcquirePropertyPlantAndEquipment,10-K,2025-08-03,2025-09-18,345000000.0,InterestExpense,10-K,2025-08-03,2025-09-18,7134000000.0,CostOfGoodsAndServicesSold,10-K,2025-08-03,2025-09-18,2767000000.0,PropertyPlantAndEquipmentNet,10-K,2025-08-03,2025-09-18,434000000.0,DepreciationDepletionAndAmortization,10-K,2025-08-03,2025-09-18,674000000.0,GeneralAndAdministrativeExpense,10-K,2025-08-03,2025-09-18,2232000000.0,AssetsCurrent,10-K,2025-08-03,2025-09-18,2906000000.0,LiabilitiesCurrent,10-K,2025-08-03,2025-09-18,541000000.0,AccountsReceivableNetCurrent,10-K,2025-08-03,2025-09-18,1424000000.0,InventoryNet,10-K,2025-08-03,2025-09-18,1332000000.0,AccountsPayableCurrent,10-K,2025-08-03,2025-09-18,8595000000.0,LongTermDebt,10-K,2018-07-29,2018-09-27,400000000.0,LongTermDebtCurrent,10-K,2025-08-03,2025-09-18,True,20.84000015258789,0.020068518907865096,-0.2668647296910752,0.32712095118866674,-0.31998267805098946
CPRT,Copart,Industrials,,Nasdaq 100; S&P 500,NR (to derive from financials),NR,default - no public rating available; derive from leverage/margin post-SEC pull,0000900075,True,525659000.0,Revenues,10-K,2020-07-31,2020-09-28,1552449000.0,NetIncomeLoss,10-K,2025-07-31,2025-09-26,10090902000.0,Assets,10-K,2025-07-31,2025-09-26,883411000.0,Liabilities,10-K,2025-07-31,2025-09-26,9187033000.0,StockholdersEquityIncludingPortionAttributableToNoncontrollingInterest,10-K,2025-07-31,2025-09-26,2780531000.0,CashCashEquivalentsRestrictedCashAndRestrictedCashEquivalents,10-K,2025-07-31,2025-09-26,1799750000.0,NetCashProvidedByUsedInOperatingActivities,10-K,2025-07-31,2025-09-26,568990000.0,PaymentsToAcquirePropertyPlantAndEquipment,10-K,2025-07-31,2025-09-26,20230000.0,InterestExpense,10-K,2020-07-31,2020-09-28,255504000.0,CostOfGoodsAndServicesSold,10-K,2019-07-31,2019-09-30,3598093000.0,PropertyPlantAndEquipmentNet,10-K,2025-07-31,2025-09-26,215849000.0,DepreciationDepletionAndAmortization,10-K,2025-07-31,2025-09-26,402929000.0,GeneralAndAdministrativeExpense,10-K,2025-07-31,2025-09-26,5754628000.0,AssetsCurrent,10-K,2025-07-31,2025-09-26,683281000.0,LiabilitiesCurrent,10-K,2025-07-31,2025-09-26,762811000.0,AccountsReceivableNetCurrent,10-K,2025-07-31,2025-09-26,39661000.0,InventoryNet,10-K,2025-07-31,2025-09-26,591831000.0,AccountsPayableAndAccruedLiabilitiesCurrent,10-K,2025-07-31,2025-09-26,11006000.0,LongTermDebt,10-K,2023-07-31,2023-09-28,75387000.0,ShortTermBorrowings,10-Q,2011-10-31,2011-12-12,True,33.939998626708984,0.036019547180506484,-0.15781639530411706,0.2709175745839684,-0.18452668193828792
CPT,Camden Property Trust,Real Estate,Multi-Family Residential REITs,S&P 500,NR (to derive from financials),NR,default - no public rating available; derive from leverage/margin post-SEC pull,0000906345,True,12967000.0,RevenueFromContractWithCustomerExcludingAssessedTax,10-K,2025-12-31,2026-02-12,384462000.0,NetIncomeLoss,10-K,2025-12-31,2026-02-12,9042989000.0,Assets,10-K,2025-12-31,2026-02-12,4604736000.0,Liabilities,10-K,2025-12-31,2026-02-12,4362523000.0,StockholdersEquity,10-K,2025-12-31,2026-02-12,25203000.0,CashAndCashEquivalentsAtCarryingValue,10-K,2025-12-31,2026-02-12,826621000.0,NetCashProvidedByUsedInOperatingActivities,10-K,2025-12-31,2026-02-12,,,,,,138239000.0,InterestExpense,10-K,2025-12-31,2026-02-12,566710000.0,CostOfGoodsAndServicesSold,10-K,2025-12-31,2026-02-12,,,,,,611025000.0,DepreciationDepletionAndAmortization,10-K,2025-12-31,2026-02-12,79344000.0,GeneralAndAdministrativeExpense,10-K,2025-12-31,2026-02-12,,,,,,,,,,,,,,,,,,,,,,,,,,3900800000.0,LongTermDebt,10-K,2025-12-31,2026-02-12,,,,,,True,103.7699966430664,0.017851885721469785,-0.02756245454213324,0.2063835834068608,-0.058035759116120245
CRH,CRH plc,Materials,Construction Materials,S&P 500,NR (to derive from financials),NR,default - no public rating available; derive from leverage/margin post-SEC pull,0000849395,True,37447000000.0,RevenueFromContractWithCustomerExcludingAssessedTax,10-K,2025-12-31,2026-02-18,3753000000.0,NetIncomeLoss,10-K,2025-12-31,2026-02-18,58329000000.0,Assets,10-K,2025-12-31,2026-02-18,32851000000.0,Liabilities,10-K,2025-12-31,2026-02-18,24004000000.0,StockholdersEquity,10-K,2025-12-31,2026-02-18,4096000000.0,CashAndCashEquivalentsAtCarryingValue,10-K,2025-12-31,2026-02-18,5625000000.0,NetCashProvidedByUsedInOperatingActivities,10-K,2025-12-31,2026-02-18,2713000000.0,PaymentsToAcquirePropertyPlantAndEquipment,10-K,2025-12-31,2026-02-18,376000000.0,InterestExpense,10-K,2023-12-31,2024-02-29,23919000000.0,CostOfGoodsAndServicesSold,10-K,2025-12-31,2026-02-18,24937000000.0,PropertyPlantAndEquipmentNet,10-K,2025-12-31,2026-02-18,2156000000.0,DepreciationDepletionAndAmortization,10-K,2025-12-31,2026-02-18,8283000000.0,SellingGeneralAndAdministrativeExpense,10-K,2025-12-31,2026-02-18,15254000000.0,AssetsCurrent,10-K,2025-12-31,2026-02-18,8754000000.0,LiabilitiesCurrent,10-K,2025-12-31,2026-02-18,,,,,,5251000000.0,InventoryNet,10-K,2025-12-31,2026-02-18,3263000000.0,AccountsPayableCurrent,10-K,2025-12-31,2026-02-18,17533000000.0,LongTermDebt,10-K,2025-12-31,2026-02-18,120000000.0,ShortTermBorrowings,10-K,2025-12-31,2026-02-18,True,113.76000213623047,-0.035032634445671285,-0.0999625637086966,0.35686247124962206,-0.13106448272385618
CRL,Charles River Laboratories,Healthcare,Life Sciences Tools & Services,S&P 500,NR (to derive from financials),NR,default - no public rating available; derive from leverage/margin post-SEC pull,0001100682,True,4015382000.0,RevenueFromContractWithCustomerExcludingAssessedTax,10-K,2025-12-27,2026-02-18,-144338000.0,NetIncomeLoss,10-K,2025-12-27,2026-02-18,7135422000.0,Assets,10-K,2025-12-27,2026-02-18,3924228000.0,Liabilities,10-K,2025-12-27,2026-02-18,3164630000.0,StockholdersEquity,10-K,2025-12-27,2026-02-18,213770000.0,CashAndCashEquivalentsAtCarryingValue,10-K,2025-12-27,2026-02-18,737646000.0,NetCashProvidedByUsedInOperatingActivities,10-K,2025-12-27,2026-02-18,219152000.0,PaymentsToAcquireProductiveAssets,10-K,2025-12-27,2026-02-18,136710000.0,InterestExpense,10-K,2023-12-30,2024-02-14,289669000.0,CostOfGoodsSold,10-K,2017-12-30,2018-02-13,1655219000.0,PropertyPlantAndEquipmentNet,10-K,2025-12-27,2026-02-18,403312000.0,DepreciationDepletionAndAmortization,10-K,2025-12-27,2026-02-18,743073000.0,SellingGeneralAndAdministrativeExpense,10-K,2025-12-27,2026-02-18,1447049000.0,AssetsCurrent,10-K,2025-12-27,2026-02-18,1120315000.0,LiabilitiesCurrent,10-K,2025-12-27,2026-02-18,708856000.0,AccountsReceivableNetCurrent,10-K,2025-12-27,2026-02-18,299103000.0,InventoryNet,10-K,2025-12-27,2026-02-18,148800000.0,AccountsPayableCurrent,10-K,2025-12-27,2026-02-18,1610546000.0,LongTermDebt,10-K,2018-12-29,2019-02-13,166000.0,LongTermDebtCurrent,10-K,2025-12-27,2026-02-18,True,177.6199951171875,0.011215492679516492,-0.043511049886052144,0.5234221458261494,-0.21673946390290844
CRM,Salesforce,Technology,,Dow; S&P 500,A- shown,A-,screenshot,0001108524,True,41525000000.0,RevenueFromContractWithCustomerExcludingAssessedTax,10-K,2026-01-31,2026-03-02,7457000000.0,NetIncomeLoss,10-K,2026-01-31,2026-03-02,112305000000.0,Assets,10-K,2026-01-31,2026-03-02,53163000000.0,Liabilities,10-K,2026-01-31,2026-03-02,59142000000.0,StockholdersEquity,10-K,2026-01-31,2026-03-02,7327000000.0,CashAndCashEquivalentsAtCarryingValue,10-K,2026-01-31,2026-03-02,14996000000.0,NetCashProvidedByUsedInOperatingActivities,10-K,2026-01-31,2026-03-02,594000000.0,PaymentsToAcquirePropertyPlantAndEquipment,10-K,2026-01-31,2026-03-02,154000000.0,InterestExpense,10-K,2019-01-31,2019-03-08,9270000000.0,CostOfGoodsAndServicesSold,10-K,2026-01-31,2026-03-02,3120000000.0,PropertyPlantAndEquipmentAndFinanceLeaseRightOfUseAssetAfterAccumulatedDepreciationAndAmortization,10-K,2026-01-31,2026-03-02,1200000000.0,DepreciationDepletionAndAmortization,10-K,2026-01-31,2026-03-02,3000000000.0,GeneralAndAdministrativeExpense,10-K,2026-01-31,2026-03-02,28222000000.0,AssetsCurrent,10-K,2026-01-31,2026-03-02,37118000000.0,LiabilitiesCurrent,10-K,2026-01-31,2026-03-02,14339000000.0,AccountsReceivableNetCurrent,10-K,2026-01-31,2026-03-02,,,,,,165000000.0,AccountsPayableCurrent,10-K,2019-01-31,2019-03-08,14439000000.0,LongTermDebt,10-K,2026-01-31,2026-03-02,4000000000.0,LongTermDebtCurrent,10-K,2026-01-31,2026-03-02,True,181.82000732421875,0.10220659507850427,-0.0605847719376198,0.426910878154347,-0.3153486283306909
CRWD,CrowdStrike,Industrials,,Nasdaq 100; S&P 500,NR (to derive from financials),NR,default - no public rating available; derive from leverage/margin post-SEC pull,0001535527,True,,,,,,-162502000.0,NetIncomeLoss,10-K,2026-01-31,2026-03-05,11086684000.0,Assets,10-K,2026-01-31,2026-03-05,6614079000.0,Liabilities,10-K,2026-01-31,2026-03-05,4428390000.0,StockholdersEquity,10-K,2026-01-31,2026-03-05,5230125000.0,CashAndCashEquivalentsAtCarryingValue,10-K,2026-01-31,2026-03-05,1612349000.0,NetCashProvidedByUsedInOperatingActivities,10-K,2026-01-31,2026-03-05,302108000.0,PaymentsToAcquirePropertyPlantAndEquipment,10-K,2026-01-31,2026-03-05,25756000.0,InterestExpense,10-K,2024-01-31,2024-03-07,1218929000.0,CostOfGoodsAndServicesSold,10-K,2026-01-31,2026-03-05,976331000.0,PropertyPlantAndEquipmentNet,10-K,2026-01-31,2026-03-05,,,,,,670344000.0,GeneralAndAdministrativeExpense,10-K,2026-01-31,2026-03-05,7419119000.0,AssetsCurrent,10-K,2026-01-31,2026-03-05,4184192000.0,LiabilitiesCurrent,10-K,2026-01-31,2026-03-05,1361844000.0,AccountsReceivableNetCurrent,10-K,2026-01-31,2026-03-05,,,,,,105319000.0,AccountsPayableCurrent,10-K,2026-01-31,2026-03-05,745471000.0,LongTermDebtNoncurrent,10-K,2026-01-31,2026-03-05,,,,,,True,527.77001953125,0.3924595927108543,0.2934271357685918,0.5507126700866685,-0.05337830825571244
CSCO,Cisco,Technology,,Dow; Nasdaq 100; S&P 500,NR (to derive from financials),NR,default - no public rating available; derive from leverage/margin post-SEC pull,0000858877,True,56654000000.0,RevenueFromContractWithCustomerExcludingAssessedTax,10-K,2025-07-26,2025-09-03,10180000000.0,NetIncomeLoss,10-K,2025-07-26,2025-09-03,122291000000.0,Assets,10-K,2025-07-26,2025-09-03,75448000000.0,Liabilities,10-K,2025-07-26,2025-09-03,46843000000.0,StockholdersEquity,10-K,2025-07-26,2025-09-03,8346000000.0,CashAndCashEquivalentsAtCarryingValue,10-K,2025-07-26,2025-09-03,14193000000.0,NetCashProvidedByUsedInOperatingActivities,10-K,2025-07-26,2025-09-03,905000000.0,PaymentsToAcquirePropertyPlantAndEquipment,10-K,2025-07-26,2025-09-03,427000000.0,InterestExpense,10-K,2023-07-29,2023-09-07,19864000000.0,CostOfGoodsAndServicesSold,10-K,2025-07-26,2025-09-03,2113000000.0,PropertyPlantAndEquipmentNet,10-K,2025-07-26,2025-09-03,700000000.0,DepreciationDepletionAndAmortization,10-K,2025-07-26,2025-09-03,2992000000.0,GeneralAndAdministrativeExpense,10-K,2025-07-26,2025-09-03,34986000000.0,AssetsCurrent,10-K,2025-07-26,2025-09-03,35064000000.0,LiabilitiesCurrent,10-K,2025-07-26,2025-09-03,6701000000.0,AccountsReceivableNetCurrent,10-K,2025-07-26,2025-09-03,3164000000.0,InventoryNet,10-K,2025-07-26,2025-09-03,2528000000.0,AccountsPayableCurrent,10-K,2025-07-26,2025-09-03,24611000000.0,LongTermDebt,10-K,2025-07-26,2025-09-03,1750000000.0,LongTermDebtCurrent,10-K,2025-07-26,2025-09-03,True,96.56999969482422,0.1745317229514678,0.11884398706422972,0.3693455893659085,0.0
CSGP,CoStar Group,Industrials,,Nasdaq 100; S&P 500,NR (to derive from financials),NR,default - no public rating available; derive from leverage/margin post-SEC pull,0001057352,True,3247000000.0,RevenueFromContractWithCustomerExcludingAssessedTax,10-K,2025-12-31,2026-02-26,7000000.0,NetIncomeLoss,10-K,2025-12-31,2026-02-26,10538000000.0,Assets,10-K,2025-12-31,2026-02-26,2167000000.0,Liabilities,10-K,2025-12-31,2026-02-26,8334000000.0,StockholdersEquity,10-K,2025-12-31,2026-02-26,1633000000.0,CashAndCashEquivalentsAtCarryingValue,10-K,2025-12-31,2026-02-26,430000000.0,NetCashProvidedByUsedInOperatingActivities,10-K,2025-12-31,2026-02-26,307000000.0,PaymentsToAcquirePropertyPlantAndEquipment,10-K,2025-12-31,2026-02-26,2615000.0,InterestExpense,10-K,2019-12-31,2020-02-26,686000000.0,CostOfGoodsAndServicesSold,10-K,2025-12-31,2026-02-26,1323000000.0,PropertyPlantAndEquipmentNet,10-K,2025-12-31,2026-02-26,263000000.0,DepreciationDepletionAndAmortization,10-K,2025-12-31,2026-02-26,549000000.0,GeneralAndAdministrativeExpense,10-K,2025-12-31,2026-02-26,2119000000.0,AssetsCurrent,10-K,2025-12-31,2026-02-26,746000000.0,LiabilitiesCurrent,10-K,2025-12-31,2026-02-26,234000000.0,AccountsReceivableNetCurrent,10-K,2025-12-31,2026-02-26,6000000.0,InventoryNet,10-K,2025-12-31,2026-02-26,42000000.0,AccountsPayableCurrent,10-K,2025-12-31,2026-02-26,140000000.0,LongTermDebt,10-K,2025-12-31,2026-02-26,0.0,LongTermDebtCurrent,10-K,2017-12-31,2018-02-23,True,32.77000045776367,-0.10169953758297723,-0.3569466042681193,0.4569255993026847,-0.5264450592060888
CSX,CSX Corporation,Industrials,,Nasdaq 100; S&P 500,BBB+ / A- bucket,A-,demo_bucket_to_refresh,0000277948,True,14092000000.0,RevenueFromContractWithCustomerExcludingAssessedTax,10-K,2025-12-31,2026-02-12,2889000000.0,NetIncomeLoss,10-K,2025-12-31,2026-02-12,43682000000.0,Assets,10-K,2025-12-31,2026-02-12,30522000000.0,Liabilities,10-K,2025-12-31,2026-02-12,13160000000.0,StockholdersEquityIncludingPortionAttributableToNoncontrollingInterest,10-K,2025-12-31,2026-02-12,670000000.0,CashCashEquivalentsRestrictedCashAndRestrictedCashEquivalents,10-K,2025-12-31,2026-02-12,4613000000.0,NetCashProvidedByUsedInOperatingActivities,10-K,2025-12-31,2026-02-12,2902000000.0,PaymentsToAcquirePropertyPlantAndEquipment,10-K,2025-12-31,2026-02-12,546000000.0,InterestExpense,10-K,2017-12-31,2018-02-07,,,,,,36811000000.0,PropertyPlantAndEquipmentNet,10-K,2025-12-31,2026-02-12,1680000000.0,DepreciationDepletionAndAmortization,10-K,2025-12-31,2026-02-12,,,,,,2550000000.0,AssetsCurrent,10-K,2025-12-31,2026-02-12,3133000000.0,LiabilitiesCurrent,10-K,2025-12-31,2026-02-12,1298000000.0,AccountsReceivableNetCurrent,10-K,2025-12-31,2026-02-12,,,,,,1149000000.0,AccountsPayableCurrent,10-K,2025-12-31,2026-02-12,9832000000.0,LongTermDebt,10-K,2012-12-28,2013-02-19,,,,,,True,44.83000183105469,0.0613162890547001,0.10455902665773387,0.2546061340307758,-0.029233401152008787
CTAS,Cintas,Industrials,,Nasdaq 100; S&P 500,NR (to derive from financials),NR,default - no public rating available; derive from leverage/margin post-SEC pull,0000723254,True,10340181000.0,RevenueFromContractWithCustomerExcludingAssessedTax,10-K,2025-05-31,2025-07-28,1812281000.0,NetIncomeLoss,10-K,2025-05-31,2025-07-28,9825241000.0,Assets,10-K,2025-05-31,2025-07-28,,,,,,4684481000.0,StockholdersEquity,10-K,2025-05-31,2025-07-28,263973000.0,CashAndCashEquivalentsAtCarryingValue,10-K,2025-05-31,2025-07-28,2165905000.0,NetCashProvidedByUsedInOperatingActivities,10-K,2025-05-31,2025-07-28,408884000.0,PaymentsToAcquirePropertyPlantAndEquipment,10-K,2025-05-31,2025-07-28,111232000.0,InterestExpense,10-K,2023-05-31,2023-07-27,5166017000.0,CostOfRevenue,10-K,2025-05-31,2025-07-28,1652474000.0,PropertyPlantAndEquipmentNet,10-K,2025-05-31,2025-07-28,494183000.0,DepreciationDepletionAndAmortization,10-K,2025-05-31,2025-07-28,2814438000.0,SellingGeneralAndAdministrativeExpense,10-K,2025-05-31,2025-07-28,3436169000.0,AssetsCurrent,10-K,2025-05-31,2025-07-28,1644502000.0,LiabilitiesCurrent,10-K,2025-05-31,2025-07-28,1417381000.0,AccountsReceivableNetCurrent,10-K,2025-05-31,2025-07-28,447408000.0,InventoryNet,10-K,2025-05-31,2025-07-28,485109000.0,AccountsPayableCurrent,10-K,2025-05-31,2025-07-28,2424999000.0,LongTermDebt,10-K,2025-05-31,2025-07-28,0.0,LongTermDebtCurrent,10-K,2025-05-31,2025-07-28,True,166.97000122070312,-0.04550386890961189,-0.14071661381026124,0.22879462936594774,-0.18364053088918164
CTSH,Cognizant,Industrials,,Nasdaq 100; S&P 500,NR (to derive from financials),NR,default - no public rating available; derive from leverage/margin post-SEC pull,0001058290,True,21108000000.0,Revenues,10-K,2025-12-31,2026-02-12,2230000000.0,NetIncomeLoss,10-K,2025-12-31,2026-02-12,20692000000.0,Assets,10-K,2025-12-31,2026-02-12,5677000000.0,Liabilities,10-K,2025-12-31,2026-02-12,15015000000.0,StockholdersEquity,10-K,2025-12-31,2026-02-12,1901000000.0,CashAndCashEquivalentsAtCarryingValue,10-K,2025-12-31,2026-02-12,2883000000.0,NetCashProvidedByUsedInOperatingActivities,10-K,2025-12-31,2026-02-12,288000000.0,PaymentsToAcquirePropertyPlantAndEquipment,10-K,2025-12-31,2026-02-12,41000000.0,InterestExpense,10-K,2023-12-31,2024-02-14,,,,,,933000000.0,PropertyPlantAndEquipmentNet,10-K,2025-12-31,2026-02-12,550000000.0,DepreciationDepletionAndAmortization,10-K,2025-12-31,2026-02-12,3240000000.0,SellingGeneralAndAdministrativeExpense,10-K,2025-12-31,2026-02-12,7818000000.0,AssetsCurrent,10-K,2025-12-31,2026-02-12,3659000000.0,LiabilitiesCurrent,10-K,2025-12-31,2026-02-12,4439000000.0,AccountsReceivableNetCurrent,10-K,2025-12-31,2026-02-12,,,,,,308000000.0,AccountsPayableCurrent,10-K,2025-12-31,2026-02-12,543000000.0,LongTermDebtNoncurrent,10-K,2025-12-31,2026-02-12,33000000.0,ShortTermBorrowings,10-K,2025-12-31,2026-02-12,True,51.68000030517578,-0.10773477315327684,-0.30371335008006406,0.3621646515950235,-0.40088832810561936
CTVA,Corteva,Materials,Fertilizers & Agricultural Chemicals,S&P 500,NR (to derive from financials),NR,default - no public rating available; derive from leverage/margin post-SEC pull,0001755672,True,17401000000.0,Revenues,10-K,2025-12-31,2026-02-12,1094000000.0,NetIncomeLoss,10-K,2025-12-31,2026-02-12,42845000000.0,Assets,10-K,2025-12-31,2026-02-12,,,,,,24144000000.0,StockholdersEquity,10-K,2025-12-31,2026-02-12,4521000000.0,CashAndCashEquivalentsAtCarryingValue,10-K,2025-12-31,2026-02-12,3406000000.0,NetCashProvidedByUsedInOperatingActivities,10-K,2025-12-31,2026-02-12,591000000.0,PaymentsToAcquireProductiveAssets,10-K,2025-12-31,2026-02-12,180000000.0,InterestAndDebtExpense,10-K,2025-12-31,2026-02-12,9172000000.0,CostOfGoodsAndServicesSold,10-K,2025-12-31,2026-02-12,4220000000.0,PropertyPlantAndEquipmentNet,10-K,2025-12-31,2026-02-12,1203000000.0,DepreciationDepletionAndAmortization,10-K,2025-12-31,2026-02-12,3492000000.0,SellingGeneralAndAdministrativeExpense,10-K,2025-12-31,2026-02-12,17335000000.0,AssetsCurrent,10-K,2025-12-31,2026-02-12,12125000000.0,LiabilitiesCurrent,10-K,2025-12-31,2026-02-12,4881000000.0,AccountsReceivableNetCurrent,10-K,2025-12-31,2026-02-12,5667000000.0,InventoryNet,10-K,2025-12-31,2026-02-12,4398000000.0,AccountsPayableCurrent,10-K,2025-12-31,2026-02-12,,,,,,782000000.0,LongTermDebtCurrent,10-K,2025-12-31,2026-02-12,True,81.12999725341797,-0.03220809398379976,0.1044916399749809,0.23121884976915658,-0.050667000672147355
CVNA,Carvana,Autos,Automotive Retail,S&P 500,NR (to derive from financials),NR,default - no public rating available; derive from leverage/margin post-SEC pull,0001690820,True,20322000000.0,RevenueFromContractWithCustomerExcludingAssessedTax,10-K,2025-12-31,2026-02-18,1407000000.0,NetIncomeLoss,10-K,2025-12-31,2026-02-18,13201000000.0,Assets,10-K,2025-12-31,2026-02-18,8998000000.0,Liabilities,10-K,2025-12-31,2026-02-18,3441000000.0,StockholdersEquity,10-K,2025-12-31,2026-02-18,2327000000.0,CashAndCashEquivalentsAtCarryingValue,10-K,2025-12-31,2026-02-18,1036000000.0,NetCashProvidedByUsedInOperatingActivities,10-K,2025-12-31,2026-02-18,147000000.0,PaymentsToAcquirePropertyPlantAndEquipment,10-K,2025-12-31,2026-02-18,632000000.0,InterestExpense,10-K,2023-12-31,2024-02-22,16130000000.0,CostOfGoodsAndServicesSold,10-K,2025-12-31,2026-02-18,2814000000.0,PropertyPlantAndEquipmentAndFinanceLeaseRightOfUseAssetAfterAccumulatedDepreciationAndAmortization,10-K,2025-12-31,2026-02-18,,,,,,2308000000.0,SellingGeneralAndAdministrativeExpense,10-K,2025-12-31,2026-02-18,6549000000.0,AssetsCurrent,10-K,2025-12-31,2026-02-18,1519000000.0,LiabilitiesCurrent,10-K,2025-12-31,2026-02-18,245000000.0,AccountsReceivableNetCurrent,10-K,2025-12-31,2026-02-18,2408000000.0,InventoryNet,10-K,2025-12-31,2026-02-18,236000000.0,AccountsPayableCurrent,10-K,2025-12-31,2026-02-18,4918000000.0,LongTermDebt,10-K,2025-12-31,2026-02-18,211000000.0,LongTermDebtCurrent,10-K,2025-12-31,2026-02-18,True,77.94000244140625,0.1587523600114109,-0.05322995346942283,0.5945019775250571,-0.1854948223130085
CVS,CVS Health,Healthcare,Health Care Services,S&P 500,BBB bucket,BBB,demo_bucket_to_refresh,0000064803,True,402067000000.0,Revenues,10-K,2025-12-31,2026-02-10,1768000000.0,NetIncomeLoss,10-K,2025-12-31,2026-02-10,253538000000.0,Assets,10-K,2025-12-31,2026-02-10,178156000000.0,Liabilities,10-K,2025-12-31,2026-02-10,75214000000.0,StockholdersEquity,10-K,2025-12-31,2026-02-10,8453000000.0,CashAndCashEquivalentsAtCarryingValue,10-K,2025-12-31,2026-02-10,10639000000.0,NetCashProvidedByUsedInOperatingActivities,10-K,2025-12-31,2026-02-10,2832000000.0,PaymentsToAcquirePropertyPlantAndEquipment,10-K,2025-12-31,2026-02-10,2658000000.0,InterestExpense,10-K,2023-12-31,2024-02-07,221167000000.0,CostOfGoodsAndServicesSold,10-K,2025-12-31,2026-02-10,13083000000.0,PropertyPlantAndEquipmentAndFinanceLeaseRightOfUseAssetAfterAccumulatedDepreciationAndAmortization,10-K,2025-12-31,2026-02-10,4606000000.0,DepreciationDepletionAndAmortization,10-K,2025-12-31,2026-02-10,,,,,,74714000000.0,AssetsCurrent,10-K,2025-12-31,2026-02-10,88692000000.0,LiabilitiesCurrent,10-K,2025-12-31,2026-02-10,39779000000.0,AccountsReceivableNetCurrent,10-K,2025-12-31,2026-02-10,19246000000.0,InventoryNet,10-K,2025-12-31,2026-02-10,8863000000.0,AccountsPayableCurrent,10-K,2017-12-31,2018-02-14,71348000000.0,LongTermDebtNoncurrent,10-K,2019-01-01,2020-02-18,0.0,ShortTermBorrowings,10-K,2025-12-31,2026-02-10,True,90.55000305175781,0.15145304299638163,0.20555332372092594,0.34005857288283153,0.0
CVX,Chevron,Energy,,Dow; S&P 500,AA- shown,AA-,screenshot,0000093410,True,189031000000.0,Revenues,10-K,2025-12-31,2026-02-24,12299000000.0,NetIncomeLoss,10-K,2025-12-31,2026-02-24,324012000000.0,Assets,10-K,2025-12-31,2026-02-24,131836000000.0,Liabilities,10-K,2025-12-31,2026-02-24,186450000000.0,StockholdersEquity,10-K,2025-12-31,2026-02-24,7285000000.0,CashCashEquivalentsRestrictedCashAndRestrictedCashEquivalents,10-K,2025-12-31,2026-02-24,33939000000.0,NetCashProvidedByUsedInOperatingActivities,10-K,2025-12-31,2026-02-24,17347000000.0,PaymentsToAcquireProductiveAssets,10-K,2025-12-31,2026-02-24,,,,,,108214000000.0,CostOfGoodsAndServicesSold,10-K,2025-12-31,2026-02-24,219729000000.0,PropertyPlantAndEquipmentAndFinanceLeaseRightOfUseAssetAfterAccumulatedDepreciationAndAmortization,10-K,2025-12-31,2026-02-24,20132000000.0,DepreciationDepletionAndAmortization,10-K,2025-12-31,2026-02-24,5126000000.0,SellingGeneralAndAdministrativeExpense,10-K,2025-12-31,2026-02-24,38552000000.0,AssetsCurrent,10-K,2025-12-31,2026-02-24,33387000000.0,LiabilitiesCurrent,10-K,2025-12-31,2026-02-24,15986000000.0,AccountsReceivableNetCurrent,10-K,2025-12-31,2026-02-24,9711000000.0,InventoryNet,10-K,2025-12-31,2026-02-24,19280000000.0,AccountsPayableCurrent,10-K,2025-12-31,2026-02-24,25676000000.0,LongTermDebt,10-K,2021-12-31,2022-02-24,977000000.0,ShortTermBorrowings,10-K,2025-12-31,2026-02-24,True,181.6199951171875,-0.0367542180981455,0.004362859195014446,0.2498555929551239,-0.1398531832010086
D,Dominion Energy,Utilities,Multi-Utilities,S&P 500,BBB bucket,BBB,demo_bucket_to_refresh,0000715957,True,16506000000.0,Revenues,10-K,2025-12-31,2026-02-23,2998000000.0,NetIncomeLoss,10-K,2025-12-31,2026-02-23,115857000000.0,Assets,10-K,2025-12-31,2026-02-23,82440000000.0,Liabilities,10-K,2025-12-31,2026-02-23,29083000000.0,StockholdersEquity,10-K,2025-12-31,2026-02-23,250000000.0,CashAndCashEquivalentsAtCarryingValue,10-K,2025-12-31,2026-02-23,5361000000.0,NetCashProvidedByUsedInOperatingActivities,10-K,2025-12-31,2026-02-23,4980000000.0,PaymentsToAcquirePropertyPlantAndEquipment,10-K,2019-12-31,2020-02-28,2022000000.0,InterestAndDebtExpense,10-K,2025-12-31,2026-02-23,,,,,,78967000000.0,PropertyPlantAndEquipmentNet,10-K,2025-12-31,2026-02-23,2387000000.0,DepreciationAndAmortization,10-K,2025-12-31,2026-02-23,,,,,,8071000000.0,AssetsCurrent,10-K,2025-12-31,2026-02-23,10444000000.0,LiabilitiesCurrent,10-K,2025-12-31,2026-02-23,2531000000.0,AccountsReceivableNetCurrent,10-K,2025-12-31,2026-02-23,1942000000.0,InventoryNet,10-Q,2026-03-31,2026-05-01,1338000000.0,AccountsPayableCurrent,10-K,2025-12-31,2026-02-23,46332000000.0,LongTermDebt,10-K,2025-12-31,2026-02-23,2457000000.0,ShortTermBorrowings,10-K,2025-12-31,2026-02-23,True,61.88999938964844,-0.03643163389361015,0.0030397669874677735,0.19217173817230027,-0.05954652824271722
DAL,Delta Air Lines,Transportation,Passenger Airlines,S&P 500,BB / BBB bucket,BBB,demo_bucket_to_refresh,0000027904,True,63364000000.0,RevenueFromContractWithCustomerExcludingAssessedTax,10-K,2025-12-31,2026-02-11,5005000000.0,NetIncomeLoss,10-K,2025-12-31,2026-02-11,81317000000.0,Assets,10-K,2025-12-31,2026-02-11,,,,,,20853000000.0,StockholdersEquity,10-K,2025-12-31,2026-02-11,4310000000.0,CashAndCashEquivalentsAtCarryingValue,10-K,2025-12-31,2026-02-11,8342000000.0,NetCashProvidedByUsedInOperatingActivities,10-K,2025-12-31,2026-02-11,4499000000.0,PaymentsToAcquireProductiveAssets,10-K,2025-12-31,2026-02-11,396000000.0,InterestExpense,10-K,2017-12-31,2018-02-23,,,,,,39743000000.0,PropertyPlantAndEquipmentAndFinanceLeaseRightOfUseAssetAfterAccumulatedDepreciationAndAmortization,10-K,2025-12-31,2026-02-11,2443000000.0,DepreciationDepletionAndAmortization,10-K,2025-12-31,2026-02-11,2485000000.0,SellingAndMarketingExpense,10-K,2025-12-31,2026-02-11,10968000000.0,AssetsCurrent,10-K,2025-12-31,2026-02-11,27624000000.0,LiabilitiesCurrent,10-K,2025-12-31,2026-02-11,2850000000.0,ReceivablesNetCurrent,10-K,2025-12-31,2026-02-11,,,,,,5226000000.0,AccountsPayableCurrent,10-K,2025-12-31,2026-02-11,13308000000.0,LongTermDebt,10-K,2025-12-31,2026-02-11,1372000000.0,LongTermDebtCurrent,10-K,2025-12-31,2026-02-11,True,73.33000183105469,0.08124450252173876,-0.019610123174132243,0.4328565916205483,-0.024163935820989302
DASH,DoorDash,Industrials,,Nasdaq 100; S&P 500,NR (to derive from financials),NR,default - no public rating available; derive from leverage/margin post-SEC pull,0001792789,True,13717000000.0,RevenueFromContractWithCustomerExcludingAssessedTax,10-K,2025-12-31,2026-02-18,935000000.0,NetIncomeLoss,10-K,2025-12-31,2026-02-18,19659000000.0,Assets,10-K,2025-12-31,2026-02-18,9613000000.0,Liabilities,10-K,2025-12-31,2026-02-18,10033000000.0,StockholdersEquity,10-K,2025-12-31,2026-02-18,4378000000.0,CashAndCashEquivalentsAtCarryingValue,10-K,2025-12-31,2026-02-18,2431000000.0,NetCashProvidedByUsedInOperatingActivities,10-K,2025-12-31,2026-02-18,257000000.0,PaymentsToAcquirePropertyPlantAndEquipment,10-K,2025-12-31,2026-02-18,2000000.0,InterestExpense,10-K,2022-12-31,2023-02-27,,,,,,1067000000.0,PropertyPlantAndEquipmentAndFinanceLeaseRightOfUseAssetAfterAccumulatedDepreciationAndAmortization,10-K,2025-12-31,2026-02-18,747000000.0,DepreciationDepletionAndAmortization,10-K,2025-12-31,2026-02-18,1600000000.0,GeneralAndAdministrativeExpense,10-K,2025-12-31,2026-02-18,8643000000.0,AssetsCurrent,10-K,2025-12-31,2026-02-18,6147000000.0,LiabilitiesCurrent,10-K,2025-12-31,2026-02-18,1108000000.0,AccountsReceivableNetCurrent,10-K,2025-12-31,2026-02-18,,,,,,397000000.0,AccountsPayableCurrent,10-K,2025-12-31,2026-02-18,,,,,,,,,,,True,163.92999267578125,0.0743871458154386,-0.11979173195525761,0.5136613834637486,-0.30209888415110786
DD,DuPont,Materials,Specialty Chemicals,S&P 500,NR (to derive from financials),NR,default - no public rating available; derive from leverage/margin post-SEC pull,0001666700,True,6849000000.0,RevenueFromContractWithCustomerExcludingAssessedTax,10-K,2025-12-31,2026-02-17,-779000000.0,NetIncomeLoss,10-K,2025-12-31,2026-02-17,21575000000.0,Assets,10-K,2025-12-31,2026-02-17,7472000000.0,Liabilities,10-K,2025-12-31,2026-02-17,13919000000.0,StockholdersEquity,10-K,2025-12-31,2026-02-17,715000000.0,CashAndCashEquivalentsAtCarryingValue,10-K,2025-12-31,2026-02-17,560000000.0,NetCashProvidedByUsedInOperatingActivitiesContinuingOperations,10-K,2025-12-31,2026-02-17,333000000.0,PaymentsToAcquireProductiveAssets,10-K,2025-12-31,2026-02-17,313000000.0,InterestAndDebtExpense,10-K,2025-12-31,2026-02-17,4486000000.0,CostOfGoodsAndServicesSold,10-K,2025-12-31,2026-02-17,3464000000.0,PropertyPlantAndEquipmentAndFinanceLeaseRightOfUseAssetAfterAccumulatedDepreciationAndAmortization,10-K,2025-12-31,2026-02-17,647000000.0,DepreciationDepletionAndAmortization,10-K,2025-12-31,2026-02-17,1019000000.0,SellingGeneralAndAdministrativeExpense,10-K,2025-12-31,2026-02-17,5575000000.0,AssetsCurrent,10-K,2025-12-31,2026-02-17,2305000000.0,LiabilitiesCurrent,10-K,2025-12-31,2026-02-17,910000000.0,AccountsReceivableNetCurrent,10-K,2025-12-31,2026-02-17,1172000000.0,InventoryNet,10-K,2025-12-31,2026-02-17,995000000.0,AccountsPayableCurrent,10-K,2025-12-31,2026-02-17,7859000000.0,LongTermDebt,10-K,2023-12-31,2024-02-15,60000000.0,ShortTermBorrowings,10-K,2025-12-31,2026-02-17,True,49.7599983215332,0.053121657598586225,0.06071501233489296,0.36730139691897434,-0.030473923187325336
DDOG,Datadog,Industrials,,Nasdaq 100; S&P 500,NR (to derive from financials),NR,default - no public rating available; derive from leverage/margin post-SEC pull,0001561550,True,3427158000.0,RevenueFromContractWithCustomerExcludingAssessedTax,10-K,2025-12-31,2026-02-18,107741000.0,NetIncomeLoss,10-K,2025-12-31,2026-02-18,6643844000.0,Assets,10-K,2025-12-31,2026-02-18,2911638000.0,Liabilities,10-K,2025-12-31,2026-02-18,3732206000.0,StockholdersEquity,10-K,2025-12-31,2026-02-18,401305000.0,CashAndCashEquivalentsAtCarryingValue,10-K,2025-12-31,2026-02-18,1050135000.0,NetCashProvidedByUsedInOperatingActivities,10-K,2025-12-31,2026-02-18,49578000.0,PaymentsToAcquirePropertyPlantAndEquipment,10-K,2025-12-31,2026-02-18,6302000.0,InterestExpense,10-K,2023-12-31,2024-02-23,686957000.0,CostOfGoodsAndServicesSold,10-K,2025-12-31,2026-02-18,338093000.0,PropertyPlantAndEquipmentNet,10-K,2025-12-31,2026-02-18,49200000.0,DepreciationDepletionAndAmortization,10-K,2025-12-31,2026-02-18,279700000.0,GeneralAndAdministrativeExpense,10-K,2025-12-31,2026-02-18,5382280000.0,AssetsCurrent,10-K,2025-12-31,2026-02-18,1591401000.0,LiabilitiesCurrent,10-K,2025-12-31,2026-02-18,741262000.0,AccountsReceivableNetCurrent,10-K,2025-12-31,2026-02-18,,,,,,148791000.0,AccountsPayableCurrent,10-K,2025-12-31,2026-02-18,,,,,,,,,,,True,200.16000366210938,0.8995918994469432,0.7556354697979772,0.8747322309857969,0.0
DE,Deere & Company,Industrials,Agricultural & Farm Machinery,S&P 500,A bucket,A,demo_bucket_to_refresh,0000315189,True,45684000000.0,Revenues,10-K,2025-11-02,2025-12-18,5027000000.0,NetIncomeLoss,10-K,2025-11-02,2025-12-18,105996000000.0,Assets,10-K,2025-11-02,2025-12-18,79989000000.0,Liabilities,10-K,2025-11-02,2025-12-18,25950000000.0,StockholdersEquity,10-K,2025-11-02,2025-12-18,8276000000.0,CashAndCashEquivalentsAtCarryingValue,10-K,2025-11-02,2025-12-18,7459000000.0,NetCashProvidedByUsedInOperatingActivities,10-K,2025-11-02,2025-12-18,1360000000.0,PaymentsToAcquirePropertyPlantAndEquipment,10-K,2025-11-02,2025-12-18,3170000000.0,InterestExpense,10-K,2025-11-02,2025-12-18,19933500000.0,CostOfGoodsSold,10-K,2017-10-29,2017-12-18,5817000000.0,PropertyPlantAndEquipmentAndFinanceLeaseRightOfUseAssetAfterAccumulatedDepreciationAndAmortization,10-K,2020-11-01,2020-12-17,2229000000.0,DepreciationDepletionAndAmortization,10-K,2025-11-02,2025-12-18,4663000000.0,SellingGeneralAndAdministrativeExpense,10-K,2025-11-02,2025-12-18,,,,,,,,,,,,,,,,7406000000.0,InventoryNet,10-K,2025-11-02,2025-12-18,,,,,,32888000000.0,LongTermDebtNoncurrent,10-K,2021-10-31,2021-12-16,,,,,,True,574.8400268554688,-0.049851195280216976,-0.015620894361134674,0.38449030828738806,-0.12976598375507808
DECK,Deckers Brands,Consumer Discretionary,Footwear,S&P 500,NR (to derive from financials),NR,default - no public rating available; derive from leverage/margin post-SEC pull,0000910521,True,4985612000.0,RevenueFromContractWithCustomerExcludingAssessedTax,10-K,2025-03-31,2025-05-23,966091000.0,NetIncomeLoss,10-K,2025-03-31,2025-05-23,3570252000.0,Assets,10-K,2025-03-31,2025-05-23,,,,,,2513013000.0,StockholdersEquity,10-K,2025-03-31,2025-05-23,1889188000.0,CashAndCashEquivalentsAtCarryingValue,10-K,2025-03-31,2025-05-23,1044523000.0,NetCashProvidedByUsedInOperatingActivities,10-K,2025-03-31,2025-05-23,86171000.0,PaymentsToAcquirePropertyPlantAndEquipment,10-K,2025-03-31,2025-05-23,,,,,,2099949000.0,CostOfGoodsAndServicesSold,10-K,2025-03-31,2025-05-23,325599000.0,PropertyPlantAndEquipmentNet,10-K,2025-03-31,2025-05-23,67579000.0,Depreciation,10-K,2025-03-31,2025-05-23,1706571000.0,SellingGeneralAndAdministrativeExpense,10-K,2025-03-31,2025-05-23,2860475000.0,AssetsCurrent,10-K,2025-03-31,2025-05-23,769941000.0,LiabilitiesCurrent,10-K,2025-03-31,2025-05-23,332872000.0,AccountsReceivableNetCurrent,10-K,2025-03-31,2025-05-23,495226000.0,InventoryNet,10-K,2025-03-31,2025-05-23,,,,,,,,,,,0.0,ShortTermBorrowings,10-K,2021-03-31,2021-05-28,True,100.41999816894531,-0.0689783274550827,-0.12296944830615453,0.3675944115347736,-0.16967094309761233
DELL,Dell Technologies,Technology,"Technology Hardware, Storage & Peripherals",S&P 500,BBB bucket,BBB,demo_bucket_to_refresh,0001571996,True,113538000000.0,Revenues,10-K,2026-01-30,2026-03-16,5936000000.0,NetIncomeLoss,10-K,2026-01-30,2026-03-16,101286000000.0,Assets,10-K,2026-01-30,2026-03-16,103756000000.0,Liabilities,10-K,2026-01-30,2026-03-16,-2470000000.0,StockholdersEquity,10-K,2026-01-30,2026-03-16,11528000000.0,CashAndCashEquivalentsAtCarryingValue,10-K,2026-01-30,2026-03-16,11185000000.0,NetCashProvidedByUsedInOperatingActivities,10-K,2026-01-30,2026-03-16,2633000000.0,PaymentsToAcquirePropertyPlantAndEquipment,10-K,2026-01-30,2026-03-16,1501000000.0,InterestExpense,10-K,2024-02-02,2024-03-25,90831000000.0,CostOfRevenue,10-K,2026-01-30,2026-03-16,6676000000.0,PropertyPlantAndEquipmentNet,10-K,2026-01-30,2026-03-16,3029000000.0,DepreciationDepletionAndAmortization,10-K,2026-01-30,2026-03-16,11416000000.0,SellingGeneralAndAdministrativeExpense,10-K,2026-01-30,2026-03-16,57602000000.0,AssetsCurrent,10-K,2026-01-30,2026-03-16,63269000000.0,LiabilitiesCurrent,10-K,2026-01-30,2026-03-16,17585000000.0,AccountsReceivableNetCurrent,10-K,2026-01-30,2026-03-16,10437000000.0,InventoryNet,10-K,2026-01-30,2026-03-16,33630000000.0,AccountsPayableCurrent,10-K,2026-01-30,2026-03-16,31503000000.0,LongTermDebt,10-K,2026-01-30,2026-03-16,,,,,,True,260.4599914550781,0.4694369784402306,1.1608293470131588,0.7353503892136571,0.0
DG,Dollar General,Consumer Staples,Consumer Staples Merchandise Retail,S&P 500,NR (to derive from financials),NR,default - no public rating available; derive from leverage/margin post-SEC pull,0000029534,True,42724369000.0,RevenueFromContractWithCustomerExcludingAssessedTax,10-K,2026-01-30,2026-03-20,1512311000.0,NetIncomeLoss,10-K,2026-01-30,2026-03-20,30963730000.0,Assets,10-K,2026-01-30,2026-03-20,22451768000.0,Liabilities,10-K,2026-01-30,2026-03-20,8511962000.0,StockholdersEquity,10-K,2026-01-30,2026-03-20,1138501000.0,CashAndCashEquivalentsAtCarryingValue,10-K,2026-01-30,2026-03-20,3634500000.0,NetCashProvidedByUsedInOperatingActivities,10-K,2026-01-30,2026-03-20,1241162000.0,PaymentsToAcquireProductiveAssets,10-K,2026-01-30,2026-03-20,326781000.0,InterestExpense,10-K,2024-02-02,2024-03-25,29624680000.0,CostOfGoodsAndServicesSold,10-K,2026-01-30,2026-03-20,6398589000.0,PropertyPlantAndEquipmentAndFinanceLeaseRightOfUseAssetAfterAccumulatedDepreciationAndAmortization,10-K,2026-01-30,2026-03-20,1046318000.0,DepreciationDepletionAndAmortization,10-K,2026-01-30,2026-03-20,10896021000.0,SellingGeneralAndAdministrativeExpense,10-K,2026-01-30,2026-03-20,7897803000.0,AssetsCurrent,10-K,2026-01-30,2026-03-20,6961135000.0,LiabilitiesCurrent,10-K,2026-01-30,2026-03-20,,,,,,6331861000.0,InventoryNet,10-K,2026-01-30,2026-03-20,4051592000.0,AccountsPayableCurrent,10-K,2026-01-30,2026-03-20,4172068000.0,LongTermDebt,10-K,2022-01-28,2022-03-18,750000000.0,LongTermDebtCurrent,10-Q,2023-11-03,2023-12-07,True,113.29000091552734,-0.02108357703819308,-0.22760926497676248,0.32922376081117033,-0.2714591641915298
DGX,Quest Diagnostics,Healthcare,Health Care Services,S&P 500,NR (to derive from financials),NR,default - no public rating available; derive from leverage/margin post-SEC pull,0001022079,True,11035000000.0,RevenueFromContractWithCustomerExcludingAssessedTax,10-K,2025-12-31,2026-02-26,992000000.0,NetIncomeLoss,10-K,2025-12-31,2026-02-26,16225000000.0,Assets,10-K,2025-12-31,2026-02-26,,,,,,7170000000.0,StockholdersEquity,10-K,2025-12-31,2026-02-26,420000000.0,CashAndCashEquivalentsAtCarryingValue,10-K,2025-12-31,2026-02-26,1886000000.0,NetCashProvidedByUsedInOperatingActivities,10-K,2025-12-31,2026-02-26,527000000.0,PaymentsToAcquirePropertyPlantAndEquipment,10-K,2025-12-31,2026-02-26,163000000.0,InterestExpense,10-K,2023-12-31,2024-02-22,7370000000.0,CostOfRevenue,10-K,2025-12-31,2026-02-26,2203000000.0,PropertyPlantAndEquipmentNet,10-K,2025-12-31,2026-02-26,570000000.0,DepreciationDepletionAndAmortization,10-K,2025-12-31,2026-02-26,1967000000.0,SellingGeneralAndAdministrativeExpense,10-K,2025-12-31,2026-02-26,2378000000.0,AssetsCurrent,10-K,2025-12-31,2026-02-26,2278000000.0,LiabilitiesCurrent,10-K,2025-12-31,2026-02-26,1408000000.0,AccountsReceivableNetCurrent,10-K,2025-12-31,2026-02-26,189000000.0,InventoryNet,10-K,2025-12-31,2026-02-26,1600000000.0,AccountsPayableAndAccruedLiabilitiesCurrent,10-K,2025-12-31,2026-02-26,5671000000.0,LongTermDebt,10-K,2025-12-31,2026-02-26,504000000.0,LongTermDebtCurrent,10-K,2025-12-31,2026-02-26,True,187.38999938964844,-0.02151321202737766,-0.015909112399179248,0.25747225228777865,-0.11185231952164609
DHI,D. R. Horton,Consumer Discretionary,Homebuilding,S&P 500,NR (to derive from financials),NR,default - no public rating available; derive from leverage/margin post-SEC pull,0000882184,True,34250400000.0,Revenues,10-K,2025-09-30,2025-11-19,3585200000.0,NetIncomeLoss,10-K,2025-09-30,2025-11-19,35471200000.0,Assets,10-K,2025-09-30,2025-11-19,10729000000.0,Liabilities,10-K,2025-09-30,2025-11-19,24190400000.0,StockholdersEquity,10-K,2025-09-30,2025-11-19,2985400000.0,CashAndCashEquivalentsAtCarryingValue,10-K,2025-09-30,2025-11-19,3420900000.0,NetCashProvidedByUsedInOperatingActivities,10-K,2025-09-30,2025-11-19,137400000.0,PaymentsToAcquirePropertyPlantAndEquipment,10-K,2025-09-30,2025-11-19,0.0,InterestExpense,10-K,2018-09-30,2020-11-20,26134200000.0,CostOfRevenue,10-K,2025-09-30,2025-11-19,578900000.0,PropertyPlantAndEquipmentNet,10-K,2025-09-30,2025-11-19,101300000.0,DepreciationDepletionAndAmortization,10-K,2025-09-30,2025-11-19,3692000000.0,SellingGeneralAndAdministrativeExpense,10-K,2025-09-30,2025-11-19,,,,,,,,,,,,,,,,,,,,,,,,,,,,,,,,,,,,True,147.6300048828125,0.03811486337502035,-0.035330924621930104,0.35939606545543656,-0.11743523966657476
DHR,Danaher Corporation,Healthcare,Life Sciences Tools & Services,S&P 500,NR (to derive from financials),NR,default - no public rating available; derive from leverage/margin post-SEC pull,0000313616,True,24568000000.0,RevenueFromContractWithCustomerExcludingAssessedTax,10-K,2025-12-31,2026-02-24,3614000000.0,NetIncomeLoss,10-K,2025-12-31,2026-02-24,83464000000.0,Assets,10-K,2025-12-31,2026-02-24,8444400000.0,Liabilities,10-K,2010-12-31,2011-02-24,52534000000.0,StockholdersEquity,10-K,2025-12-31,2026-02-24,4615000000.0,CashCashEquivalentsRestrictedCashAndRestrictedCashEquivalents,10-K,2025-12-31,2026-02-24,6416000000.0,NetCashProvidedByUsedInOperatingActivities,10-K,2025-12-31,2026-02-24,1156000000.0,PaymentsToAcquirePropertyPlantAndEquipment,10-K,2025-12-31,2026-02-24,286000000.0,InterestExpense,10-K,2023-12-31,2024-02-21,10045000000.0,CostOfGoodsAndServicesSold,10-K,2025-12-31,2026-02-24,5531000000.0,PropertyPlantAndEquipmentNet,10-K,2025-12-31,2026-02-24,750000000.0,Depreciation,10-K,2025-12-31,2026-02-24,8235000000.0,SellingGeneralAndAdministrativeExpense,10-K,2025-12-31,2026-02-24,12756000000.0,AssetsCurrent,10-K,2025-12-31,2026-02-24,6807000000.0,LiabilitiesCurrent,10-K,2025-12-31,2026-02-24,3913000000.0,AccountsReceivableNetCurrent,10-K,2025-12-31,2026-02-24,2489000000.0,InventoryNet,10-K,2025-12-31,2026-02-24,,,,,,18418000000.0,LongTermDebt,10-K,2025-12-31,2026-02-24,40761000.0,LongTermDebtCurrent,10-K,2010-12-31,2011-02-24,True,171.16000366210938,-0.09730497805417404,-0.2083224673432741,0.27348392606181426,-0.29136603907943315
DIS,Disney,Communication Services,,Dow; S&P 500,A / BBB bucket,A,demo_bucket_to_refresh,0001744489,True,94425000000.0,Revenues,10-K,2025-09-27,2025-11-13,12404000000.0,NetIncomeLoss,10-K,2025-09-27,2025-11-13,197514000000.0,Assets,10-K,2025-09-27,2025-11-13,,,,,,109869000000.0,StockholdersEquity,10-K,2025-09-27,2025-11-13,5695000000.0,CashAndCashEquivalentsAtCarryingValue,10-K,2025-09-27,2025-11-13,18101000000.0,NetCashProvidedByUsedInOperatingActivities,10-K,2025-09-27,2025-11-13,8024000000.0,PaymentsToAcquirePropertyPlantAndEquipment,10-K,2025-09-27,2025-11-13,-1812000000.0,InterestExpense,10-K,2025-09-27,2025-11-13,,,,,,41255000000.0,PropertyPlantAndEquipmentNet,10-K,2025-09-27,2025-11-13,5326000000.0,DepreciationDepletionAndAmortization,10-K,2025-09-27,2025-11-13,16501000000.0,SellingGeneralAndAdministrativeExpense,10-K,2025-09-27,2025-11-13,24267000000.0,AssetsCurrent,10-K,2025-09-27,2025-11-13,34162000000.0,LiabilitiesCurrent,10-K,2025-09-27,2025-11-13,13217000000.0,ReceivablesNetCurrent,10-K,2025-09-27,2025-11-13,2134000000.0,InventoryNet,10-K,2025-09-27,2025-11-13,15055000000.0,AccountsPayableCurrent,10-K,2025-09-27,2025-11-13,42026000000.0,LongTermDebt,10-K,2025-09-27,2025-11-13,6711000000.0,LongTermDebtCurrent,10-K,2025-09-27,2025-11-13,True,108.0199966430664,0.08924068405289565,0.00830765810198919,0.2787751962279743,-0.06782879527656982
DLR,Digital Realty,Real Estate,Data Center REITs,S&P 500,NR (to derive from financials),NR,default - no public rating available; derive from leverage/margin post-SEC pull,0001297996,True,6112692000.0,Revenues,10-K,2025-12-31,2026-02-13,1308589000.0,NetIncomeLoss,10-K,2025-12-31,2026-02-13,49410468000.0,Assets,10-K,2025-12-31,2026-02-13,24564494000.0,Liabilities,10-K,2025-12-31,2026-02-13,22925663000.0,StockholdersEquity,10-K,2025-12-31,2026-02-13,3451647000.0,CashAndCashEquivalentsAtCarryingValue,10-K,2025-12-31,2026-02-13,2412136000.0,NetCashProvidedByUsedInOperatingActivities,10-K,2025-12-31,2026-02-13,,,,,,437947000.0,InterestExpense,10-K,2025-12-31,2026-02-13,,,,,,,,,,,1894636000.0,DepreciationAndAmortization,10-K,2025-12-31,2026-02-13,565482000.0,GeneralAndAdministrativeExpense,10-K,2025-12-31,2026-02-13,,,,,,,,,,,,,,,,,,,,,,,,,,2940210000.0,LongTermDebt,10-K,2011-12-31,2012-02-28,,,,,,True,195.30999755859375,0.034097541207699145,0.1423913574130502,0.2173440352615075,-0.04217549874485971
DLTR,Dollar Tree,Consumer Staples,Consumer Staples Merchandise Retail,S&P 500,NR (to derive from financials),NR,default - no public rating available; derive from leverage/margin post-SEC pull,0000935703,True,19411800000.0,Revenues,10-K,2026-01-31,2026-03-16,1282500000.0,NetIncomeLoss,10-K,2026-01-31,2026-03-16,13466200000.0,Assets,10-K,2026-01-31,2026-03-16,9711300000.0,Liabilities,10-K,2026-01-31,2026-03-16,3754900000.0,StockholdersEquity,10-K,2026-01-31,2026-03-16,717800000.0,CashAndCashEquivalentsAtCarryingValue,10-K,2026-01-31,2026-03-16,2190700000.0,NetCashProvidedByUsedInOperatingActivitiesContinuingOperations,10-K,2026-01-31,2026-03-16,1134000000.0,PaymentsToAcquireProductiveAssets,10-K,2026-01-31,2026-03-16,,,,,,12345000000.0,CostOfGoodsAndServicesSold,10-K,2026-01-31,2026-03-16,4959600000.0,PropertyPlantAndEquipmentNet,10-K,2026-01-31,2026-03-16,648100000.0,DepreciationDepletionAndAmortization,10-K,2026-01-31,2026-03-16,5468600000.0,SellingGeneralAndAdministrativeExpense,10-K,2026-01-31,2026-03-16,3446200000.0,AssetsCurrent,10-K,2026-01-31,2026-03-16,3228600000.0,LiabilitiesCurrent,10-K,2026-01-31,2026-03-16,113300000.0,AccountsReceivableNetCurrent,10-K,2020-02-01,2020-03-20,,,,,,1530700000.0,AccountsPayableCurrent,10-K,2026-01-31,2026-03-16,2431700000.0,LongTermDebt,10-K,2026-01-31,2026-03-16,0.0,LongTermDebtCurrent,10-K,2026-01-31,2026-03-16,True,94.23999786376953,-0.053340080614839525,-0.2348786290107282,0.3809052990802435,-0.33262521504777376
DOC,Healthpeak Properties,Real Estate,Health Care REITs,S&P 500,NR (to derive from financials),NR,default - no public rating available; derive from leverage/margin post-SEC pull,0000765880,True,2822512000.0,Revenues,10-K,2025-12-31,2026-02-03,71347000.0,NetIncomeLoss,10-K,2025-12-31,2026-02-03,20336018000.0,Assets,10-K,2025-12-31,2026-02-03,12033567000.0,Liabilities,10-K,2025-12-31,2026-02-03,7500094000.0,StockholdersEquity,10-K,2025-12-31,2026-02-03,467457000.0,CashAndCashEquivalentsAtCarryingValue,10-K,2025-12-31,2026-02-03,1251959000.0,NetCashProvidedByUsedInOperatingActivities,10-K,2025-12-31,2026-02-03,894949000.0,PaymentsToAcquireProductiveAssets,10-K,2025-12-31,2026-02-03,305178000.0,InterestExpense,10-K,2025-12-31,2026-02-03,1074861000.0,CostOfGoodsAndServicesSold,10-K,2024-12-31,2025-02-04,,,,,,1058865000.0,DepreciationAndAmortization,10-K,2025-12-31,2026-02-03,90416000.0,GeneralAndAdministrativeExpense,10-K,2025-12-31,2026-02-03,,,,,,,,,,,,,,,,,,,,,,,,,,9847894000.0,LongTermDebt,10-K,2025-12-31,2026-02-03,,,,,,True,19.639999389648438,0.18024504173489908,0.18761139966769536,0.43357278746129635,-0.0010173172898729765
DOV,Dover Corporation,Industrials,Industrial Machinery & Supplies & Components,S&P 500,NR (to derive from financials),NR,default - no public rating available; derive from leverage/margin post-SEC pull,0000029905,True,8092571000.0,RevenueFromContractWithCustomerExcludingAssessedTax,10-K,2025-12-31,2026-02-13,1093956000.0,NetIncomeLoss,10-K,2025-12-31,2026-02-13,13422423000.0,Assets,10-K,2025-12-31,2026-02-13,3731897000.0,Liabilities,10-Q,2009-09-30,2009-10-23,7405206000.0,StockholdersEquity,10-K,2025-12-31,2026-02-13,1676808000.0,CashCashEquivalentsRestrictedCashAndRestrictedCashEquivalents,10-K,2025-12-31,2026-02-13,1338005000.0,NetCashProvidedByUsedInOperatingActivitiesContinuingOperations,10-K,2025-12-31,2026-02-13,220263000.0,PaymentsToAcquirePropertyPlantAndEquipment,10-K,2025-12-31,2026-02-13,131305000.0,InterestExpense,10-K,2023-12-31,2024-02-09,4874402000.0,CostOfGoodsAndServicesSold,10-K,2025-12-31,2026-02-13,1119623000.0,PropertyPlantAndEquipmentNet,10-K,2025-12-31,2026-02-13,379577000.0,DepreciationDepletionAndAmortization,10-K,2025-12-31,2026-02-13,1844808000.0,SellingGeneralAndAdministrativeExpense,10-K,2025-12-31,2026-02-13,4506940000.0,AssetsCurrent,10-K,2025-12-31,2026-02-13,2518489000.0,LiabilitiesCurrent,10-K,2025-12-31,2026-02-13,1371352000.0,AccountsReceivableNetCurrent,10-K,2025-12-31,2026-02-13,1272784000.0,InventoryNet,10-K,2025-12-31,2026-02-13,875678000.0,AccountsPayableCurrent,10-K,2025-12-31,2026-02-13,3327972000.0,LongTermDebt,10-K,2025-12-31,2026-02-13,706677000.0,ShortTermBorrowings,10-K,2025-12-31,2026-02-13,True,219.8300018310547,0.012481608211185158,-0.020692413101347507,0.2722500559819956,-0.055615138157162014
DOW,Dow Inc.,Materials,Commodity Chemicals,S&P 500,NR (to derive from financials),NR,default - no public rating available; derive from leverage/margin post-SEC pull,0001751788,True,39968000000.0,Revenues,10-K,2025-12-31,2026-02-03,-2444000000.0,ProfitLoss,10-K,2025-12-31,2026-02-03,58538000000.0,Assets,10-K,2025-12-31,2026-02-03,,,,,,16008000000.0,StockholdersEquity,10-K,2025-12-31,2026-02-03,3816000000.0,CashAndCashEquivalentsAtCarryingValue,10-K,2025-12-31,2026-02-03,1032000000.0,NetCashProvidedByUsedInOperatingActivities,10-K,2025-12-31,2026-02-03,2479000000.0,PaymentsToAcquireProductiveAssets,10-K,2025-12-31,2026-02-03,247000000.0,InterestAndDebtExpense,10-Q,2019-03-31,2019-05-03,37435000000.0,CostOfGoodsAndServicesSold,10-K,2025-12-31,2026-02-03,22250000000.0,PropertyPlantAndEquipmentNet,10-K,2025-12-31,2026-02-03,2834000000.0,DepreciationDepletionAndAmortization,10-K,2025-12-31,2026-02-03,1392000000.0,SellingGeneralAndAdministrativeExpense,10-K,2025-12-31,2026-02-03,18062000000.0,AssetsCurrent,10-K,2025-12-31,2026-02-03,9183000000.0,LiabilitiesCurrent,10-K,2025-12-31,2026-02-03,4762000000.0,AccountsReceivableNetCurrent,10-K,2025-12-31,2026-02-03,6595000000.0,InventoryNet,10-K,2025-12-31,2026-02-03,,,,,,15060000000.0,LongTermDebt,10-K,2022-12-31,2023-02-01,62000000.0,ShortTermBorrowings,10-K,2023-12-31,2024-01-31,True,36.869998931884766,-0.05485771550180185,0.16292698715218368,0.506574947196131,-0.11941724689637878
DPZ,Domino's,Consumer Discretionary,Restaurants,S&P 500,NR (to derive from financials),NR,default - no public rating available; derive from leverage/margin post-SEC pull,0001286681,True,4939994000.0,Revenues,10-K,2025-12-28,2026-02-23,601704000.0,NetIncomeLoss,10-K,2025-12-28,2026-02-23,1716459000.0,Assets,10-K,2025-12-28,2026-02-23,5617601000.0,Liabilities,10-K,2025-12-28,2026-02-23,-3901142000.0,StockholdersEquity,10-K,2025-12-28,2026-02-23,125675000.0,CashAndCashEquivalentsAtCarryingValue,10-K,2025-12-28,2026-02-23,792062000.0,NetCashProvidedByUsedInOperatingActivities,10-K,2025-12-28,2026-02-23,120558000.0,PaymentsToAcquirePropertyPlantAndEquipment,10-K,2025-12-28,2026-02-23,195972000.0,InterestExpense,10-K,2025-12-28,2026-02-23,2966434000.0,CostOfGoodsAndServicesSold,10-K,2025-12-28,2026-02-23,324022000.0,PropertyPlantAndEquipmentNet,10-K,2025-12-28,2026-02-23,88827000.0,DepreciationAndAmortization,10-K,2025-12-28,2026-02-23,464120000.0,GeneralAndAdministrativeExpense,10-K,2025-12-28,2026-02-23,894201000.0,AssetsCurrent,10-K,2025-12-28,2026-02-23,541621000.0,LiabilitiesCurrent,10-K,2025-12-28,2026-02-23,315958000.0,AccountsReceivableNetCurrent,10-K,2025-12-28,2026-02-23,79189000.0,InventoryNet,10-K,2025-12-28,2026-02-23,135029000.0,AccountsPayableCurrent,10-K,2025-12-28,2026-02-23,14600000.0,LongTermDebt,10-K,2025-12-28,2026-02-23,100000.0,LongTermDebtCurrent,10-K,2025-12-28,2026-02-23,True,323.4800109863281,-0.11605410521663351,-0.17096628113238832,0.33906735818996425,-0.2584419981880446
DRI,Darden Restaurants,Consumer Discretionary,Restaurants,S&P 500,NR (to derive from financials),NR,default - no public rating available; derive from leverage/margin post-SEC pull,0000940944,True,12076700000.0,RevenueFromContractWithCustomerExcludingAssessedTax,10-K,2025-05-25,2025-07-18,1049600000.0,NetIncomeLoss,10-K,2025-05-25,2025-07-18,12587000000.0,Assets,10-K,2025-05-25,2025-07-18,10275700000.0,Liabilities,10-K,2025-05-25,2025-07-18,2311300000.0,StockholdersEquity,10-K,2025-05-25,2025-07-18,240000000.0,CashAndCashEquivalentsAtCarryingValue,10-K,2025-05-25,2025-07-18,1707000000.0,NetCashProvidedByUsedInOperatingActivitiesContinuingOperations,10-K,2025-05-25,2025-07-18,644600000.0,PaymentsToAcquirePropertyPlantAndEquipment,10-K,2025-05-25,2025-07-18,50200000.0,InterestExpense,10-K,2023-05-28,2023-07-21,4990500000.0,CostOfGoodsAndServicesSold,10-K,2014-05-25,2014-07-18,4716000000.0,PropertyPlantAndEquipmentAndFinanceLeaseRightOfUseAssetAfterAccumulatedDepreciationAndAmortization,10-K,2025-05-25,2025-07-18,516100000.0,DepreciationDepletionAndAmortization,10-K,2025-05-25,2025-07-18,520300000.0,GeneralAndAdministrativeExpense,10-K,2025-05-25,2025-07-18,937700000.0,AssetsCurrent,10-K,2025-05-25,2025-07-18,2247500000.0,LiabilitiesCurrent,10-K,2025-05-25,2025-07-18,93800000.0,ReceivablesNetCurrent,10-K,2025-05-25,2025-07-18,311600000.0,InventoryNet,10-K,2025-05-25,2025-07-18,439600000.0,AccountsPayableCurrent,10-K,2025-05-25,2025-07-18,2128900000.0,LongTermDebt,10-K,2025-05-25,2025-07-18,0.0,ShortTermBorrowings,10-K,2025-05-25,2025-07-18,True,196.22999572753906,0.019959438380752204,-0.09297415376077989,0.273922909881834,-0.09567049207337819
DTE,DTE Energy,Utilities,Multi-Utilities,S&P 500,NR (to derive from financials),NR,default - no public rating available; derive from leverage/margin post-SEC pull,0000936340,True,12607000000.0,Revenues,10-K,2017-12-31,2018-02-16,1462000000.0,NetIncomeLoss,10-K,2025-12-31,2026-02-17,54066000000.0,Assets,10-K,2025-12-31,2026-02-17,,,,,,12303000000.0,StockholdersEquity,10-K,2025-12-31,2026-02-17,208000000.0,CashAndCashEquivalentsAtCarryingValue,10-K,2025-12-31,2026-02-17,3409000000.0,NetCashProvidedByUsedInOperatingActivities,10-K,2025-12-31,2026-02-17,,,,,,1056000000.0,InterestExpense,10-K,2025-12-31,2026-02-17,,,,,,33653000000.0,PropertyPlantAndEquipmentNet,10-K,2025-12-31,2026-02-17,1841000000.0,DepreciationDepletionAndAmortization,10-K,2025-12-31,2026-02-17,,,,,,4348000000.0,AssetsCurrent,10-K,2025-12-31,2026-02-17,5409000000.0,LiabilitiesCurrent,10-K,2025-12-31,2026-02-17,2031000000.0,AccountsReceivableNetCurrent,10-K,2025-12-31,2026-02-17,,,,,,1753000000.0,AccountsPayableCurrent,10-K,2025-12-31,2026-02-17,25306000000.0,LongTermDebt,10-K,2025-12-31,2026-02-17,882000000.0,ShortTermBorrowings,10-K,2025-12-31,2026-02-17,True,140.60000610351562,-0.06066266045278068,0.04934650169319199,0.19295343224470196,-0.07310960616652629
DUK,Duke Energy,Utilities,Electric Utilities,S&P 500,BBB+ bucket,BBB+,demo_bucket_to_refresh,0001326160,True,22743000000.0,SalesRevenueNet,10-K,2016-12-31,2017-02-24,4968000000.0,NetIncomeLoss,10-K,2025-12-31,2026-02-26,195736000000.0,Assets,10-K,2025-12-31,2026-02-26,,,,,,51842000000.0,StockholdersEquity,10-K,2025-12-31,2026-02-26,245000000.0,CashAndCashEquivalentsAtCarryingValue,10-K,2025-12-31,2026-02-26,12330000000.0,NetCashProvidedByUsedInOperatingActivities,10-K,2025-12-31,2026-02-26,14024000000.0,PaymentsToAcquirePropertyPlantAndEquipment,10-K,2025-12-31,2026-02-26,3634000000.0,InterestExpense,10-K,2025-12-31,2026-02-26,6826000000.0,CostOfGoodsAndServicesSold,10-K,2019-12-31,2020-02-20,129959000000.0,PropertyPlantAndEquipmentNet,10-K,2025-12-31,2026-02-26,7704000000.0,DepreciationDepletionAndAmortization,10-K,2025-12-31,2026-02-26,,,,,,11613000000.0,AssetsCurrent,10-K,2025-12-31,2026-02-26,21047000000.0,LiabilitiesCurrent,10-K,2025-12-31,2026-02-26,16000000.0,AccountsReceivableNetCurrent,10-K,2025-12-31,2026-02-26,1588000000.0,InventoryNet,10-K,2011-12-31,2012-02-28,5223000000.0,AccountsPayableCurrent,10-K,2025-12-31,2026-02-26,87212000000.0,LongTermDebt,10-K,2025-12-31,2026-02-26,2624000000.0,ShortTermBorrowings,10-K,2025-12-31,2026-02-26,True,124.16999816894531,-0.057819223805888886,0.028816542473834694,0.1600374830192431,-0.06960893209633412
DVA,DaVita,Healthcare,Health Care Services,S&P 500,NR (to derive from financials),NR,default - no public rating available; derive from leverage/margin post-SEC pull,0000927066,True,13643069000.0,Revenues,10-K,2025-12-31,2026-02-11,746803000.0,NetIncomeLoss,10-K,2025-12-31,2026-02-11,17480103000.0,Assets,10-K,2025-12-31,2026-02-11,16321665000.0,Liabilities,10-K,2025-12-31,2026-02-11,-651082000.0,StockholdersEquity,10-K,2025-12-31,2026-02-11,676438000.0,CashAndCashEquivalentsAtCarryingValue,10-K,2025-12-31,2026-02-11,1886500000.0,NetCashProvidedByUsedInOperatingActivities,10-K,2025-12-31,2026-02-11,575864000.0,PaymentsToAcquirePropertyPlantAndEquipment,10-K,2025-12-31,2026-02-11,579926000.0,InterestAndDebtExpense,10-K,2025-12-31,2026-02-11,,,,,,2812966000.0,PropertyPlantAndEquipmentNet,10-K,2025-12-31,2026-02-11,708252000.0,DepreciationDepletionAndAmortization,10-K,2025-12-31,2026-02-11,1673630000.0,GeneralAndAdministrativeExpense,10-K,2025-12-31,2026-02-11,4058003000.0,AssetsCurrent,10-K,2025-12-31,2026-02-11,3141634000.0,LiabilitiesCurrent,10-K,2025-12-31,2026-02-11,2414690000.0,AccountsReceivableNetCurrent,10-K,2025-12-31,2026-02-11,160627000.0,InventoryNet,10-K,2025-12-31,2026-02-11,696148000.0,AccountsPayableCurrent,10-K,2025-12-31,2026-02-11,8503434000.0,LongTermDebt,10-K,2014-12-31,2015-02-26,87345000.0,LongTermDebtCurrent,10-K,2011-12-31,2012-02-24,True,198.64999389648438,0.3238919683857828,0.44325773595887097,0.5361568075714871,0.0
DVN,Devon Energy,Energy,Oil & Gas Exploration & Production,S&P 500,NR (to derive from financials),NR,default - no public rating available; derive from leverage/margin post-SEC pull,0001090012,True,17188000000.0,Revenues,10-K,2025-12-31,2026-02-18,2642000000.0,NetIncomeLoss,10-K,2025-12-31,2026-02-18,31599000000.0,Assets,10-K,2025-12-31,2026-02-18,,,,,,15528000000.0,StockholdersEquity,10-K,2025-12-31,2026-02-18,1384000000.0,CashAndCashEquivalentsAtCarryingValue,10-K,2025-12-31,2026-02-18,6711000000.0,NetCashProvidedByUsedInOperatingActivities,10-K,2025-12-31,2026-02-18,3592000000.0,PaymentsToAcquireProductiveAssets,10-K,2025-12-31,2026-02-18,635000000.0,InterestAndDebtExpense,10-K,2018-12-31,2019-02-20,2812000000.0,CostOfGoodsAndServicesSold,10-K,2019-12-31,2020-02-19,25419000000.0,PropertyPlantAndEquipmentNet,10-K,2025-12-31,2026-02-18,3595000000.0,DepreciationDepletionAndAmortization,10-K,2025-12-31,2026-02-18,492000000.0,GeneralAndAdministrativeExpense,10-K,2025-12-31,2026-02-18,4006000000.0,AssetsCurrent,10-K,2025-12-31,2026-02-18,4086000000.0,LiabilitiesCurrent,10-K,2025-12-31,2026-02-18,1792000000.0,AccountsReceivableNetCurrent,10-K,2025-12-31,2026-02-18,336000000.0,InventoryNet,10-K,2025-12-31,2026-02-18,,,,,,8389000000.0,LongTermDebt,10-K,2025-12-31,2026-02-18,998000000.0,ShortTermBorrowings,10-K,2025-12-31,2026-02-18,True,45.61000061035156,-0.04561624321851565,0.054466972601505015,0.35119786820340193,-0.12406374346713855
DXCM,DexCom,Industrials,,Nasdaq 100; S&P 500,NR (to derive from financials),NR,default - no public rating available; derive from leverage/margin post-SEC pull,0001093557,True,4662000000.0,RevenueFromContractWithCustomerExcludingAssessedTax,10-K,2025-12-31,2026-02-12,836300000.0,NetIncomeLoss,10-K,2025-12-31,2026-02-12,6339900000.0,Assets,10-K,2025-12-31,2026-02-12,3593900000.0,Liabilities,10-K,2025-12-31,2026-02-12,2746000000.0,StockholdersEquity,10-K,2025-12-31,2026-02-12,917700000.0,CashAndCashEquivalentsAtCarryingValue,10-K,2025-12-31,2026-02-12,1440700000.0,NetCashProvidedByUsedInOperatingActivities,10-K,2025-12-31,2026-02-12,363500000.0,PaymentsToAcquirePropertyPlantAndEquipment,10-K,2025-12-31,2026-02-12,20300000.0,InterestExpense,10-K,2023-12-31,2024-02-08,1860100000.0,CostOfGoodsAndServicesSold,10-K,2025-12-31,2026-02-12,1559900000.0,PropertyPlantAndEquipmentAndFinanceLeaseRightOfUseAssetAfterAccumulatedDepreciationAndAmortization,10-K,2025-12-31,2026-02-12,251800000.0,DepreciationDepletionAndAmortization,10-K,2025-12-31,2026-02-12,1291000000.0,SellingGeneralAndAdministrativeExpense,10-K,2025-12-31,2026-02-12,4033300000.0,AssetsCurrent,10-K,2025-12-31,2026-02-12,2142500000.0,LiabilitiesCurrent,10-K,2025-12-31,2026-02-12,1216100000.0,AccountsReceivableNetCurrent,10-K,2025-12-31,2026-02-12,629100000.0,InventoryNet,10-K,2025-12-31,2026-02-12,,,,,,4600000.0,LongTermDebt,10-K,2014-12-31,2015-02-25,,,,,,True,60.61000061035156,-0.05326454563449523,-0.1361174822303407,0.3576470115002915,-0.185130373104896
EA,Electronic Arts,Industrials,,Nasdaq 100; S&P 500,NR (to derive from financials),NR,default - no public rating available; derive from leverage/margin post-SEC pull,0000712515,True,7463000000.0,Revenues,10-K,2025-03-31,2025-05-13,1121000000.0,NetIncomeLoss,10-K,2025-03-31,2025-05-13,12368000000.0,Assets,10-K,2025-03-31,2025-05-13,5982000000.0,Liabilities,10-K,2025-03-31,2025-05-13,6386000000.0,StockholdersEquity,10-K,2025-03-31,2025-05-13,2136000000.0,CashCashEquivalentsRestrictedCashAndRestrictedCashEquivalents,10-K,2025-03-31,2025-05-13,2079000000.0,NetCashProvidedByUsedInOperatingActivities,10-K,2025-03-31,2025-05-13,11000000.0,PaymentsToAcquirePropertyPlantAndEquipment,10-Q,2010-06-30,2010-08-09,58000000.0,InterestExpense,10-K,2025-03-31,2025-05-13,1543000000.0,CostOfRevenue,10-K,2025-03-31,2025-05-13,586000000.0,PropertyPlantAndEquipmentNet,10-K,2025-03-31,2025-05-13,204000000.0,Depreciation,10-K,2025-03-31,2025-05-13,745000000.0,GeneralAndAdministrativeExpense,10-K,2025-03-31,2025-05-13,3276000000.0,AssetsCurrent,10-K,2025-03-31,2025-05-13,3459000000.0,LiabilitiesCurrent,10-K,2025-03-31,2025-05-13,679000000.0,AccountsReceivableNetCurrent,10-K,2025-03-31,2025-05-13,33000000.0,InventoryNet,10-K,2016-03-31,2016-05-27,105000000.0,AccountsPayableCurrent,10-K,2025-03-31,2025-05-13,,,,,,,,,,,True,200.44000244140625,-0.011344594009273457,-0.001196492761583734,0.05922741531608413,-0.020315130108446655
EBAY,eBay Inc.,Consumer Discretionary,Broadline Retail,S&P 500,NR (to derive from financials),NR,default - no public rating available; derive from leverage/margin post-SEC pull,0001065088,True,11100000000.0,RevenueFromContractWithCustomerExcludingAssessedTax,10-K,2025-12-31,2026-02-19,2031000000.0,NetIncomeLoss,10-K,2025-12-31,2026-02-19,17610000000.0,Assets,10-K,2025-12-31,2026-02-19,12995000000.0,Liabilities,10-K,2025-12-31,2026-02-19,4615000000.0,StockholdersEquity,10-K,2025-12-31,2026-02-19,1867000000.0,CashAndCashEquivalentsAtCarryingValue,10-K,2025-12-31,2026-02-19,1959000000.0,NetCashProvidedByUsedInOperatingActivities,10-K,2025-12-31,2026-02-19,525000000.0,PaymentsToAcquirePropertyPlantAndEquipment,10-K,2025-12-31,2026-02-19,263000000.0,InterestExpense,10-K,2023-12-31,2024-02-28,3169000000.0,CostOfRevenue,10-K,2025-12-31,2026-02-19,1338000000.0,PropertyPlantAndEquipmentNet,10-K,2025-12-31,2026-02-19,421000000.0,DepreciationDepletionAndAmortization,10-K,2025-12-31,2026-02-19,1198000000.0,GeneralAndAdministrativeExpense,10-K,2025-12-31,2026-02-19,5086000000.0,AssetsCurrent,10-K,2025-12-31,2026-02-19,4637000000.0,LiabilitiesCurrent,10-K,2025-12-31,2026-02-19,135000000.0,AccountsReceivableNetCurrent,10-K,2025-12-31,2026-02-19,,,,,,242000000.0,AccountsPayableCurrent,10-K,2025-12-31,2026-02-19,6973000000.0,LongTermDebtNoncurrent,10-K,2023-12-31,2024-02-28,750000000.0,LongTermDebtCurrent,10-K,2025-12-31,2026-02-19,True,107.69000244140625,0.12882600334333816,0.2368362620744744,0.37628962782961645,-0.015000451497135137
ECL,Ecolab,Materials,Specialty Chemicals,S&P 500,A- shown,A-,screenshot,0000031462,True,16081200000.0,RevenueFromContractWithCustomerExcludingAssessedTax,10-K,2025-12-31,2026-02-23,2075600000.0,NetIncomeLoss,10-K,2025-12-31,2026-02-23,24696300000.0,Assets,10-K,2025-12-31,2026-02-23,14891800000.0,Liabilities,10-K,2025-12-31,2026-02-23,9770800000.0,StockholdersEquity,10-K,2025-12-31,2026-02-23,646200000.0,CashAndCashEquivalentsAtCarryingValue,10-K,2025-12-31,2026-02-23,2952600000.0,NetCashProvidedByUsedInOperatingActivities,10-K,2025-12-31,2026-02-23,1048300000.0,PaymentsToAcquirePropertyPlantAndEquipment,10-K,2025-12-31,2026-02-23,306200000.0,InterestExpense,10-K,2025-12-31,2026-02-23,8930800000.0,CostOfGoodsAndServicesSold,10-K,2025-12-31,2026-02-23,4276600000.0,PropertyPlantAndEquipmentNet,10-K,2025-12-31,2026-02-23,672600000.0,Depreciation,10-K,2025-12-31,2026-02-23,4257900000.0,SellingGeneralAndAdministrativeExpense,10-K,2025-12-31,2026-02-23,5955600000.0,AssetsCurrent,10-K,2025-12-31,2026-02-23,5534700000.0,LiabilitiesCurrent,10-K,2025-12-31,2026-02-23,3249400000.0,AccountsReceivableNetCurrent,10-K,2025-12-31,2026-02-23,1490400000.0,InventoryNet,10-K,2025-12-31,2026-02-23,2071000000.0,AccountsPayableCurrent,10-K,2025-12-31,2026-02-23,7600000000.0,LongTermDebt,10-K,2011-12-31,2012-02-28,6600000.0,LongTermDebtCurrent,10-K,2011-12-31,2012-02-28,True,254.22000122070312,-0.06977937988202787,-0.11541736238036238,0.24771784861622786,-0.1733376957401831
ED,Consolidated Edison,Utilities,Multi-Utilities,S&P 500,NR (to derive from financials),NR,default - no public rating available; derive from leverage/margin post-SEC pull,0001047862,True,16918000000.0,Revenues,10-K,2025-12-31,2026-02-19,2023000000.0,NetIncomeLoss,10-K,2025-12-31,2026-02-19,74603000000.0,Assets,10-K,2025-12-31,2026-02-19,,,,,,24190000000.0,StockholdersEquity,10-K,2025-12-31,2026-02-19,1629000000.0,CashAndCashEquivalentsAtCarryingValue,10-K,2025-12-31,2026-02-19,4800000000.0,NetCashProvidedByUsedInOperatingActivities,10-K,2025-12-31,2026-02-19,4465000000.0,PaymentsToAcquirePropertyPlantAndEquipment,10-K,2022-12-31,2023-02-16,1233000000.0,InterestExpense,10-K,2025-12-31,2026-02-19,,,,,,55403000000.0,PropertyPlantAndEquipmentNet,10-K,2025-12-31,2026-02-19,2321000000.0,DepreciationAndAmortization,10-K,2025-12-31,2026-02-19,,,,,,6750000000.0,AssetsCurrent,10-K,2025-12-31,2026-02-19,6614000000.0,LiabilitiesCurrent,10-K,2025-12-31,2026-02-19,2583000000.0,AccountsReceivableNetCurrent,10-K,2025-12-31,2026-02-19,,,,,,1947000000.0,AccountsPayableCurrent,10-K,2025-12-31,2026-02-19,25801000000.0,LongTermDebt,10-K,2025-12-31,2026-02-19,250000000.0,LongTermDebtCurrent,10-K,2025-12-31,2026-02-19,True,106.30999755859375,-0.06384290380298052,0.004360531642199295,0.17703610386798296,-0.07924823833737082
EFX,Equifax,Industrials,Research & Consulting Services,S&P 500,NR (to derive from financials),NR,default - no public rating available; derive from leverage/margin post-SEC pull,0000033185,True,6074500000.0,RevenueFromContractWithCustomerExcludingAssessedTax,10-K,2025-12-31,2026-02-19,660300000.0,NetIncomeLoss,10-K,2025-12-31,2026-02-19,11864200000.0,Assets,10-K,2025-12-31,2026-02-19,7126000000.0,Liabilities,10-K,2025-12-31,2026-02-19,4604300000.0,StockholdersEquity,10-K,2025-12-31,2026-02-19,180800000.0,CashAndCashEquivalentsAtCarryingValue,10-K,2025-12-31,2026-02-19,1615700000.0,NetCashProvidedByUsedInOperatingActivities,10-K,2025-12-31,2026-02-19,481400000.0,PaymentsToAcquireProductiveAssets,10-K,2025-12-31,2026-02-19,241400000.0,InterestExpense,10-K,2023-12-31,2024-02-22,1210700000.0,CostOfServices,10-K,2017-12-31,2018-03-01,1932400000.0,PropertyPlantAndEquipmentNet,10-K,2025-12-31,2026-02-19,726900000.0,DepreciationDepletionAndAmortization,10-K,2025-12-31,2026-02-19,1614200000.0,SellingGeneralAndAdministrativeExpense,10-K,2025-12-31,2026-02-19,1412200000.0,AssetsCurrent,10-K,2025-12-31,2026-02-19,2335400000.0,LiabilitiesCurrent,10-K,2025-12-31,2026-02-19,1012700000.0,AccountsReceivableNetCurrent,10-K,2025-12-31,2026-02-19,,,,,,206400000.0,AccountsPayableCurrent,10-K,2025-12-31,2026-02-19,5114200000.0,LongTermDebt,10-K,2025-12-31,2026-02-19,,,,,,True,175.8300018310547,-0.012024494998989166,-0.11666386228989689,0.37154181631895405,-0.22318889214642634
EG,Everest Group,Financials,Reinsurance,S&P 500,NR (to derive from financials),NR,default - no public rating available; derive from leverage/margin post-SEC pull,0001095073,True,17496000000.0,Revenues,10-K,2025-12-31,2026-02-26,1591000000.0,NetIncomeLoss,10-K,2025-12-31,2026-02-26,62514000000.0,Assets,10-K,2025-12-31,2026-02-26,47054000000.0,Liabilities,10-K,2025-12-31,2026-02-26,15461000000.0,StockholdersEquity,10-K,2025-12-31,2026-02-26,1318000000.0,CashCashEquivalentsRestrictedCashAndRestrictedCashEquivalents,10-K,2025-12-31,2026-02-26,3068000000.0,NetCashProvidedByUsedInOperatingActivities,10-K,2025-12-31,2026-02-26,,,,,,31693000.0,InterestExpense,10-K,2019-12-31,2020-03-02,,,,,,,,,,,,,,,,3461000000.0,SellingAndMarketingExpense,10-K,2025-12-31,2026-02-26,,,,,,,,,,,,,,,,,,,,,,,,,,,,,,,50000000.0,ShortTermBorrowings,10-K,2010-12-31,2012-02-29,True,351.5199890136719,0.06563189807182424,0.09808348865181271,0.20153877518533964,-0.014687803028695878
EIX,Edison International,Utilities,Electric Utilities,S&P 500,NR (to derive from financials),NR,default - no public rating available; derive from leverage/margin post-SEC pull,0000827052,True,19317000000.0,Revenues,10-K,2025-12-31,2026-02-18,4459000000.0,NetIncomeLoss,10-K,2025-12-31,2026-02-18,94026000000.0,Assets,10-K,2025-12-31,2026-02-18,74767000000.0,Liabilities,10-K,2025-12-31,2026-02-18,17579000000.0,StockholdersEquity,10-K,2025-12-31,2026-02-18,158000000.0,CashAndCashEquivalentsAtCarryingValue,10-K,2025-12-31,2026-02-18,5800000000.0,NetCashProvidedByUsedInOperatingActivities,10-K,2025-12-31,2026-02-18,6515000000.0,PaymentsToAcquirePropertyPlantAndEquipment,10-K,2025-12-31,2026-02-18,1612000000.0,InterestExpense,10-K,2023-12-31,2024-02-22,,,,,,63328000000.0,PropertyPlantAndEquipmentNet,10-K,2025-12-31,2026-02-18,3237000000.0,DepreciationDepletionAndAmortization,10-K,2025-12-31,2026-02-18,,,,,,7686000000.0,AssetsCurrent,10-K,2025-12-31,2026-02-18,10536000000.0,LiabilitiesCurrent,10-K,2025-12-31,2026-02-18,1463000000.0,AccountsReceivableNetCurrent,10-K,2025-12-31,2026-02-18,535000000.0,InventoryNet,10-K,2025-12-31,2026-02-18,2344000000.0,AccountsPayableCurrent,10-K,2025-12-31,2026-02-18,37998000000.0,LongTermDebt,10-K,2025-12-31,2026-02-18,2390000000.0,ShortTermBorrowings,10-K,2025-12-31,2026-02-18,True,68.94999694824219,-0.08940840152297702,0.09394210555143823,0.2512556195118726,-0.09060937449530226
EL,Estée Lauder Companies (The),Consumer Staples,Personal Care Products,S&P 500,NR (to derive from financials),NR,default - no public rating available; derive from leverage/margin post-SEC pull,0001001250,True,14326000000.0,RevenueFromContractWithCustomerExcludingAssessedTax,10-K,2025-06-30,2025-08-20,-1133000000.0,ProfitLoss,10-K,2025-06-30,2025-08-20,19892000000.0,Assets,10-K,2025-06-30,2025-08-20,8745000000.0,Liabilities,10-K,2019-06-30,2021-08-27,3865000000.0,StockholdersEquityIncludingPortionAttributableToNoncontrollingInterest,10-K,2025-06-30,2025-08-20,2921000000.0,CashCashEquivalentsRestrictedCashAndRestrictedCashEquivalents,10-K,2025-06-30,2025-08-20,1272000000.0,NetCashProvidedByUsedInOperatingActivities,10-K,2025-06-30,2025-08-20,602000000.0,PaymentsToAcquirePropertyPlantAndEquipment,10-K,2025-06-30,2025-08-20,378000000.0,InterestExpense,10-K,2024-06-30,2024-08-19,3729000000.0,CostOfGoodsAndServicesSold,10-K,2025-06-30,2025-08-20,3172000000.0,PropertyPlantAndEquipmentNet,10-K,2025-06-30,2025-08-20,829000000.0,DepreciationDepletionAndAmortization,10-K,2025-06-30,2025-08-20,9456000000.0,SellingGeneralAndAdministrativeExpense,10-K,2025-06-30,2025-08-20,7069000000.0,AssetsCurrent,10-K,2025-06-30,2025-08-20,5435000000.0,LiabilitiesCurrent,10-K,2025-06-30,2025-08-20,1530000000.0,AccountsReceivableNetCurrent,10-K,2025-06-30,2025-08-20,2074000000.0,InventoryNet,10-K,2025-06-30,2025-08-20,493800000.0,AccountsPayableCurrent,10-K,2012-06-30,2012-08-17,1080100000.0,LongTermDebtNoncurrent,10-K,2011-06-30,2011-08-22,,,,,,True,86.19999694824219,0.18618410788785145,-0.12664924253573973,0.49707944099345236,-0.277063306068163
ELV,Elevance Health,Healthcare,Managed Health Care,S&P 500,NR (to derive from financials),NR,default - no public rating available; derive from leverage/margin post-SEC pull,0001156039,True,199125000000.0,Revenues,10-K,2025-12-31,2026-02-06,5662000000.0,NetIncomeLoss,10-K,2025-12-31,2026-02-06,121494000000.0,Assets,10-K,2025-12-31,2026-02-06,77468000000.0,Liabilities,10-K,2025-12-31,2026-02-06,43882000000.0,StockholdersEquity,10-K,2025-12-31,2026-02-06,9491000000.0,CashAndCashEquivalentsAtCarryingValue,10-K,2025-12-31,2026-02-06,4290000000.0,NetCashProvidedByUsedInOperatingActivities,10-K,2025-12-31,2026-02-06,1116000000.0,PaymentsToAcquirePropertyPlantAndEquipment,10-K,2025-12-31,2026-02-06,1030000000.0,InterestExpense,10-K,2023-12-31,2024-02-21,21178000000.0,CostOfGoodsAndServicesSold,10-K,2025-12-31,2026-02-06,4679000000.0,PropertyPlantAndEquipmentNet,10-K,2025-12-31,2026-02-06,94000000.0,Depreciation,10-K,2025-12-31,2026-02-06,20984000000.0,SellingGeneralAndAdministrativeExpense,10-K,2025-12-31,2026-02-06,63001000000.0,AssetsCurrent,10-K,2025-12-31,2026-02-06,41035000000.0,LiabilitiesCurrent,10-K,2025-12-31,2026-02-06,,,,,,,,,,,7322000000.0,AccountsPayableAndAccruedLiabilitiesCurrent,10-K,2025-12-31,2026-02-06,31896000000.0,LongTermDebt,10-K,2025-12-31,2026-02-06,150000000.0,ShortTermBorrowings,10-K,2025-12-31,2026-02-06,True,378.07000732421875,0.2135910146876805,0.16152848570173828,0.33959375208272996,-0.004004451695462263
EME,Emcor,Industrials,Construction & Engineering,S&P 500,NR (to derive from financials),NR,default - no public rating available; derive from leverage/margin post-SEC pull,0000105634,True,16986422000.0,Revenues,10-K,2025-12-31,2026-02-26,1272817000.0,NetIncomeLoss,10-K,2025-12-31,2026-02-26,9291399000.0,Assets,10-K,2025-12-31,2026-02-26,5616418000.0,Liabilities,10-K,2025-12-31,2026-02-26,3673944000.0,StockholdersEquity,10-K,2025-12-31,2026-02-26,1111968000.0,CashAndCashEquivalentsAtCarryingValue,10-K,2025-12-31,2026-02-26,1302063000.0,NetCashProvidedByUsedInOperatingActivities,10-K,2025-12-31,2026-02-26,112750000.0,PaymentsToAcquireProductiveAssets,10-K,2025-12-31,2026-02-26,12020000.0,InterestExpense,10-K,2025-12-31,2026-02-26,13703434000.0,CostOfGoodsAndServicesSold,10-K,2025-12-31,2026-02-26,253277000.0,PropertyPlantAndEquipmentNet,10-K,2025-12-31,2026-02-26,67368000.0,Depreciation,10-K,2025-12-31,2026-02-26,1714446000.0,SellingGeneralAndAdministrativeExpense,10-K,2025-12-31,2026-02-26,5937345000.0,AssetsCurrent,10-K,2025-12-31,2026-02-26,4864940000.0,LiabilitiesCurrent,10-K,2025-12-31,2026-02-26,4241177000.0,AccountsReceivableNetCurrent,10-K,2025-12-31,2026-02-26,,,,,,1227428000.0,AccountsPayableCurrent,10-K,2025-12-31,2026-02-26,0.0,LongTermDebt,10-K,2012-12-31,2014-02-25,,,,,,True,921.6400146484375,0.14913326152970652,0.1879044833587249,0.3901683125664952,-0.023427799048013287
EMR,Emerson Electric,Industrials,Electrical Components & Equipment,S&P 500,NR (to derive from financials),NR,default - no public rating available; derive from leverage/margin post-SEC pull,0000032604,True,18016000000.0,RevenueFromContractWithCustomerExcludingAssessedTax,10-K,2025-09-30,2025-11-10,2293000000.0,NetIncomeLoss,10-K,2025-09-30,2025-11-10,41964000000.0,Assets,10-K,2025-09-30,2025-11-10,,,,,,20282000000.0,StockholdersEquity,10-K,2025-09-30,2025-11-10,1544000000.0,CashCashEquivalentsRestrictedCashAndRestrictedCashEquivalents,10-K,2025-09-30,2025-11-10,3098000000.0,NetCashProvidedByUsedInOperatingActivities,10-K,2025-09-30,2025-11-10,431000000.0,PaymentsToAcquirePropertyPlantAndEquipment,10-K,2025-09-30,2025-11-10,147000000.0,InterestExpense,10-K,2021-09-30,2023-11-13,8497000000.0,CostOfGoodsAndServicesSold,10-K,2025-09-30,2025-11-10,2871000000.0,PropertyPlantAndEquipmentNet,10-K,2025-09-30,2025-11-10,1518000000.0,DepreciationDepletionAndAmortization,10-K,2025-09-30,2025-11-10,5103000000.0,SellingGeneralAndAdministrativeExpense,10-K,2025-09-30,2025-11-10,8583000000.0,AssetsCurrent,10-K,2025-09-30,2025-11-10,9797000000.0,LiabilitiesCurrent,10-K,2025-09-30,2025-11-10,3101000000.0,AccountsReceivableNetCurrent,10-K,2025-09-30,2025-11-10,2213000000.0,InventoryNet,10-K,2025-09-30,2025-11-10,1384000000.0,AccountsPayableCurrent,10-K,2025-09-30,2025-11-10,8924000000.0,LongTermDebt,10-K,2025-09-30,2025-11-10,605000000.0,LongTermDebtCurrent,10-K,2025-09-30,2025-11-10,True,141.30999755859375,-0.017110709054478312,-0.11347397425607908,0.40055400766714183,-0.12268520382483772
EOG,EOG Resources,Energy,Oil & Gas Exploration & Production,S&P 500,NR (to derive from financials),NR,default - no public rating available; derive from leverage/margin post-SEC pull,0000821189,True,22632000000.0,Revenues,10-K,2025-12-31,2026-02-24,4980000000.0,NetIncomeLoss,10-K,2025-12-31,2026-02-24,51799000000.0,Assets,10-K,2025-12-31,2026-02-24,,,,,,29833000000.0,StockholdersEquity,10-K,2025-12-31,2026-02-24,3396000000.0,CashAndCashEquivalentsAtCarryingValue,10-K,2025-12-31,2026-02-24,10044000000.0,NetCashProvidedByUsedInOperatingActivities,10-K,2025-12-31,2026-02-24,,,,,,235000000.0,InterestExpense,10-K,2025-12-31,2026-02-24,,,,,,42341000000.0,PropertyPlantAndEquipmentNet,10-K,2025-12-31,2026-02-24,4461000000.0,DepreciationDepletionAndAmortization,10-K,2025-12-31,2026-02-24,820000000.0,GeneralAndAdministrativeExpense,10-K,2025-12-31,2026-02-24,7656000000.0,AssetsCurrent,10-K,2025-12-31,2026-02-24,4691000000.0,LiabilitiesCurrent,10-K,2025-12-31,2026-02-24,2681000000.0,AccountsReceivableNetCurrent,10-K,2025-12-31,2026-02-24,1014000000.0,InventoryNet,10-K,2025-12-31,2026-02-24,2904000000.0,AccountsPayableCurrent,10-K,2025-12-31,2026-02-24,7909000000.0,LongTermDebtNoncurrent,10-K,2025-12-31,2026-02-24,27000000.0,LongTermDebtCurrent,10-K,2025-12-31,2026-02-24,True,130.02999877929688,-0.03781785819655281,0.15078238762559093,0.3034240484944059,-0.1257615792672343
EPAM,EPAM Systems,Technology,IT Consulting & Other Services,S&P 500,NR (to derive from financials),NR,default - no public rating available; derive from leverage/margin post-SEC pull,0001352010,True,5457056000.0,RevenueFromContractWithCustomerExcludingAssessedTax,10-K,2025-12-31,2026-02-26,377678000.0,NetIncomeLoss,10-K,2025-12-31,2026-02-26,4902136000.0,Assets,10-K,2025-12-31,2026-02-26,1224328000.0,Liabilities,10-K,2025-12-31,2026-02-26,3677226000.0,StockholdersEquity,10-K,2025-12-31,2026-02-26,1296077000.0,CashAndCashEquivalentsAtCarryingValue,10-K,2025-12-31,2026-02-26,654934000.0,NetCashProvidedByUsedInOperatingActivities,10-K,2025-12-31,2026-02-26,42243000.0,PaymentsToAcquirePropertyPlantAndEquipment,10-K,2025-12-31,2026-02-26,,,,,,3883535000.0,CostOfRevenue,10-K,2025-12-31,2026-02-26,202387000.0,PropertyPlantAndEquipmentNet,10-K,2025-12-31,2026-02-26,124811000.0,DepreciationAndAmortization,10-K,2025-12-31,2026-02-26,928707000.0,SellingGeneralAndAdministrativeExpense,10-K,2025-12-31,2026-02-26,2533888000.0,AssetsCurrent,10-K,2025-12-31,2026-02-26,976942000.0,LiabilitiesCurrent,10-K,2025-12-31,2026-02-26,0.0,AccountsReceivableNetCurrent,10-K,2018-12-31,2020-03-02,,,,,,55329000.0,AccountsPayableCurrent,10-K,2025-12-31,2026-02-26,25034000.0,LongTermDebtNoncurrent,10-K,2025-12-31,2026-02-26,2861000.0,ShortTermBorrowings,10-K,2022-12-31,2023-02-24,True,99.2300033569336,-0.18976073840228636,-0.4791896079741329,0.5270909017334064,-0.5518066572154984
EQIX,Equinix,Real Estate,Data Center REITs,S&P 500,NR (to derive from financials),NR,default - no public rating available; derive from leverage/margin post-SEC pull,0001101239,True,9217000000.0,RevenueFromContractWithCustomerExcludingAssessedTax,10-K,2025-12-31,2026-02-11,1350000000.0,NetIncomeLoss,10-K,2025-12-31,2026-02-11,40141000000.0,Assets,10-K,2025-12-31,2026-02-11,25963000000.0,Liabilities,10-K,2025-12-31,2026-02-11,14156000000.0,StockholdersEquity,10-K,2025-12-31,2026-02-11,1727000000.0,CashAndCashEquivalentsAtCarryingValue,10-K,2025-12-31,2026-02-11,3911000000.0,NetCashProvidedByUsedInOperatingActivities,10-K,2025-12-31,2026-02-11,4311000000.0,PaymentsToAcquireProductiveAssets,10-K,2025-12-31,2026-02-11,402022000.0,InterestExpense,10-K,2023-12-31,2024-02-16,4508000000.0,CostOfRevenue,10-K,2025-12-31,2026-02-11,23584000000.0,PropertyPlantAndEquipmentNet,10-K,2025-12-31,2026-02-11,2050000000.0,DepreciationDepletionAndAmortization,10-K,2025-12-31,2026-02-11,1840000000.0,GeneralAndAdministrativeExpense,10-K,2025-12-31,2026-02-11,5125000000.0,AssetsCurrent,10-K,2025-12-31,2026-02-11,3893000000.0,LiabilitiesCurrent,10-K,2025-12-31,2026-02-11,1001000000.0,AccountsReceivableNetCurrent,10-K,2025-12-31,2026-02-11,,,,,,127000000.0,AccountsPayableCurrent,10-K,2025-12-31,2026-02-11,15334000000.0,LongTermDebt,10-K,2024-12-31,2025-02-12,1299000000.0,LongTermDebtCurrent,10-K,2025-12-31,2026-02-11,True,1072.0799560546875,0.040611863465709774,0.2567014759140942,0.2751521038289336,-0.03874335956961872
EQR,Equity Residential,Real Estate,Multi-Family Residential REITs,S&P 500,NR (to derive from financials),NR,default - no public rating available; derive from leverage/margin post-SEC pull,0000906107,True,2701075000.0,Revenues,10-K,2019-12-31,2020-02-20,1120089000.0,NetIncomeLoss,10-K,2025-12-31,2026-02-13,20746023000.0,Assets,10-K,2025-12-31,2026-02-13,9336889000.0,Liabilities,10-K,2025-12-31,2026-02-13,11041499000.0,StockholdersEquity,10-K,2025-12-31,2026-02-13,55904000.0,CashAndCashEquivalentsAtCarryingValue,10-K,2025-12-31,2026-02-13,1648763000.0,NetCashProvidedByUsedInOperatingActivities,10-K,2025-12-31,2026-02-13,4505000.0,PaymentsToAcquireProductiveAssets,10-K,2018-12-31,2019-02-21,1300000.0,InterestExpense,10-K,2014-12-31,2017-02-23,,,,,,,,,,,1010400000.0,Depreciation,10-K,2025-12-31,2026-02-13,65280000.0,GeneralAndAdministrativeExpense,10-K,2025-12-31,2026-02-13,,,,,,,,,,,,,,,,,,,,,,,,,,8241242000.0,LongTermDebt,10-K,2025-12-31,2026-02-13,,,,,,True,65.54000091552734,0.07196600539423414,0.02572675394828483,0.20353531378095926,-0.010716967312794812
EQT,EQT Corporation,Energy,Oil & Gas Exploration & Production,S&P 500,NR (to derive from financials),NR,default - no public rating available; derive from leverage/margin post-SEC pull,0000033213,True,8644211000.0,Revenues,10-K,2025-12-31,2026-02-18,2039247000.0,NetIncomeLoss,10-K,2025-12-31,2026-02-18,41792874000.0,Assets,10-K,2025-12-31,2026-02-18,14432726000.0,Liabilities,10-K,2025-12-31,2026-02-18,23752677000.0,StockholdersEquity,10-K,2025-12-31,2026-02-18,110795000.0,CashAndCashEquivalentsAtCarryingValue,10-K,2025-12-31,2026-02-18,5125952000.0,NetCashProvidedByUsedInOperatingActivities,10-K,2025-12-31,2026-02-18,2288425000.0,PaymentsToAcquirePropertyPlantAndEquipment,10-K,2025-12-31,2026-02-18,219660000.0,InterestExpense,10-K,2023-12-31,2024-02-14,1532090000.0,CostOfGoodsAndServicesSold,10-K,2025-12-31,2026-02-18,33557808000.0,PropertyPlantAndEquipmentNet,10-K,2025-12-31,2026-02-18,2600390000.0,DepreciationDepletionAndAmortization,10-K,2025-12-31,2026-02-18,380066000.0,SellingGeneralAndAdministrativeExpense,10-K,2025-12-31,2026-02-18,1895151000.0,AssetsCurrent,10-K,2025-12-31,2026-02-18,2484841000.0,LiabilitiesCurrent,10-K,2025-12-31,2026-02-18,1457959000.0,AccountsReceivableNetCurrent,10-K,2025-12-31,2026-02-18,,,,,,1367431000.0,AccountsPayableCurrent,10-K,2025-12-31,2026-02-18,7800328000.0,LongTermDebt,10-K,2025-12-31,2026-02-18,507119000.0,LongTermDebtCurrent,10-K,2025-12-31,2026-02-18,True,55.959999084472656,-0.04366589379783514,0.0025988355439781063,0.2733843172602677,-0.17388949420759925
ERIE,Erie Indemnity,Financials,Insurance Brokers,S&P 500,NR (to derive from financials),NR,default - no public rating available; derive from leverage/margin post-SEC pull,0000922621,True,4067258000.0,RevenueFromContractWithCustomerExcludingAssessedTax,10-K,2025-12-31,2026-02-23,559335000.0,NetIncomeLoss,10-K,2025-12-31,2026-02-23,3355481000.0,Assets,10-K,2025-12-31,2026-02-23,1072107000.0,Liabilities,10-K,2025-12-31,2026-02-23,2283374000.0,StockholdersEquity,10-K,2025-12-31,2026-02-23,345874000.0,CashCashEquivalentsRestrictedCashAndRestrictedCashEquivalents,10-K,2025-12-31,2026-02-23,686657000.0,NetCashProvidedByUsedInOperatingActivities,10-K,2025-12-31,2026-02-23,115692000.0,PaymentsToAcquireProductiveAssets,10-K,2025-12-31,2026-02-23,0.0,InterestExpense,10-K,2023-12-31,2024-02-26,,,,,,,,,,,69450000.0,DepreciationDepletionAndAmortization,10-K,2025-12-31,2026-02-23,,,,,,1199173000.0,AssetsCurrent,10-K,2025-12-31,2026-02-23,945587000.0,LiabilitiesCurrent,10-K,2025-12-31,2026-02-23,735589000.0,AccountsReceivableNetCurrent,10-K,2025-12-31,2026-02-23,,,,,,200701000.0,AccountsPayableAndAccruedLiabilitiesCurrent,10-K,2025-12-31,2026-02-23,0.0,LongTermDebtNoncurrent,10-K,2022-12-31,2023-03-01,0.0,LongTermDebtCurrent,10-K,2022-12-31,2023-03-01,True,215.89999389648438,-0.1491960964293435,-0.19446116337817954,0.38029621134964586,-0.2718598658172363
ES,Eversource Energy,Utilities,Electric Utilities,S&P 500,NR (to derive from financials),NR,default - no public rating available; derive from leverage/margin post-SEC pull,0000072741,True,13547244000.0,Revenues,10-K,2025-12-31,2026-02-17,1699891000.0,ProfitLoss,10-K,2025-12-31,2026-02-17,63786711000.0,Assets,10-K,2025-12-31,2026-02-17,,,,,,16197271000.0,StockholdersEquity,10-K,2025-12-31,2026-02-17,135400000.0,CashAndCashEquivalentsAtCarryingValue,10-K,2025-12-31,2026-02-17,4113572000.0,NetCashProvidedByUsedInOperatingActivities,10-K,2025-12-31,2026-02-17,4158669000.0,PaymentsToAcquirePropertyPlantAndEquipment,10-K,2025-12-31,2026-02-17,855441000.0,InterestExpense,10-K,2023-12-31,2024-02-14,,,,,,,,,,,2404500000.0,DepreciationDepletionAndAmortization,10-K,2025-12-31,2026-02-17,,,,,,5077186000.0,AssetsCurrent,10-K,2025-12-31,2026-02-17,7808512000.0,LiabilitiesCurrent,10-K,2025-12-31,2026-02-17,1847094000.0,AccountsReceivableNetCurrent,10-K,2025-12-31,2026-02-17,,,,,,1859692000.0,AccountsPayableCurrent,10-K,2025-12-31,2026-02-17,26872433000.0,LongTermDebtNoncurrent,10-K,2025-12-31,2026-02-17,1392948000.0,LongTermDebtCurrent,10-K,2025-12-31,2026-02-17,True,66.51000213623047,-0.049449750237375856,-0.0061630302773967305,0.2377102648034778,-0.11805290550085934
ESS,Essex Property Trust,Real Estate,Multi-Family Residential REITs,S&P 500,NR (to derive from financials),NR,default - no public rating available; derive from leverage/margin post-SEC pull,0000920522,True,1887345000.0,Revenues,10-K,2025-12-31,2026-02-20,702773000.0,ProfitLoss,10-K,2025-12-31,2026-02-20,13159009000.0,Assets,10-K,2025-12-31,2026-02-20,7422114000.0,Liabilities,10-K,2025-12-31,2026-02-20,5541372000.0,StockholdersEquity,10-K,2025-12-31,2026-02-20,76241000.0,CashAndCashEquivalentsAtCarryingValue,10-K,2025-12-31,2026-02-20,1074423000.0,NetCashProvidedByUsedInOperatingActivities,10-K,2025-12-31,2026-02-20,,,,,,212905000.0,InterestExpense,10-K,2023-12-31,2024-02-23,,,,,,,,,,,607542000.0,DepreciationAndAmortization,10-K,2025-12-31,2026-02-20,71948000.0,GeneralAndAdministrativeExpense,10-K,2025-12-31,2026-02-20,,,,,,,,,,,,,,,,,,,,,,,,,,638959000.0,LongTermDebt,10-K,2021-12-31,2022-02-25,,,,,,True,263.54998779296875,0.053904826944212614,0.03333551702486681,0.20460442476430155,-0.016164017511265838
ETN,Eaton Corporation,Industrials,Electrical Components & Equipment,S&P 500,NR (to derive from financials),NR,default - no public rating available; derive from leverage/margin post-SEC pull,0001551182,True,27448000000.0,RevenueFromContractWithCustomerExcludingAssessedTax,10-K,2025-12-31,2026-02-26,4087000000.0,NetIncomeLoss,10-K,2025-12-31,2026-02-26,41251000000.0,Assets,10-K,2025-12-31,2026-02-26,,,,,,19425000000.0,StockholdersEquity,10-K,2025-12-31,2026-02-26,622000000.0,CashAndCashEquivalentsAtCarryingValue,10-K,2025-12-31,2026-02-26,4472000000.0,NetCashProvidedByUsedInOperatingActivities,10-K,2025-12-31,2026-02-26,919000000.0,PaymentsToAcquirePropertyPlantAndEquipment,10-K,2025-12-31,2026-02-26,144000000.0,InterestExpense,10-K,2021-12-31,2022-02-23,17131000000.0,CostOfRevenue,10-K,2025-12-31,2026-02-26,4316000000.0,PropertyPlantAndEquipmentNet,10-K,2025-12-31,2026-02-26,1006000000.0,DepreciationDepletionAndAmortization,10-K,2025-12-31,2026-02-26,4311000000.0,SellingGeneralAndAdministrativeExpense,10-K,2025-12-31,2026-02-26,12355000000.0,AssetsCurrent,10-K,2025-12-31,2026-02-26,9370000000.0,LiabilitiesCurrent,10-K,2025-12-31,2026-02-26,5387000000.0,ReceivablesNetCurrent,10-K,2025-12-31,2026-02-26,4721000000.0,InventoryNet,10-K,2025-12-31,2026-02-26,4168000000.0,AccountsPayableCurrent,10-K,2025-12-31,2026-02-26,9894000000.0,LongTermDebt,10-K,2025-12-31,2026-02-26,1000000.0,ShortTermBorrowings,10-K,2025-12-31,2026-02-26,True,401.510009765625,-0.000943951341893956,0.07111603529094457,0.37026531351043346,-0.07018411395974022
ETR,Entergy,Utilities,Electric Utilities,S&P 500,NR (to derive from financials),NR,default - no public rating available; derive from leverage/margin post-SEC pull,0000065984,True,12946686000.0,Revenues,10-K,2025-12-31,2026-02-19,1773328000.0,ProfitLoss,10-K,2025-12-31,2026-02-19,71890730000.0,Assets,10-K,2025-12-31,2026-02-19,,,,,,16923076000.0,StockholdersEquity,10-K,2025-12-31,2026-02-19,1928916000.0,CashAndCashEquivalentsAtCarryingValue,10-K,2025-12-31,2026-02-19,5150651000.0,NetCashProvidedByUsedInOperatingActivities,10-K,2025-12-31,2026-02-19,7684922000.0,PaymentsToAcquirePropertyPlantAndEquipment,10-K,2025-12-31,2026-02-19,1006406000.0,InterestExpense,10-K,2023-12-31,2024-02-23,,,,,,481590000.0,PropertyPlantAndEquipmentNet,10-K,2025-12-31,2026-02-19,2305568000.0,DepreciationDepletionAndAmortization,10-K,2025-12-31,2026-02-19,,,,,,5806851000.0,AssetsCurrent,10-K,2025-12-31,2026-02-19,7822968000.0,LiabilitiesCurrent,10-K,2025-12-31,2026-02-19,1393455000.0,AccountsReceivableNetCurrent,10-K,2023-12-31,2024-02-23,,,,,,2565546000.0,AccountsPayableCurrent,10-K,2025-12-31,2026-02-19,30277161000.0,LongTermDebt,10-K,2025-12-31,2026-02-19,657774000.0,ShortTermBorrowings,10-K,2025-12-31,2026-02-19,True,111.58999633789062,-0.03667039142351358,0.1431380139366587,0.24905864526997995,-0.049164998657575065
EVRG,Evergy,Utilities,Electric Utilities,S&P 500,NR (to derive from financials),NR,default - no public rating available; derive from leverage/margin post-SEC pull,0001711269,True,5961600000.0,Revenues,10-K,2025-12-31,2026-02-19,855600000.0,NetIncomeLoss,10-K,2025-12-31,2026-02-19,33948500000.0,Assets,10-K,2025-12-31,2026-02-19,,,,,,10221300000.0,StockholdersEquity,10-K,2025-12-31,2026-02-19,19800000.0,CashAndCashEquivalentsAtCarryingValue,10-K,2025-12-31,2026-02-19,2045200000.0,NetCashProvidedByUsedInOperatingActivities,10-K,2025-12-31,2026-02-19,2796900000.0,PaymentsToAcquirePropertyPlantAndEquipment,10-K,2025-12-31,2026-02-19,616300000.0,InterestExpense,10-K,2025-12-31,2026-02-19,,,,,,26301500000.0,PropertyPlantAndEquipmentNet,10-K,2025-12-31,2026-02-19,1162900000.0,DepreciationAndAmortization,10-K,2025-12-31,2026-02-19,,,,,,1815800000.0,AssetsCurrent,10-K,2025-12-31,2026-02-19,3695900000.0,LiabilitiesCurrent,10-K,2025-12-31,2026-02-19,214200000.0,AccountsReceivableNetCurrent,10-K,2025-12-31,2026-02-19,,,,,,654300000.0,AccountsPayableCurrent,10-K,2025-12-31,2026-02-19,13039200000.0,LongTermDebtNoncurrent,10-K,2025-12-31,2026-02-19,367000000.0,LongTermDebtCurrent,10-K,2025-12-31,2026-02-19,True,81.77999877929688,-0.021536288733233877,0.06894976426710797,0.17878373884470183,-0.031157502294874018
EW,Edwards Lifesciences,Healthcare,Health Care Equipment,S&P 500,NR (to derive from financials),NR,default - no public rating available; derive from leverage/margin post-SEC pull,0001099800,True,6067600000.0,RevenueFromContractWithCustomerExcludingAssessedTax,10-K,2025-12-31,2026-02-25,1073500000.0,NetIncomeLoss,10-K,2025-12-31,2026-02-25,13697200000.0,Assets,10-K,2025-12-31,2026-02-25,3359600000.0,Liabilities,10-K,2025-12-31,2026-02-25,10337600000.0,StockholdersEquity,10-K,2025-12-31,2026-02-25,2938000000.0,CashAndCashEquivalentsAtCarryingValue,10-K,2025-12-31,2026-02-25,1595200000.0,NetCashProvidedByUsedInOperatingActivities,10-K,2025-12-31,2026-02-25,260200000.0,PaymentsToAcquirePropertyPlantAndEquipment,10-K,2025-12-31,2026-02-25,17600000.0,InterestExpense,10-K,2023-12-31,2024-02-12,1334200000.0,CostOfGoodsAndServicesSold,10-K,2025-12-31,2026-02-25,1811900000.0,PropertyPlantAndEquipmentNet,10-K,2025-12-31,2026-02-25,156600000.0,DepreciationDepletionAndAmortization,10-K,2025-12-31,2026-02-25,2085200000.0,SellingGeneralAndAdministrativeExpense,10-K,2025-12-31,2026-02-25,6738900000.0,AssetsCurrent,10-K,2025-12-31,2026-02-25,1813700000.0,LiabilitiesCurrent,10-K,2025-12-31,2026-02-25,659600000.0,AccountsReceivableNetCurrent,10-K,2025-12-31,2026-02-25,1126200000.0,InventoryNet,10-K,2025-12-31,2026-02-25,227500000.0,AccountsPayableCurrent,10-K,2025-12-31,2026-02-25,598300000.0,LongTermDebtNoncurrent,10-K,2025-12-31,2026-02-25,0.0,LongTermDebtCurrent,10-K,2018-12-31,2019-02-15,True,79.95999908447266,0.02683955649381775,0.041145780040988233,0.3005041324431463,-0.0828171736112564
EXC,Exelon,Industrials,,Nasdaq 100; S&P 500,NR (to derive from financials),NR,default - no public rating available; derive from leverage/margin post-SEC pull,0001109357,True,24258000000.0,Revenues,10-K,2025-12-31,2026-02-12,2768000000.0,ProfitLoss,10-K,2025-12-31,2026-02-12,116570000000.0,Assets,10-K,2025-12-31,2026-02-12,87772000000.0,Liabilities,10-K,2025-12-31,2026-02-12,28798000000.0,StockholdersEquity,10-K,2025-12-31,2026-02-12,626000000.0,CashAndCashEquivalentsAtCarryingValue,10-K,2025-12-31,2026-02-12,6254000000.0,NetCashProvidedByUsedInOperatingActivities,10-K,2025-12-31,2026-02-12,8529000000.0,PaymentsToAcquirePropertyPlantAndEquipment,10-K,2025-12-31,2026-02-12,1610000000.0,InterestExpense,10-K,2020-12-31,2021-02-24,,,,,,84318000000.0,PropertyPlantAndEquipmentNet,10-K,2025-12-31,2026-02-12,3043000000.0,Depreciation,10-K,2025-12-31,2026-02-12,,,,,,9546000000.0,AssetsCurrent,10-K,2025-12-31,2026-02-12,10331000000.0,LiabilitiesCurrent,10-K,2025-12-31,2026-02-12,3297000000.0,AccountsReceivableNetCurrent,10-K,2025-12-31,2026-02-12,,,,,,3382000000.0,AccountsPayableCurrent,10-K,2022-12-31,2023-02-14,49428000000.0,LongTermDebt,10-K,2025-12-31,2026-02-12,612000000.0,ShortTermBorrowings,10-K,2025-12-31,2026-02-12,True,43.90999984741211,-0.09594399581412172,0.007186348859655967,0.23299783315754077,-0.12686420664083486
EXE,Expand Energy,Energy,Oil & Gas Exploration & Production,S&P 500,NR (to derive from financials),NR,default - no public rating available; derive from leverage/margin post-SEC pull,0000895126,True,12124000000.0,Revenues,10-K,2025-12-31,2026-02-18,1819000000.0,NetIncomeLoss,10-K,2025-12-31,2026-02-18,28287000000.0,Assets,10-K,2025-12-31,2026-02-18,9709000000.0,Liabilities,10-K,2025-12-31,2026-02-18,18578000000.0,StockholdersEquity,10-K,2025-12-31,2026-02-18,616000000.0,CashAndCashEquivalentsAtCarryingValue,10-K,2025-12-31,2026-02-18,4575000000.0,NetCashProvidedByUsedInOperatingActivities,10-K,2025-12-31,2026-02-18,2736000000.0,PaymentsToAcquirePropertyPlantAndEquipment,10-K,2025-12-31,2026-02-18,104000000.0,InterestExpense,10-K,2023-12-31,2024-02-21,,,,,,24355000000.0,PropertyPlantAndEquipmentNet,10-K,2025-12-31,2026-02-18,2980000000.0,DepreciationDepletionAndAmortization,10-K,2025-12-31,2026-02-18,181000000.0,GeneralAndAdministrativeExpense,10-K,2025-12-31,2026-02-18,2916000000.0,AssetsCurrent,10-K,2025-12-31,2026-02-18,2901000000.0,LiabilitiesCurrent,10-K,2025-12-31,2026-02-18,1599000000.0,AccountsReceivableNetCurrent,10-K,2025-12-31,2026-02-18,25000000.0,InventoryNet,10-K,2009-12-31,2010-03-01,753000000.0,AccountsPayableCurrent,10-K,2025-12-31,2026-02-18,5009000000.0,LongTermDebt,10-K,2025-12-31,2026-02-18,0.0,LongTermDebtCurrent,10-K,2025-12-31,2026-02-18,True,95.94000244140625,-0.03081114747128999,-0.0656346953962158,0.3301064844867137,-0.21503888616971212
EXPD,Expeditors International,Transportation,Air Freight & Logistics,S&P 500,NR (to derive from financials),NR,default - no public rating available; derive from leverage/margin post-SEC pull,0000746515,True,11069009000.0,RevenueFromContractWithCustomerExcludingAssessedTax,10-K,2025-12-31,2026-02-25,810332000.0,NetIncomeLoss,10-K,2025-12-31,2026-02-25,4893638000.0,Assets,10-K,2025-12-31,2026-02-25,,,,,,2355633000.0,StockholdersEquity,10-K,2025-12-31,2026-02-25,1314285000.0,CashAndCashEquivalentsAtCarryingValue,10-K,2025-12-31,2026-02-25,1006501000.0,NetCashProvidedByUsedInOperatingActivities,10-K,2025-12-31,2026-02-25,53101000.0,PaymentsToAcquireProductiveAssets,10-K,2025-12-31,2026-02-25,4800000.0,InterestExpense,10-K,2023-12-31,2024-02-23,,,,,,462122000.0,PropertyPlantAndEquipmentNet,10-K,2025-12-31,2026-02-25,56769000.0,DepreciationDepletionAndAmortization,10-K,2025-12-31,2026-02-25,40099000.0,SellingAndMarketingExpense,10-K,2025-12-31,2026-02-25,3755622000.0,AssetsCurrent,10-K,2025-12-31,2026-02-25,2072807000.0,LiabilitiesCurrent,10-K,2025-12-31,2026-02-25,2021889000.0,AccountsReceivableNetCurrent,10-K,2025-12-31,2026-02-25,,,,,,1123429000.0,AccountsPayableCurrent,10-K,2025-12-31,2026-02-25,,,,,,,,,,,True,156.69000244140625,0.0952747456690679,-0.04247125992522971,0.442124941416635,-0.05059374202863687
EXPE,Expedia Group,Consumer Discretionary,"Hotels, Resorts & Cruise Lines",S&P 500,NR (to derive from financials),NR,default - no public rating available; derive from leverage/margin post-SEC pull,0001324424,True,14733000000.0,RevenueFromContractWithCustomerExcludingAssessedTax,10-K,2025-12-31,2026-02-13,1294000000.0,NetIncomeLoss,10-K,2025-12-31,2026-02-13,24452000000.0,Assets,10-K,2025-12-31,2026-02-13,,,,,,1284000000.0,StockholdersEquity,10-K,2025-12-31,2026-02-13,5413000000.0,CashAndCashEquivalentsAtCarryingValue,10-K,2025-12-31,2026-02-13,3880000000.0,NetCashProvidedByUsedInOperatingActivities,10-K,2025-12-31,2026-02-13,770000000.0,PaymentsToAcquirePropertyPlantAndEquipment,10-K,2025-12-31,2026-02-13,245000000.0,InterestExpense,10-K,2023-12-31,2024-02-09,2163000000.0,CostOfRevenue,10-K,2019-12-31,2020-02-14,2447000000.0,PropertyPlantAndEquipmentNet,10-K,2025-12-31,2026-02-13,887000000.0,DepreciationDepletionAndAmortization,10-K,2025-12-31,2026-02-13,765000000.0,GeneralAndAdministrativeExpense,10-K,2025-12-31,2026-02-13,12199000000.0,AssetsCurrent,10-K,2025-12-31,2026-02-13,16657000000.0,LiabilitiesCurrent,10-K,2025-12-31,2026-02-13,4166000000.0,AccountsReceivableNetCurrent,10-K,2025-12-31,2026-02-13,,,,,,283029000.0,AccountsPayableCurrent,10-K,2012-12-31,2013-02-06,6161000000.0,LongTermDebt,10-K,2025-12-31,2026-02-13,1692000000.0,LongTermDebtCurrent,10-K,2025-12-31,2026-02-13,True,229.97999572753906,0.008286200271793609,-0.025252996906956815,0.5706914392265786,-0.23507701823963412
EXR,Extra Space Storage,Real Estate,Self-Storage REITs,S&P 500,NR (to derive from financials),NR,default - no public rating available; derive from leverage/margin post-SEC pull,0001289490,True,3377542000.0,Revenues,10-K,2025-12-31,2026-02-20,973999000.0,NetIncomeLoss,10-K,2025-12-31,2026-02-20,29264046000.0,Assets,10-K,2025-12-31,2026-02-20,14940010000.0,Liabilities,10-K,2025-12-31,2026-02-20,13433166000.0,StockholdersEquity,10-K,2025-12-31,2026-02-20,138920000.0,CashAndCashEquivalentsAtCarryingValue,10-K,2025-12-31,2026-02-20,1850193000.0,NetCashProvidedByUsedInOperatingActivities,10-K,2025-12-31,2026-02-20,561723000.0,PaymentsToAcquireProductiveAssets,10-K,2025-12-31,2026-02-20,419035000.0,InterestExpense,10-K,2023-12-31,2024-02-29,918148000.0,CostOfRevenue,10-K,2025-12-31,2026-02-20,65154000.0,PropertyPlantAndEquipmentNet,10-K,2025-12-31,2026-02-20,715177000.0,DepreciationDepletionAndAmortization,10-K,2025-12-31,2026-02-20,186343000.0,GeneralAndAdministrativeExpense,10-K,2025-12-31,2026-02-20,,,,,,,,,,,,,,,,,,,,,,,,,,560613000.0,LongTermDebt,10-Q,2018-09-30,2018-11-06,,,,,,True,143.3000030517578,0.03190039670435629,0.032781116222487805,0.24973331982979047,-0.05099076800322233
F,Ford Motor Company,Autos,Automobile Manufacturers,S&P 500,BB+ shown,BB+,screenshot,0000037996,True,187267000000.0,RevenueFromContractWithCustomerExcludingAssessedTax,10-K,2025-12-31,2026-02-11,-8162000000.0,ProfitLoss,10-K,2025-12-31,2026-02-11,289160000000.0,Assets,10-K,2025-12-31,2026-02-11,253180000000.0,Liabilities,10-K,2025-12-31,2026-02-11,35952000000.0,StockholdersEquity,10-K,2025-12-31,2026-02-11,23356000000.0,CashAndCashEquivalentsAtCarryingValue,10-K,2025-12-31,2026-02-11,21282000000.0,NetCashProvidedByUsedInOperatingActivities,10-K,2025-12-31,2026-02-11,8815000000.0,PaymentsToAcquireProductiveAssets,10-K,2025-12-31,2026-02-11,7613000000.0,InterestExpense,10-K,2023-12-31,2024-02-07,174466000000.0,CostOfGoodsAndServicesSold,10-K,2025-12-31,2026-02-11,37288000000.0,PropertyPlantAndEquipmentAndFinanceLeaseRightOfUseAssetAfterAccumulatedDepreciationAndAmortization,10-K,2025-12-31,2026-02-11,15974000000.0,DepreciationDepletionAndAmortization,10-K,2025-12-31,2026-02-11,10849000000.0,SellingGeneralAndAdministrativeExpense,10-K,2025-12-31,2026-02-11,123487000000.0,AssetsCurrent,10-K,2025-12-31,2026-02-11,114890000000.0,LiabilitiesCurrent,10-K,2025-12-31,2026-02-11,15398000000.0,AccountsReceivableNetCurrent,10-K,2025-12-31,2026-02-11,15285000000.0,InventoryNet,10-K,2025-12-31,2026-02-11,25809000000.0,AccountsPayableAndAccruedLiabilitiesCurrent,10-K,2025-12-31,2026-02-11,291000000.0,LongTermDebtNoncurrent,10-K,2020-12-31,2021-02-05,,,,,,True,12.319999694824219,0.015663609117126276,-0.08363289067228241,0.33348805621192795,-0.14622318542812107
FANG,Diamondback Energy,Industrials,,Nasdaq 100; S&P 500,NR (to derive from financials),NR,default - no public rating available; derive from leverage/margin post-SEC pull,0001539838,True,15026000000.0,Revenues,10-K,2025-12-31,2026-02-25,1664000000.0,NetIncomeLoss,10-K,2025-12-31,2026-02-25,71059000000.0,Assets,10-K,2025-12-31,2026-02-25,28092000000.0,Liabilities,10-K,2025-12-31,2026-02-25,36972000000.0,StockholdersEquity,10-K,2025-12-31,2026-02-25,104000000.0,CashAndCashEquivalentsAtCarryingValue,10-K,2025-12-31,2026-02-25,8758000000.0,NetCashProvidedByUsedInOperatingActivities,10-K,2025-12-31,2026-02-25,,,,,,244000000.0,InterestExpense,10-K,2025-12-31,2026-02-25,,,,,,68621000000.0,PropertyPlantAndEquipmentNet,10-K,2025-12-31,2026-02-25,5038000000.0,DepreciationDepletionAndAmortization,10-K,2025-12-31,2026-02-25,288000000.0,SellingGeneralAndAdministrativeExpense,10-K,2025-12-31,2026-02-25,1915000000.0,AssetsCurrent,10-K,2025-12-31,2026-02-25,4600000000.0,LiabilitiesCurrent,10-K,2025-12-31,2026-02-25,1128000000.0,AccountsReceivableNetCurrent,10-K,2025-12-31,2026-02-25,86000000.0,InventoryNet,10-K,2025-12-31,2026-02-25,,,,,,13726000000.0,LongTermDebt,10-K,2025-12-31,2026-02-25,763000000.0,LongTermDebtCurrent,10-K,2025-12-31,2026-02-25,True,188.6999969482422,0.002603422862206939,0.14381743602872743,0.31801810572340083,-0.11694513176869992
FAST,Fastenal,Industrials,,Nasdaq 100; S&P 500,NR (to derive from financials),NR,default - no public rating available; derive from leverage/margin post-SEC pull,0000815556,True,8200500000.0,RevenueFromContractWithCustomerExcludingAssessedTax,10-K,2025-12-31,2026-02-05,1258400000.0,NetIncomeLoss,10-K,2025-12-31,2026-02-05,5052900000.0,Assets,10-K,2025-12-31,2026-02-05,,,,,,3943600000.0,StockholdersEquity,10-K,2025-12-31,2026-02-05,276800000.0,CashAndCashEquivalentsAtCarryingValue,10-K,2025-12-31,2026-02-05,1295900000.0,NetCashProvidedByUsedInOperatingActivities,10-K,2025-12-31,2026-02-05,245300000.0,PaymentsToAcquirePropertyPlantAndEquipment,10-K,2025-12-31,2026-02-05,10800000.0,InterestExpense,10-K,2023-12-31,2024-02-06,4509300000.0,CostOfGoodsAndServicesSold,10-K,2025-12-31,2026-02-05,1131600000.0,PropertyPlantAndEquipmentNet,10-K,2025-12-31,2026-02-05,179200000.0,DepreciationDepletionAndAmortization,10-K,2025-12-31,2026-02-05,2035500000.0,SellingGeneralAndAdministrativeExpense,10-K,2025-12-31,2026-02-05,3472100000.0,AssetsCurrent,10-K,2025-12-31,2026-02-05,715600000.0,LiabilitiesCurrent,10-K,2025-12-31,2026-02-05,1245300000.0,AccountsReceivableNetCurrent,10-K,2025-12-31,2026-02-05,1748000000.0,InventoryNet,10-K,2025-12-31,2026-02-05,316800000.0,AccountsPayableCurrent,10-K,2025-12-31,2026-02-05,125000000.0,LongTermDebt,10-K,2025-12-31,2026-02-05,25000000.0,LongTermDebtCurrent,10-K,2025-12-31,2026-02-05,True,44.16999816894531,-0.09690132070060598,-0.045456576431485374,0.28702444965261936,-0.09690132070060598
FCX,Freeport-McMoRan,Materials,Copper,S&P 500,NR (to derive from financials),NR,default - no public rating available; derive from leverage/margin post-SEC pull,0000831259,True,25915000000.0,Revenues,10-K,2025-12-31,2026-02-13,4152000000.0,ProfitLoss,10-K,2025-12-31,2026-02-13,58167000000.0,Assets,10-K,2025-12-31,2026-02-13,27401000000.0,Liabilities,10-K,2025-12-31,2026-02-13,18899000000.0,StockholdersEquity,10-K,2025-12-31,2026-02-13,3824000000.0,CashAndCashEquivalentsAtCarryingValue,10-K,2025-12-31,2026-02-13,5610000000.0,NetCashProvidedByUsedInOperatingActivities,10-K,2025-12-31,2026-02-13,4494000000.0,PaymentsToAcquireProductiveAssets,10-K,2025-12-31,2026-02-13,312000000.0,InterestExpense,10-K,2011-12-31,2012-02-27,18618000000.0,CostOfRevenue,10-K,2025-12-31,2026-02-13,40736000000.0,PropertyPlantAndEquipmentNet,10-K,2025-12-31,2026-02-13,2244000000.0,DepreciationDepletionAndAmortization,10-K,2025-12-31,2026-02-13,545000000.0,SellingGeneralAndAdministrativeExpense,10-K,2025-12-31,2026-02-13,13790000000.0,AssetsCurrent,10-K,2025-12-31,2026-02-13,6019000000.0,LiabilitiesCurrent,10-K,2025-12-31,2026-02-13,977000000.0,AccountsReceivableNetCurrent,10-K,2025-12-31,2026-02-13,5018000000.0,InventoryNet,10-K,2013-12-31,2014-02-27,2948000000.0,AccountsPayableCurrent,10-K,2025-12-31,2026-02-13,9379000000.0,LongTermDebt,10-K,2025-12-31,2026-02-13,466000000.0,LongTermDebtCurrent,10-K,2025-12-31,2026-02-13,True,61.650001525878906,-0.08870577119588607,-0.028678637049374456,0.5478721451741653,-0.12379191314548132
FDS,FactSet,Financials,Financial Exchanges & Data,S&P 500,NR (to derive from financials),NR,default - no public rating available; derive from leverage/margin post-SEC pull,0001013237,True,2321748000.0,RevenueFromContractWithCustomerExcludingAssessedTax,10-K,2025-08-31,2025-10-22,597040000.0,NetIncomeLoss,10-K,2025-08-31,2025-10-22,4304272000.0,Assets,10-K,2025-08-31,2025-10-22,2117859000.0,Liabilities,10-K,2025-08-31,2025-10-22,2186413000.0,StockholdersEquity,10-K,2025-08-31,2025-10-22,337651000.0,CashAndCashEquivalentsAtCarryingValue,10-K,2025-08-31,2025-10-22,726260000.0,NetCashProvidedByUsedInOperatingActivities,10-K,2025-08-31,2025-10-22,108806000.0,PaymentsToAcquireProductiveAssets,10-K,2025-08-31,2025-10-22,33337000.0,InterestExpense,10-Q,2024-02-29,2024-04-03,1097782000.0,CostOfGoodsAndServicesSold,10-K,2025-08-31,2025-10-22,85203000.0,PropertyPlantAndEquipmentNet,10-K,2025-08-31,2025-10-22,157691000.0,DepreciationDepletionAndAmortization,10-K,2025-08-31,2025-10-22,475663000.0,SellingGeneralAndAdministrativeExpense,10-K,2025-08-31,2025-10-22,729759000.0,AssetsCurrent,10-K,2025-08-31,2025-10-22,521306000.0,LiabilitiesCurrent,10-K,2025-08-31,2025-10-22,270684000.0,AccountsReceivableNetCurrent,10-K,2025-08-31,2025-10-22,,,,,,135262000.0,AccountsPayableAndAccruedLiabilitiesCurrent,10-K,2025-08-31,2025-10-22,1368260000.0,LongTermDebt,10-K,2025-08-31,2025-10-22,0.0,LongTermDebtCurrent,10-K,2025-08-31,2025-10-22,True,223.61000061035156,0.05675800642917084,0.10601256436486017,0.4632601031226218,-0.24301543866761255
FDX,FedEx,Transportation,Air Freight & Logistics,S&P 500,BBB bucket,BBB,demo_bucket_to_refresh,0001048911,True,87926000000.0,RevenueFromContractWithCustomerExcludingAssessedTax,10-K,2025-05-31,2025-07-21,4092000000.0,NetIncomeLoss,10-K,2025-05-31,2025-07-21,87627000000.0,Assets,10-K,2025-05-31,2025-07-21,,,,,,28074000000.0,StockholdersEquity,10-K,2025-05-31,2025-07-21,5502000000.0,CashAndCashEquivalentsAtCarryingValue,10-K,2025-05-31,2025-07-21,7036000000.0,NetCashProvidedByUsedInOperatingActivities,10-K,2025-05-31,2025-07-21,4055000000.0,PaymentsToAcquireProductiveAssets,10-K,2025-05-31,2025-07-21,745000000.0,InterestExpense,10-K,2024-05-31,2024-07-15,16654000000.0,CostOfGoodsAndServicesSold,10-K,2019-05-31,2019-07-16,41642000000.0,PropertyPlantAndEquipmentNet,10-K,2025-05-31,2025-07-21,4264000000.0,DepreciationDepletionAndAmortization,10-K,2025-05-31,2025-07-21,,,,,,18386000000.0,AssetsCurrent,10-K,2025-05-31,2025-07-21,15411000000.0,LiabilitiesCurrent,10-K,2025-05-31,2025-07-21,11368000000.0,ReceivablesNetCurrent,10-K,2025-05-31,2025-07-21,,,,,,3692000000.0,AccountsPayableCurrent,10-K,2025-05-31,2025-07-21,19899000000.0,LongTermDebt,10-K,2025-05-31,2025-07-21,300000000.0,ShortTermBorrowings,10-Q,2020-02-29,2020-03-17,True,378.5799865722656,0.012029512835567635,0.04255300373847426,0.33017128275792634,-0.06131762449735778
FE,FirstEnergy,Utilities,Electric Utilities,S&P 500,NR (to derive from financials),NR,default - no public rating available; derive from leverage/margin post-SEC pull,0001031296,True,15090000000.0,Revenues,10-K,2025-12-31,2026-02-18,1020000000.0,NetIncomeLoss,10-K,2025-12-31,2026-02-18,55904000000.0,Assets,10-K,2025-12-31,2026-02-18,41978000000.0,Liabilities,10-K,2025-12-31,2026-02-18,12510000000.0,StockholdersEquity,10-K,2025-12-31,2026-02-18,57000000.0,CashAndCashEquivalentsAtCarryingValue,10-K,2025-12-31,2026-02-18,3700000000.0,NetCashProvidedByUsedInOperatingActivities,10-K,2025-12-31,2026-02-18,4705000000.0,PaymentsToAcquireProductiveAssets,10-K,2025-12-31,2026-02-18,1124000000.0,InterestExpense,10-K,2023-12-31,2024-02-13,,,,,,38412000000.0,PropertyPlantAndEquipmentNet,10-K,2023-12-31,2024-02-13,1664000000.0,Depreciation,10-K,2025-12-31,2026-02-18,,,,,,2979000000.0,AssetsCurrent,10-K,2025-12-31,2026-02-18,5271000000.0,LiabilitiesCurrent,10-K,2025-12-31,2026-02-18,1726000000.0,AccountsReceivableNetCurrent,10-K,2025-12-31,2026-02-18,577000000.0,InventoryNet,10-K,2025-12-31,2026-02-18,2002000000.0,AccountsPayableCurrent,10-K,2025-12-31,2026-02-18,,,,,,325000000.0,ShortTermBorrowings,10-K,2025-12-31,2026-02-18,True,44.33000183105469,-0.12916171641300034,-0.04341706777260035,0.178455177238495,-0.13721412270478128
FER,Ferrovial,Industrials,,Nasdaq 100,NR (to derive from financials),NR,default - no public rating available; derive from leverage/margin post-SEC pull,0001468522,True,,,,,,,,,,,,,,,,,,,,,,,,,,,,,,,,,,,,,,,,,,,,,,,,,,,,,,,,,,,,,,,,,,,,,,,,,,,,,,,,,,,,,,,,,,,,,,,,,,,,,True,70.41999816894531,-0.013587354377310401,-0.04242592749170426,0.3095948175015109,-0.05324010796855305
FFIV,"F5, Inc.",Technology,Communications Equipment,S&P 500,NR (to derive from financials),NR,default - no public rating available; derive from leverage/margin post-SEC pull,0001048695,True,3088072000.0,RevenueFromContractWithCustomerExcludingAssessedTax,10-K,2025-09-30,2025-11-25,692380000.0,NetIncomeLoss,10-K,2025-09-30,2025-11-25,6319492000.0,Assets,10-K,2025-09-30,2025-11-25,1628778000.0,Liabilities,10-K,2019-09-30,2019-11-15,3591999000.0,StockholdersEquityIncludingPortionAttributableToNoncontrollingInterest,10-K,2025-09-30,2025-11-25,1344273000.0,CashAndCashEquivalentsAtCarryingValue,10-K,2025-09-30,2025-11-25,949666000.0,NetCashProvidedByUsedInOperatingActivities,10-K,2025-09-30,2025-11-25,43260000.0,PaymentsToAcquirePropertyPlantAndEquipment,10-K,2025-09-30,2025-11-25,,,,,,573978000.0,CostOfGoodsAndServicesSold,10-K,2025-09-30,2025-11-25,156947000.0,PropertyPlantAndEquipmentNet,10-K,2025-09-30,2025-11-25,92399000.0,DepreciationDepletionAndAmortization,10-K,2025-09-30,2025-11-25,322340000.0,GeneralAndAdministrativeExpense,10-K,2025-09-30,2025-11-25,2518701000.0,AssetsCurrent,10-K,2025-09-30,2025-11-25,1612581000.0,LiabilitiesCurrent,10-K,2025-09-30,2025-11-25,414433000.0,AccountsReceivableNetCurrent,10-K,2025-09-30,2025-11-25,77229000.0,InventoryNet,10-K,2025-09-30,2025-11-25,83972000.0,AccountsPayableCurrent,10-K,2025-09-30,2025-11-25,0.0,LongTermDebtNoncurrent,10-K,2022-09-30,2022-11-15,0.0,LongTermDebtCurrent,10-K,2023-09-30,2023-11-14,True,354.0299987792969,0.22159346386150514,0.2701083848127255,0.3741309088443226,0.0
FICO,Fair Isaac,Technology,Application Software,S&P 500,NR (to derive from financials),NR,default - no public rating available; derive from leverage/margin post-SEC pull,0000814547,True,1990869000.0,RevenueFromContractWithCustomerExcludingAssessedTax,10-K,2025-09-30,2025-11-07,651946000.0,NetIncomeLoss,10-K,2025-09-30,2025-11-07,1868133000.0,Assets,10-K,2025-09-30,2025-11-07,3613917000.0,Liabilities,10-K,2025-09-30,2025-11-07,-1745784000.0,StockholdersEquity,10-K,2025-09-30,2025-11-07,134136000.0,CashAndCashEquivalentsAtCarryingValue,10-K,2025-09-30,2025-11-07,778807000.0,NetCashProvidedByUsedInOperatingActivities,10-K,2025-09-30,2025-11-07,8922000.0,PaymentsToAcquirePropertyPlantAndEquipment,10-K,2025-09-30,2025-11-07,105638000.0,InterestExpense,10-K,2024-09-30,2024-11-06,353722000.0,CostOfRevenue,10-K,2025-09-30,2025-11-07,67713000.0,PropertyPlantAndEquipmentNet,10-K,2025-09-30,2025-11-07,14952000.0,DepreciationDepletionAndAmortization,10-K,2025-09-30,2025-11-07,513028000.0,SellingGeneralAndAdministrativeExpense,10-K,2025-09-30,2025-11-07,705165000.0,AssetsCurrent,10-K,2025-09-30,2025-11-07,849215000.0,LiabilitiesCurrent,10-K,2025-09-30,2025-11-07,529148000.0,AccountsReceivableNetCurrent,10-K,2025-09-30,2025-11-07,,,,,,32315000.0,AccountsPayableCurrent,10-K,2025-09-30,2025-11-07,3055691000.0,LongTermDebt,10-K,2025-09-30,2025-11-07,399541000.0,LongTermDebtCurrent,10-K,2025-09-30,2025-11-07,True,1126.0,0.22076824480499413,-0.17975466069102275,0.6415658101240498,-0.3896952747888789
FIS,Fidelity National Information Services,Financials,Transaction & Payment Processing Services,S&P 500,BBB area / verify,BBB,screenshot_unclear,0001136893,True,10677000000.0,RevenueFromContractWithCustomerExcludingAssessedTax,10-K,2025-12-31,2026-02-24,382000000.0,NetIncomeLoss,10-K,2025-12-31,2026-02-24,33488000000.0,Assets,10-K,2025-12-31,2026-02-24,19586000000.0,Liabilities,10-K,2025-12-31,2026-02-24,13899000000.0,StockholdersEquity,10-K,2025-12-31,2026-02-24,599000000.0,CashAndCashEquivalentsAtCarryingValue,10-K,2025-12-31,2026-02-24,2608000000.0,NetCashProvidedByUsedInOperatingActivitiesContinuingOperations,10-K,2025-12-31,2026-02-24,154000000.0,PaymentsToAcquirePropertyPlantAndEquipment,10-K,2025-12-31,2026-02-24,713000000.0,InterestExpense,10-K,2023-12-31,2024-02-26,6741000000.0,CostOfGoodsAndServicesSold,10-K,2025-12-31,2026-02-24,691000000.0,PropertyPlantAndEquipmentNet,10-K,2025-12-31,2026-02-24,1883000000.0,DepreciationDepletionAndAmortization,10-K,2025-12-31,2026-02-24,2263000000.0,SellingGeneralAndAdministrativeExpense,10-K,2025-12-31,2026-02-24,4488000000.0,AssetsCurrent,10-K,2025-12-31,2026-02-24,7616000000.0,LiabilitiesCurrent,10-K,2025-12-31,2026-02-24,1738000000.0,AccountsReceivableNetCurrent,10-K,2023-12-31,2025-02-13,,,,,,2097000000.0,AccountsPayableAndAccruedLiabilitiesCurrent,10-K,2025-12-31,2026-02-24,10353000000.0,LongTermDebt,10-K,2025-12-31,2026-02-24,2729000000.0,ShortTermBorrowings,10-K,2025-12-31,2026-02-24,True,43.4900016784668,0.0027669529522125202,-0.13295334494958222,0.364877003291237,-0.35054946682548827
FISV,Fiserv,Financials,Transaction & Payment Processing Services,S&P 500,NR (to derive from financials),NR,default - no public rating available; derive from leverage/margin post-SEC pull,0000798354,True,21193000000.0,Revenues,10-K,2025-12-31,2026-02-19,3480000000.0,NetIncomeLoss,10-K,2025-12-31,2026-02-19,80133000000.0,Assets,10-K,2025-12-31,2026-02-19,54324000000.0,Liabilities,10-K,2025-12-31,2026-02-19,25792000000.0,StockholdersEquity,10-K,2025-12-31,2026-02-19,798000000.0,CashAndCashEquivalentsAtCarryingValue,10-K,2025-12-31,2026-02-19,6062000000.0,NetCashProvidedByUsedInOperatingActivities,10-K,2025-12-31,2026-02-19,1763000000.0,PaymentsToAcquirePropertyPlantAndEquipment,10-K,2025-12-31,2026-02-19,1004000000.0,InterestExpense,10-K,2023-12-31,2024-02-22,745000000.0,CostOfGoodsSold,10-K,2018-12-31,2019-02-21,3084000000.0,PropertyPlantAndEquipmentNet,10-K,2025-12-31,2026-02-19,669000000.0,Depreciation,10-K,2025-12-31,2026-02-19,6883000000.0,SellingGeneralAndAdministrativeExpense,10-K,2025-12-31,2026-02-19,24654000000.0,AssetsCurrent,10-K,2025-12-31,2026-02-19,23890000000.0,LiabilitiesCurrent,10-K,2025-12-31,2026-02-19,3981000000.0,AccountsReceivableNetCurrent,10-K,2025-12-31,2026-02-19,,,,,,797000000.0,AccountsPayableCurrent,10-K,2025-12-31,2026-02-19,3230000000.0,LongTermDebt,10-K,2012-12-31,2013-02-22,2000000.0,LongTermDebtCurrent,10-K,2012-12-31,2013-02-22,True,55.47999954223633,-0.010875389707472038,-0.0774858645611195,0.396834674891364,-0.20572654611021568
FITB,Fifth Third Bancorp,Financials,Regional Banks,S&P 500,NR (to derive from financials),NR,default - no public rating available; derive from leverage/margin post-SEC pull,0000035527,True,9903000000.0,InterestAndDividendIncomeOperating,10-K,2025-12-31,2026-02-24,2522000000.0,NetIncomeLoss,10-K,2025-12-31,2026-02-24,214376000000.0,Assets,10-K,2025-12-31,2026-02-24,192652000000.0,Liabilities,10-K,2025-12-31,2026-02-24,21724000000.0,StockholdersEquity,10-K,2025-12-31,2026-02-24,3499000000.0,CashCashEquivalentsRestrictedCashAndRestrictedCashEquivalents,10-K,2025-12-31,2026-02-24,4514000000.0,NetCashProvidedByUsedInOperatingActivities,10-K,2025-12-31,2026-02-24,584000000.0,PaymentsToAcquirePropertyPlantAndEquipment,10-K,2025-12-31,2026-02-24,3933000000.0,InterestExpense,10-K,2023-12-31,2024-02-27,,,,,,2734000000.0,PropertyPlantAndEquipmentNet,10-K,2025-12-31,2026-02-24,65000000.0,Depreciation,10-K,2025-12-31,2026-02-24,,,,,,,,,,,,,,,,,,,,,,,,,,,,,,,13589000000.0,LongTermDebt,10-K,2025-12-31,2026-02-24,926000000.0,ShortTermBorrowings,10-K,2025-12-31,2026-02-24,True,49.33000183105469,0.0004056065140267684,-0.08382809252628043,0.2881553809365645,-0.09630320902145106
FIX,Comfort Systems USA,Industrials,Construction & Engineering,S&P 500,NR (to derive from financials),NR,default - no public rating available; derive from leverage/margin post-SEC pull,0001035983,True,9101641000.0,Revenues,10-K,2025-12-31,2026-02-19,1022558000.0,NetIncomeLoss,10-K,2025-12-31,2026-02-19,6441169000.0,Assets,10-K,2025-12-31,2026-02-19,3992395000.0,Liabilities,10-K,2025-12-31,2026-02-19,2448774000.0,StockholdersEquity,10-K,2025-12-31,2026-02-19,981898000.0,CashAndCashEquivalentsAtCarryingValue,10-K,2025-12-31,2026-02-19,1186356000.0,NetCashProvidedByUsedInOperatingActivities,10-K,2025-12-31,2026-02-19,154903000.0,PaymentsToAcquirePropertyPlantAndEquipment,10-K,2025-12-31,2026-02-19,9009000.0,InterestExpense,10-K,2025-12-31,2026-02-19,6905742000.0,CostOfRevenue,10-K,2025-12-31,2026-02-19,387952000.0,PropertyPlantAndEquipmentNet,10-K,2025-12-31,2026-02-19,62400000.0,DepreciationAndAmortization,10-K,2025-12-31,2026-02-19,883284000.0,SellingGeneralAndAdministrativeExpense,10-K,2025-12-31,2026-02-19,4110553000.0,AssetsCurrent,10-K,2025-12-31,2026-02-19,3393850000.0,LiabilitiesCurrent,10-K,2025-12-31,2026-02-19,382867000.0,AccountsReceivableNetCurrent,10-K,2017-12-31,2018-02-22,84066000.0,InventoryNet,10-K,2025-12-31,2026-02-19,696348000.0,AccountsPayableCurrent,10-K,2025-12-31,2026-02-19,145226000.0,LongTermDebt,10-K,2025-12-31,2026-02-19,6163000.0,LongTermDebtCurrent,10-K,2025-12-31,2026-02-19,True,1952.3699951171875,0.22571635381569366,0.5217420675399072,0.5534080581351032,-0.029391145570800914
FOX,Fox Corporation (Class B),Communication Services,Broadcasting,S&P 500,NR (to derive from financials),NR,default - no public rating available; derive from leverage/margin post-SEC pull,0001754301,True,16300000000.0,RevenueFromContractWithCustomerExcludingAssessedTax,10-K,2025-06-30,2025-08-06,2293000000.0,ProfitLoss,10-K,2025-06-30,2025-08-06,23195000000.0,Assets,10-K,2025-06-30,2025-08-06,,,,,,11962000000.0,StockholdersEquity,10-K,2025-06-30,2025-08-06,5351000000.0,CashCashEquivalentsRestrictedCashAndRestrictedCashEquivalents,10-K,2025-06-30,2025-08-06,3324000000.0,NetCashProvidedByUsedInOperatingActivities,10-K,2025-06-30,2025-08-06,331000000.0,PaymentsToAcquirePropertyPlantAndEquipment,10-K,2025-06-30,2025-08-06,349000000.0,InterestExpense,10-K,2023-06-30,2023-08-11,,,,,,1705000000.0,PropertyPlantAndEquipmentNet,10-K,2025-06-30,2025-08-06,385000000.0,DepreciationAndAmortization,10-K,2025-06-30,2025-08-06,2168000000.0,SellingGeneralAndAdministrativeExpense,10-K,2025-06-30,2025-08-06,8429000000.0,AssetsCurrent,10-K,2025-06-30,2025-08-06,2897000000.0,LiabilitiesCurrent,10-K,2025-06-30,2025-08-06,2472000000.0,AccountsReceivableNetCurrent,10-K,2025-06-30,2025-08-06,432000000.0,InventoryNet,10-K,2025-06-30,2025-08-06,2897000000.0,AccountsPayableAndAccruedLiabilitiesCurrent,10-K,2025-06-30,2025-08-06,6602000000.0,LongTermDebt,10-K,2025-06-30,2025-08-06,0.0,LongTermDebtCurrent,10-K,2025-06-30,2025-08-06,True,56.599998474121094,0.03049611762088733,0.0027168749004875536,0.28283901100526604,-0.16020986277619687
FOXA,Fox Corporation (Class A),Communication Services,Broadcasting,S&P 500,NR (to derive from financials),NR,default - no public rating available; derive from leverage/margin post-SEC pull,0001754301,True,16300000000.0,RevenueFromContractWithCustomerExcludingAssessedTax,10-K,2025-06-30,2025-08-06,2293000000.0,ProfitLoss,10-K,2025-06-30,2025-08-06,23195000000.0,Assets,10-K,2025-06-30,2025-08-06,,,,,,11962000000.0,StockholdersEquity,10-K,2025-06-30,2025-08-06,5351000000.0,CashCashEquivalentsRestrictedCashAndRestrictedCashEquivalents,10-K,2025-06-30,2025-08-06,3324000000.0,NetCashProvidedByUsedInOperatingActivities,10-K,2025-06-30,2025-08-06,331000000.0,PaymentsToAcquirePropertyPlantAndEquipment,10-K,2025-06-30,2025-08-06,349000000.0,InterestExpense,10-K,2023-06-30,2023-08-11,,,,,,1705000000.0,PropertyPlantAndEquipmentNet,10-K,2025-06-30,2025-08-06,385000000.0,DepreciationAndAmortization,10-K,2025-06-30,2025-08-06,2168000000.0,SellingGeneralAndAdministrativeExpense,10-K,2025-06-30,2025-08-06,8429000000.0,AssetsCurrent,10-K,2025-06-30,2025-08-06,2897000000.0,LiabilitiesCurrent,10-K,2025-06-30,2025-08-06,2472000000.0,AccountsReceivableNetCurrent,10-K,2025-06-30,2025-08-06,432000000.0,InventoryNet,10-K,2025-06-30,2025-08-06,2897000000.0,AccountsPayableAndAccruedLiabilitiesCurrent,10-K,2025-06-30,2025-08-06,6602000000.0,LongTermDebt,10-K,2025-06-30,2025-08-06,0.0,LongTermDebtCurrent,10-K,2025-06-30,2025-08-06,True,62.939998626708984,0.031465063168498064,0.006344369507771175,0.3020412027445765,-0.16898246060089694
FRT,Federal Realty Investment Trust,Real Estate,Retail REITs,S&P 500,NR (to derive from financials),NR,default - no public rating available; derive from leverage/margin post-SEC pull,0000034903,True,1278975000.0,Revenues,10-K,2025-12-31,2026-02-12,411077000.0,NetIncomeLoss,10-K,2025-12-31,2026-02-12,9130460000.0,Assets,10-K,2025-12-31,2026-02-12,5629819000.0,Liabilities,10-K,2025-12-31,2026-02-12,3248731000.0,StockholdersEquity,10-K,2025-12-31,2026-02-12,107415000.0,CashAndCashEquivalentsAtCarryingValue,10-K,2025-12-31,2026-02-12,622378000.0,NetCashProvidedByUsedInOperatingActivities,10-K,2025-12-31,2026-02-12,,,,,,183614000.0,InterestExpense,10-K,2025-12-31,2026-02-12,,,,,,,,,,,367842000.0,DepreciationAndAmortization,10-K,2025-12-31,2026-02-12,46913000.0,GeneralAndAdministrativeExpense,10-K,2025-12-31,2026-02-12,,,,,,,,,,,,,,,,,,,,,,,,,,4963602000.0,LongTermDebt,10-K,2025-12-31,2026-02-12,,,,,,True,115.68000030517578,0.060797772286821594,0.10191301241170292,0.18212896001871431,-0.009334558270327253
FSLR,First Solar,Technology,Semiconductors,S&P 500,NR (to derive from financials),NR,default - no public rating available; derive from leverage/margin post-SEC pull,0001274494,True,5219376000.0,Revenues,10-K,2025-12-31,2026-02-24,1528229000.0,NetIncomeLoss,10-K,2025-12-31,2026-02-24,13321310000.0,Assets,10-K,2025-12-31,2026-02-24,3783317000.0,Liabilities,10-K,2025-12-31,2026-02-24,9537993000.0,StockholdersEquity,10-K,2025-12-31,2026-02-24,2803514000.0,CashAndCashEquivalentsAtCarryingValue,10-K,2025-12-31,2026-02-24,2057105000.0,NetCashProvidedByUsedInOperatingActivities,10-K,2025-12-31,2026-02-24,869875000.0,PaymentsToAcquirePropertyPlantAndEquipment,10-K,2025-12-31,2026-02-24,12965000.0,InterestExpense,10-K,2023-12-31,2024-02-27,3099037000.0,CostOfGoodsAndServicesSold,10-K,2025-12-31,2026-02-24,5675794000.0,PropertyPlantAndEquipmentNet,10-K,2025-12-31,2026-02-24,91899000.0,DepreciationDepletionAndAmortization,10-K,2017-12-31,2018-02-23,203759000.0,SellingGeneralAndAdministrativeExpense,10-K,2025-12-31,2026-02-24,6028832000.0,AssetsCurrent,10-K,2025-12-31,2026-02-24,2254102000.0,LiabilitiesCurrent,10-K,2025-12-31,2026-02-24,1294040000.0,AccountsReceivableNetCurrent,10-K,2025-12-31,2026-02-24,736734000.0,InventoryNet,10-K,2025-12-31,2026-02-24,405775000.0,AccountsPayableCurrent,10-K,2025-12-31,2026-02-24,282593000.0,LongTermDebtNoncurrent,10-K,2025-12-31,2026-02-24,0.0,LongTermDebtCurrent,10-K,2022-12-31,2023-02-28,True,219.9499969482422,0.08099471975558337,-0.009814108344887496,0.48774127904153813,-0.22713377216851316
FTNT,Fortinet,Industrials,,Nasdaq 100; S&P 500,NR (to derive from financials),NR,default - no public rating available; derive from leverage/margin post-SEC pull,0001262039,True,6799600000.0,RevenueFromContractWithCustomerExcludingAssessedTax,10-K,2025-12-31,2026-02-25,1853400000.0,NetIncomeLoss,10-K,2025-12-31,2026-02-25,10389200000.0,Assets,10-K,2025-12-31,2026-02-25,9151700000.0,Liabilities,10-K,2025-12-31,2026-02-25,1237500000.0,StockholdersEquity,10-K,2025-12-31,2026-02-25,2495300000.0,CashAndCashEquivalentsAtCarryingValue,10-K,2025-12-31,2026-02-25,2590600000.0,NetCashProvidedByUsedInOperatingActivities,10-K,2025-12-31,2026-02-25,364800000.0,PaymentsToAcquireProductiveAssets,10-K,2025-12-31,2026-02-25,20100000.0,InterestExpense,10-K,2025-12-31,2026-02-25,1328900000.0,CostOfGoodsAndServicesSold,10-K,2025-12-31,2026-02-25,1619000000.0,PropertyPlantAndEquipmentNet,10-K,2025-12-31,2026-02-25,152000000.0,DepreciationDepletionAndAmortization,10-K,2025-12-31,2026-02-25,233400000.0,GeneralAndAdministrativeExpense,10-K,2025-12-31,2026-02-25,5900200000.0,AssetsCurrent,10-K,2025-12-31,2026-02-25,5034000000.0,LiabilitiesCurrent,10-K,2025-12-31,2026-02-25,1691200000.0,AccountsReceivableNetCurrent,10-K,2025-12-31,2026-02-25,399500000.0,InventoryNet,10-K,2025-12-31,2026-02-25,230800000.0,AccountsPayableCurrent,10-K,2025-12-31,2026-02-25,496600000.0,LongTermDebtNoncurrent,10-K,2025-12-31,2026-02-25,499700000.0,LongTermDebtCurrent,10-K,2025-12-31,2026-02-25,True,114.06999969482422,0.48722300174013866,0.3274758441721255,0.5475000719015372,0.0
FTV,Fortive,Industrials,Industrial Machinery & Supplies & Components,S&P 500,NR (to derive from financials),NR,default - no public rating available; derive from leverage/margin post-SEC pull,0001659166,True,4159100000.0,RevenueFromContractWithCustomerExcludingAssessedTax,10-K,2025-12-31,2026-02-25,579200000.0,NetIncomeLoss,10-K,2025-12-31,2026-02-25,11737700000.0,Assets,10-K,2025-12-31,2026-02-25,,,,,,6453400000.0,StockholdersEquity,10-K,2025-12-31,2026-02-25,375500000.0,CashAndCashEquivalentsAtCarryingValue,10-K,2025-12-31,2026-02-25,1083200000.0,NetCashProvidedByUsedInOperatingActivities,10-K,2025-12-31,2026-02-25,105100000.0,PaymentsToAcquirePropertyPlantAndEquipment,10-K,2025-12-31,2026-02-25,-120500000.0,InterestExpense,10-K,2025-12-31,2026-02-25,1518000000.0,CostOfGoodsAndServicesSold,10-K,2025-12-31,2026-02-25,269800000.0,PropertyPlantAndEquipmentNet,10-K,2025-12-31,2026-02-25,437600000.0,DepreciationDepletionAndAmortization,10-K,2025-12-31,2026-02-25,1661700000.0,SellingGeneralAndAdministrativeExpense,10-K,2025-12-31,2026-02-25,1605700000.0,AssetsCurrent,10-K,2025-12-31,2026-02-25,2246600000.0,LiabilitiesCurrent,10-K,2025-12-31,2026-02-25,683600000.0,AccountsReceivableNetCurrent,10-K,2025-12-31,2026-02-25,291800000.0,InventoryNet,10-K,2025-12-31,2026-02-25,,,,,,3206000000.0,LongTermDebt,10-K,2025-12-31,2026-02-25,899500000.0,LongTermDebtCurrent,10-K,2025-12-31,2026-02-25,True,60.43000030517578,0.035469494057151385,-0.0033587194965279954,0.27834136755811256,-0.0254797300294195
GD,General Dynamics,Aerospace & Defense,Aerospace & Defense,S&P 500,NR (to derive from financials),NR,default - no public rating available; derive from leverage/margin post-SEC pull,0000040533,True,52550000000.0,Revenues,10-K,2025-12-31,2026-01-30,4210000000.0,NetIncomeLoss,10-K,2025-12-31,2026-01-30,57249000000.0,Assets,10-K,2025-12-31,2026-01-30,,,,,,25622000000.0,StockholdersEquity,10-K,2025-12-31,2026-01-30,2333000000.0,CashAndCashEquivalentsAtCarryingValue,10-K,2025-12-31,2026-01-30,5120000000.0,NetCashProvidedByUsedInOperatingActivities,10-K,2025-12-31,2026-01-30,1161000000.0,PaymentsToAcquirePropertyPlantAndEquipment,10-K,2025-12-31,2026-01-30,399000000.0,InterestExpense,10-K,2023-12-31,2024-02-08,32291000000.0,CostOfGoodsAndServicesSold,10-K,2019-12-31,2020-02-10,7525000000.0,PropertyPlantAndEquipmentNet,10-K,2025-12-31,2026-01-30,924000000.0,DepreciationAndAmortization,10-K,2025-12-31,2026-01-30,2595000000.0,GeneralAndAdministrativeExpense,10-K,2025-12-31,2026-01-30,24248000000.0,AssetsCurrent,10-K,2025-12-31,2026-01-30,16796000000.0,LiabilitiesCurrent,10-K,2025-12-31,2026-01-30,2406000000.0,AccountsReceivableNetCurrent,10-K,2025-12-31,2026-01-30,9232000000.0,InventoryNet,10-K,2025-12-31,2026-01-30,2678000000.0,AccountsPayableCurrent,10-K,2025-12-31,2026-01-30,8074000000.0,LongTermDebt,10-K,2025-12-31,2026-01-30,,,,,,True,346.5299987792969,0.03395496073417026,-0.03321415842826714,0.26207697410214464,-0.052371971141608964
GDDY,GoDaddy,Technology,Internet Services & Infrastructure,S&P 500,NR (to derive from financials),NR,default - no public rating available; derive from leverage/margin post-SEC pull,0001609711,True,4951100000.0,RevenueFromContractWithCustomerExcludingAssessedTax,10-K,2025-12-31,2026-02-25,875000000.0,NetIncomeLoss,10-K,2025-12-31,2026-02-25,8034900000.0,Assets,10-K,2025-12-31,2026-02-25,,,,,,215100000.0,StockholdersEquity,10-K,2025-12-31,2026-02-25,1080900000.0,CashCashEquivalentsRestrictedCashAndRestrictedCashEquivalents,10-K,2025-12-31,2026-02-25,1599400000.0,NetCashProvidedByUsedInOperatingActivities,10-K,2025-12-31,2026-02-25,23900000.0,PaymentsToAcquirePropertyPlantAndEquipment,10-K,2025-12-31,2026-02-25,179000000.0,InterestExpense,10-K,2023-12-31,2024-02-29,775500000.0,CostOfServices,10-K,2017-12-31,2018-02-27,145400000.0,PropertyPlantAndEquipmentNet,10-K,2025-12-31,2026-02-25,116600000.0,DepreciationDepletionAndAmortization,10-K,2025-12-31,2026-02-25,388900000.0,GeneralAndAdministrativeExpense,10-K,2025-12-31,2026-02-25,1840900000.0,AssetsCurrent,10-K,2025-12-31,2026-02-25,2995500000.0,LiabilitiesCurrent,10-K,2025-12-31,2026-02-25,83100000.0,AccountsReceivableNetCurrent,10-K,2025-12-31,2026-02-25,,,,,,67500000.0,AccountsPayableCurrent,10-K,2025-12-31,2026-02-25,3765200000.0,LongTermDebtNoncurrent,10-K,2025-12-31,2026-02-25,15100000.0,LongTermDebtCurrent,10-K,2025-12-31,2026-02-25,True,91.0199966430664,0.1479378937078808,-0.07188745868967195,0.523213183019572,-0.3153817319867954
GE,GE Aerospace,Aerospace & Defense,Aerospace & Defense,S&P 500,A / BBB bucket,A,demo_bucket_to_refresh,0000040545,True,45855000000.0,Revenues,10-K,2025-12-31,2026-01-29,8704000000.0,NetIncomeLoss,10-K,2025-12-31,2026-01-29,130169000000.0,Assets,10-K,2025-12-31,2026-01-29,111271000000.0,Liabilities,10-K,2025-12-31,2026-01-29,18677000000.0,StockholdersEquity,10-K,2025-12-31,2026-01-29,12392000000.0,CashCashEquivalentsRestrictedCashAndRestrictedCashEquivalents,10-K,2025-12-31,2026-01-29,8537000000.0,NetCashProvidedByUsedInOperatingActivities,10-K,2025-12-31,2026-01-29,1273000000.0,PaymentsToAcquireProductiveAssets,10-K,2025-12-31,2026-01-29,12508000000.0,InterestExpense,10-K,2012-12-31,2013-02-26,6761000000.0,CostOfGoodsAndServicesSold,10-K,2024-12-31,2025-02-03,44662000000.0,PropertyPlantAndEquipmentNet,10-K,2020-12-31,2021-02-12,4636000000.0,Depreciation,10-K,2020-12-31,2021-02-12,4088000000.0,SellingGeneralAndAdministrativeExpense,10-K,2025-12-31,2026-01-29,40596000000.0,AssetsCurrent,10-K,2025-12-31,2026-01-29,38980000000.0,LiabilitiesCurrent,10-K,2025-12-31,2026-01-29,11773000000.0,ReceivablesNetCurrent,10-K,2025-12-31,2026-01-29,11868000000.0,InventoryNet,10-K,2025-12-31,2026-01-29,10078000000.0,AccountsPayableCurrent,10-K,2025-12-31,2026-01-29,20469000000.0,LongTermDebt,10-K,2025-12-31,2026-01-29,25000000.0,ShortTermBorrowings,10-K,2025-12-31,2026-01-29,True,297.1499938964844,-0.036322399822723894,-0.060482220922189134,0.40587323182381246,-0.1392871693470249
GEHC,GE HealthCare,Industrials,,Nasdaq 100; S&P 500,NR (to derive from financials),NR,default - no public rating available; derive from leverage/margin post-SEC pull,0001932393,True,20625000000.0,RevenueFromContractWithCustomerExcludingAssessedTax,10-K,2025-12-31,2026-02-04,2084000000.0,NetIncomeLoss,10-K,2025-12-31,2026-02-04,36906000000.0,Assets,10-K,2025-12-31,2026-02-04,26307000000.0,Liabilities,10-K,2025-12-31,2026-02-04,10379000000.0,StockholdersEquity,10-K,2025-12-31,2026-02-04,4492000000.0,CashAndCashEquivalentsAtCarryingValue,10-K,2025-12-31,2026-02-04,1987000000.0,NetCashProvidedByUsedInOperatingActivitiesContinuingOperations,10-K,2025-12-31,2026-02-04,482000000.0,PaymentsToAcquireProductiveAssets,10-K,2025-12-31,2026-02-04,440000000.0,InterestAndDebtExpense,10-K,2025-12-31,2026-02-04,,,,,,2144000000.0,PropertyPlantAndEquipmentNet,10-K,2023-12-31,2024-02-06,287000000.0,Depreciation,10-K,2025-12-31,2026-02-04,4225000000.0,SellingGeneralAndAdministrativeExpense,10-K,2025-12-31,2026-02-04,12501000000.0,AssetsCurrent,10-K,2025-12-31,2026-02-04,9105000000.0,LiabilitiesCurrent,10-K,2025-12-31,2026-02-04,,,,,,2234000000.0,InventoryNet,10-K,2025-12-31,2026-02-04,3250000000.0,AccountsPayableCurrent,10-K,2025-12-31,2026-02-04,10003000000.0,LongTermDebt,10-K,2025-12-31,2026-02-04,508000000.0,ShortTermBorrowings,10-K,2025-12-31,2026-02-04,True,63.470001220703125,-0.13268651330937342,-0.19700459472821485,0.40813830336778634,-0.27942262619917724
GEN,Gen Digital,Technology,Systems Software,S&P 500,NR (to derive from financials),NR,default - no public rating available; derive from leverage/margin post-SEC pull,0000849399,True,3935000000.0,RevenueFromContractWithCustomerExcludingAssessedTax,10-K,2025-03-28,2025-05-15,643000000.0,NetIncomeLoss,10-K,2025-03-28,2025-05-15,15495000000.0,Assets,10-K,2025-03-28,2025-05-15,13226000000.0,Liabilities,10-K,2025-03-28,2025-05-15,2269000000.0,StockholdersEquity,10-K,2025-03-28,2025-05-15,1006000000.0,CashAndCashEquivalentsAtCarryingValue,10-K,2025-03-28,2025-05-15,1221000000.0,NetCashProvidedByUsedInOperatingActivities,10-K,2025-03-28,2025-05-15,15000000.0,PaymentsToAcquirePropertyPlantAndEquipment,10-K,2025-03-28,2025-05-15,578000000.0,InterestAndDebtExpense,10-K,2025-03-28,2025-05-15,776000000.0,CostOfRevenue,10-K,2025-03-28,2025-05-15,60000000.0,PropertyPlantAndEquipmentNet,10-K,2025-03-28,2025-05-15,419000000.0,DepreciationDepletionAndAmortization,10-K,2025-03-28,2025-05-15,291000000.0,GeneralAndAdministrativeExpense,10-K,2025-03-28,2025-05-15,1444000000.0,AssetsCurrent,10-K,2025-03-28,2025-05-15,2851000000.0,LiabilitiesCurrent,10-K,2025-03-28,2025-05-15,171000000.0,AccountsReceivableNetCurrent,10-K,2025-03-28,2025-05-15,14000000.0,InventoryNet,10-K,2014-03-28,2014-05-16,94000000.0,AccountsPayableCurrent,10-K,2025-03-28,2025-05-15,8259000000.0,LongTermDebt,10-K,2025-03-28,2025-05-15,291000000.0,LongTermDebtCurrent,10-K,2025-03-28,2025-05-15,True,22.68000030517578,0.2677474051954942,-0.07312908453618505,0.4376086395118782,-0.18275897570816868
GEV,GE Vernova,Industrials,Heavy Electrical Equipment,S&P 500,NR (to derive from financials),NR,default - no public rating available; derive from leverage/margin post-SEC pull,0001996810,True,38068000000.0,RevenueFromContractWithCustomerExcludingAssessedTax,10-K,2025-12-31,2026-01-29,4884000000.0,NetIncomeLoss,10-K,2025-12-31,2026-01-29,63016000000.0,Assets,10-K,2025-12-31,2026-01-29,50720000000.0,Liabilities,10-K,2025-12-31,2026-01-29,11178000000.0,StockholdersEquity,10-K,2025-12-31,2026-01-29,8848000000.0,CashCashEquivalentsRestrictedCashAndRestrictedCashEquivalents,10-K,2025-12-31,2026-01-29,4987000000.0,NetCashProvidedByUsedInOperatingActivities,10-K,2025-12-31,2026-01-29,1277000000.0,PaymentsToAcquireProductiveAssets,10-K,2025-12-31,2026-01-29,,,,,,30533000000.0,CostOfGoodsAndServicesSold,10-K,2025-12-31,2026-01-29,,,,,,615000000.0,Depreciation,10-K,2025-12-31,2026-01-29,4949000000.0,SellingGeneralAndAdministrativeExpense,10-K,2025-12-31,2026-01-29,40216000000.0,AssetsCurrent,10-K,2025-12-31,2026-01-29,40972000000.0,LiabilitiesCurrent,10-K,2025-12-31,2026-01-29,9803000000.0,ReceivablesNetCurrent,10-K,2025-12-31,2026-01-29,10429000000.0,InventoryNet,10-K,2025-12-31,2026-01-29,,,,,,,,,,,63000000.0,ShortTermBorrowings,10-K,2025-12-31,2026-01-29,True,1040.1500244140625,0.049257572458005994,0.29847418891164956,0.4976430528777647,-0.09515193348164741
GILD,Gilead Sciences,Industrials,,Nasdaq 100; S&P 500,NR (to derive from financials),NR,default - no public rating available; derive from leverage/margin post-SEC pull,0000882095,True,29443000000.0,RevenueFromContractWithCustomerExcludingAssessedTax,10-K,2025-12-31,2026-02-24,8510000000.0,NetIncomeLoss,10-K,2025-12-31,2026-02-24,59023000000.0,Assets,10-K,2025-12-31,2026-02-24,,,,,,22703000000.0,StockholdersEquity,10-K,2025-12-31,2026-02-24,7564000000.0,CashCashEquivalentsRestrictedCashAndRestrictedCashEquivalents,10-K,2025-12-31,2026-02-24,10019000000.0,NetCashProvidedByUsedInOperatingActivities,10-K,2025-12-31,2026-02-24,563000000.0,PaymentsToAcquirePropertyPlantAndEquipment,10-K,2025-12-31,2026-02-24,944000000.0,InterestExpense,10-K,2023-12-31,2024-02-23,6234000000.0,CostOfGoodsAndServicesSold,10-K,2025-12-31,2026-02-24,5606000000.0,PropertyPlantAndEquipmentNet,10-K,2025-12-31,2026-02-24,370000000.0,Depreciation,10-K,2025-12-31,2026-02-24,5774000000.0,SellingGeneralAndAdministrativeExpense,10-K,2025-12-31,2026-02-24,18342000000.0,AssetsCurrent,10-K,2025-12-31,2026-02-24,11813000000.0,LiabilitiesCurrent,10-K,2025-12-31,2026-02-24,4913000000.0,AccountsReceivableNetCurrent,10-K,2025-12-31,2026-02-24,1774000000.0,InventoryNet,10-K,2025-12-31,2026-02-24,715000000.0,AccountsPayableCurrent,10-K,2025-12-31,2026-02-24,24937000000.0,LongTermDebt,10-K,2025-12-31,2026-02-24,2807000000.0,LongTermDebtCurrent,10-K,2025-12-31,2026-02-24,True,131.3300018310547,-0.05511190272228683,-0.12924683282670835,0.25718216812286115,-0.15227320407570288
GIS,General Mills,Consumer Staples,Packaged Foods & Meats,S&P 500,NR (to derive from financials),NR,default - no public rating available; derive from leverage/margin post-SEC pull,0000040704,True,19486600000.0,RevenueFromContractWithCustomerExcludingAssessedTax,10-K,2025-05-25,2025-06-26,2295200000.0,NetIncomeLoss,10-K,2025-05-25,2025-06-26,33071100000.0,Assets,10-K,2025-05-25,2025-06-26,23859900000.0,Liabilities,10-K,2025-05-25,2025-06-26,9199200000.0,StockholdersEquity,10-K,2025-05-25,2025-06-26,363900000.0,CashAndCashEquivalentsAtCarryingValue,10-K,2025-05-25,2025-06-26,2918200000.0,NetCashProvidedByUsedInOperatingActivities,10-K,2025-05-25,2025-06-26,625300000.0,PaymentsToAcquirePropertyPlantAndEquipment,10-K,2025-05-25,2025-06-26,524200000.0,InterestExpense,10-K,2025-05-25,2025-06-26,12753600000.0,CostOfGoodsAndServicesSold,10-K,2025-05-25,2025-06-26,3632600000.0,PropertyPlantAndEquipmentNet,10-K,2025-05-25,2025-06-26,539000000.0,DepreciationDepletionAndAmortization,10-K,2025-05-25,2025-06-26,3445800000.0,SellingGeneralAndAdministrativeExpense,10-K,2025-05-25,2025-06-26,5275700000.0,AssetsCurrent,10-K,2025-05-25,2025-06-26,7857300000.0,LiabilitiesCurrent,10-K,2025-05-25,2025-06-26,1795900000.0,ReceivablesNetCurrent,10-K,2025-05-25,2025-06-26,1910800000.0,InventoryNet,10-K,2025-05-25,2025-06-26,4009500000.0,AccountsPayableCurrent,10-K,2025-05-25,2025-06-26,6573800000.0,LongTermDebt,10-K,2011-05-29,2011-07-08,677000000.0,ShortTermBorrowings,10-K,2025-05-25,2025-06-26,True,34.68000030517578,-0.02556897565357108,-0.26683248611755384,0.2611337709334742,-0.28044565232618857
GL,Globe Life,Financials,Life & Health Insurance,S&P 500,NR (to derive from financials),NR,default - no public rating available; derive from leverage/margin post-SEC pull,0000320335,True,5994318000.0,Revenues,10-K,2025-12-31,2026-02-25,1161238000.0,NetIncomeLoss,10-K,2025-12-31,2026-02-25,30813692000.0,Assets,10-K,2025-12-31,2026-02-25,24839113000.0,Liabilities,10-K,2025-12-31,2026-02-25,5974579000.0,StockholdersEquity,10-K,2025-12-31,2026-02-25,144704000.0,CashCashEquivalentsRestrictedCashAndRestrictedCashEquivalents,10-K,2025-12-31,2026-02-25,1396391000.0,NetCashProvidedByUsedInOperatingActivities,10-K,2025-12-31,2026-02-25,142484000.0,PaymentsToAcquirePropertyPlantAndEquipment,10-K,2025-12-31,2026-02-25,141221000.0,InterestExpense,10-K,2025-12-31,2026-02-25,,,,,,369533000.0,PropertyPlantAndEquipmentNet,10-K,2025-12-31,2026-02-25,30000000.0,Depreciation,10-K,2025-12-31,2026-02-25,302061000.0,GeneralAndAdministrativeExpense,10-K,2023-12-31,2024-02-28,,,,,,,,,,,,,,,,,,,,,,,,,,2320793000.0,LongTermDebtNoncurrent,10-K,2025-12-31,2026-02-25,304656000.0,ShortTermBorrowings,10-K,2025-12-31,2026-02-25,True,151.0800018310547,0.03592982463482586,0.07082351231116535,0.17787142162574338,-0.021439196655736792
GLW,Corning Inc.,Technology,Electronic Components,S&P 500,NR (to derive from financials),NR,default - no public rating available; derive from leverage/margin post-SEC pull,0000024741,True,15629000000.0,Revenues,10-K,2025-12-31,2026-02-12,1596000000.0,NetIncomeLoss,10-K,2025-12-31,2026-02-12,30976000000.0,Assets,10-K,2025-12-31,2026-02-12,18669000000.0,Liabilities,10-K,2025-12-31,2026-02-12,11807000000.0,StockholdersEquity,10-K,2025-12-31,2026-02-12,1526000000.0,CashAndCashEquivalentsAtCarryingValue,10-K,2025-12-31,2026-02-12,2695000000.0,NetCashProvidedByUsedInOperatingActivities,10-K,2025-12-31,2026-02-12,986000000.0,PaymentsToAcquireProductiveAssets,10-Q,2020-09-30,2020-10-29,329000000.0,InterestAndDebtExpense,10-K,2023-12-31,2024-02-12,10008000000.0,CostOfRevenue,10-K,2025-12-31,2026-02-12,14825000000.0,PropertyPlantAndEquipmentNet,10-K,2025-12-31,2026-02-12,1237000000.0,Depreciation,10-K,2025-12-31,2026-02-12,2122000000.0,SellingGeneralAndAdministrativeExpense,10-K,2025-12-31,2026-02-12,8936000000.0,AssetsCurrent,10-K,2025-12-31,2026-02-12,5628000000.0,LiabilitiesCurrent,10-K,2025-12-31,2026-02-12,2779000000.0,AccountsReceivableNetCurrent,10-K,2025-12-31,2026-02-12,3077000000.0,InventoryNet,10-K,2025-12-31,2026-02-12,1979000000.0,AccountsPayableCurrent,10-K,2025-12-31,2026-02-12,3458000000.0,LongTermDebt,10-K,2012-12-31,2013-02-13,75000000.0,ShortTermBorrowings,10-K,2020-12-31,2022-02-14,True,186.94000244140625,0.09168416517522782,0.4254426024121283,0.7276720888926573,0.0
GM,General Motors,Autos,Automobile Manufacturers,S&P 500,BBB / BB bucket,BBB,demo_bucket_to_refresh,0001467858,True,185019000000.0,Revenues,10-K,2025-12-31,2026-01-27,2697000000.0,NetIncomeLoss,10-K,2025-12-31,2026-01-27,281284000000.0,Assets,10-K,2025-12-31,2026-01-27,218116000000.0,Liabilities,10-K,2025-12-31,2026-01-27,61119000000.0,StockholdersEquity,10-K,2025-12-31,2026-01-27,20945000000.0,CashAndCashEquivalentsAtCarryingValue,10-K,2025-12-31,2026-01-27,26867000000.0,NetCashProvidedByUsedInOperatingActivities,10-K,2025-12-31,2026-01-27,9303000000.0,PaymentsToAcquirePropertyPlantAndEquipment,10-K,2025-12-31,2026-01-27,4121000000.0,InterestExpense,10-K,2020-12-31,2021-02-10,100544000000.0,CostOfGoodsAndServicesSold,10-K,2021-12-31,2022-02-02,45248000000.0,PropertyPlantAndEquipmentNet,10-K,2022-12-31,2023-01-31,11980000000.0,DepreciationDepletionAndAmortization,10-K,2025-12-31,2026-01-27,8554000000.0,SellingGeneralAndAdministrativeExpense,10-K,2021-12-31,2022-02-02,108767000000.0,AssetsCurrent,10-K,2025-12-31,2026-01-27,93342000000.0,LiabilitiesCurrent,10-K,2025-12-31,2026-01-27,13054000000.0,AccountsReceivableNetCurrent,10-K,2025-12-31,2026-01-27,14467000000.0,InventoryNet,10-K,2025-12-31,2026-01-27,23919000000.0,AccountsPayableCurrent,10-K,2025-12-31,2026-01-27,,,,,,,,,,,True,78.80000305175781,0.03114374430565814,-0.020989280571045654,0.30508349491947934,-0.08559170072669464
GNRC,Generac,Industrials,Electrical Components & Equipment,S&P 500,NR (to derive from financials),NR,default - no public rating available; derive from leverage/margin post-SEC pull,0001474735,True,4209147000.0,RevenueFromContractWithCustomerExcludingAssessedTax,10-K,2025-12-31,2026-02-18,159554000.0,NetIncomeLoss,10-K,2025-12-31,2026-02-18,5573679000.0,Assets,10-K,2025-12-31,2026-02-18,2934633000.0,Liabilities,10-K,2025-12-31,2026-02-18,2632422000.0,StockholdersEquity,10-K,2025-12-31,2026-02-18,341413000.0,CashAndCashEquivalentsAtCarryingValue,10-K,2025-12-31,2026-02-18,437978000.0,NetCashProvidedByUsedInOperatingActivities,10-K,2025-12-31,2026-02-18,169850000.0,PaymentsToAcquirePropertyPlantAndEquipment,10-K,2025-12-31,2026-02-18,70697000.0,InterestExpense,10-K,2025-12-31,2026-02-18,2597410000.0,CostOfGoodsAndServicesSold,10-K,2025-12-31,2026-02-18,813605000.0,PropertyPlantAndEquipmentNet,10-K,2025-12-31,2026-02-18,194835000.0,DepreciationDepletionAndAmortization,10-K,2025-12-31,2026-02-18,422211000.0,GeneralAndAdministrativeExpense,10-K,2025-12-31,2026-02-18,2462478000.0,AssetsCurrent,10-K,2025-12-31,2026-02-18,1215346000.0,LiabilitiesCurrent,10-K,2025-12-31,2026-02-18,602739000.0,AccountsReceivableNetCurrent,10-K,2025-12-31,2026-02-18,1248867000.0,InventoryNet,10-K,2025-12-31,2026-02-18,436583000.0,AccountsPayableCurrent,10-K,2025-12-31,2026-02-18,1193750000.0,LongTermDebtNoncurrent,10-K,2025-12-31,2026-02-18,50618000.0,ShortTermBorrowings,10-K,2025-12-31,2026-02-18,True,269.4100036621094,0.3013090143970505,0.44976592050534725,0.619288552427062,0.0
GOOG,Alphabet Inc. (Class C),Industrials,,Nasdaq 100; S&P 500,NR (to derive from financials),NR,default - no public rating available; derive from leverage/margin post-SEC pull,0001652044,True,402836000000.0,Revenues,10-K,2025-12-31,2026-02-05,132170000000.0,NetIncomeLoss,10-K,2025-12-31,2026-02-05,595281000000.0,Assets,10-K,2025-12-31,2026-02-05,180016000000.0,Liabilities,10-K,2025-12-31,2026-02-05,415265000000.0,StockholdersEquity,10-K,2025-12-31,2026-02-05,30708000000.0,CashAndCashEquivalentsAtCarryingValue,10-K,2025-12-31,2026-02-05,164713000000.0,NetCashProvidedByUsedInOperatingActivities,10-K,2025-12-31,2026-02-05,91447000000.0,PaymentsToAcquirePropertyPlantAndEquipment,10-K,2025-12-31,2026-02-05,308000000.0,InterestExpense,10-K,2023-12-31,2024-01-31,162535000000.0,CostOfRevenue,10-K,2025-12-31,2026-02-05,246597000000.0,PropertyPlantAndEquipmentAndFinanceLeaseRightOfUseAssetAfterAccumulatedDepreciationAndAmortization,10-K,2025-12-31,2026-02-05,21136000000.0,Depreciation,10-K,2025-12-31,2026-02-05,21482000000.0,GeneralAndAdministrativeExpense,10-K,2025-12-31,2026-02-05,206038000000.0,AssetsCurrent,10-K,2025-12-31,2026-02-05,102745000000.0,LiabilitiesCurrent,10-K,2025-12-31,2026-02-05,62886000000.0,AccountsReceivableNetCurrent,10-K,2025-12-31,2026-02-05,2670000000.0,InventoryNet,10-K,2022-12-31,2023-02-03,12200000000.0,AccountsPayableCurrent,10-K,2025-12-31,2026-02-05,49085000000.0,LongTermDebt,10-K,2025-12-31,2026-02-05,1996000000.0,LongTermDebtCurrent,10-K,2025-12-31,2026-02-05,True,397.04998779296875,0.2576016288414118,0.22481411078567892,0.3320607136309429,0.0
GOOGL,Alphabet Inc. (Class A),Industrials,,Nasdaq 100; S&P 500,AA bucket,AA,demo_bucket_to_refresh,0001652044,True,402836000000.0,Revenues,10-K,2025-12-31,2026-02-05,132170000000.0,NetIncomeLoss,10-K,2025-12-31,2026-02-05,595281000000.0,Assets,10-K,2025-12-31,2026-02-05,180016000000.0,Liabilities,10-K,2025-12-31,2026-02-05,415265000000.0,StockholdersEquity,10-K,2025-12-31,2026-02-05,30708000000.0,CashAndCashEquivalentsAtCarryingValue,10-K,2025-12-31,2026-02-05,164713000000.0,NetCashProvidedByUsedInOperatingActivities,10-K,2025-12-31,2026-02-05,91447000000.0,PaymentsToAcquirePropertyPlantAndEquipment,10-K,2025-12-31,2026-02-05,308000000.0,InterestExpense,10-K,2023-12-31,2024-01-31,162535000000.0,CostOfRevenue,10-K,2025-12-31,2026-02-05,246597000000.0,PropertyPlantAndEquipmentAndFinanceLeaseRightOfUseAssetAfterAccumulatedDepreciationAndAmortization,10-K,2025-12-31,2026-02-05,21136000000.0,Depreciation,10-K,2025-12-31,2026-02-05,21482000000.0,GeneralAndAdministrativeExpense,10-K,2025-12-31,2026-02-05,206038000000.0,AssetsCurrent,10-K,2025-12-31,2026-02-05,102745000000.0,LiabilitiesCurrent,10-K,2025-12-31,2026-02-05,62886000000.0,AccountsReceivableNetCurrent,10-K,2025-12-31,2026-02-05,2670000000.0,InventoryNet,10-K,2022-12-31,2023-02-03,12200000000.0,AccountsPayableCurrent,10-K,2025-12-31,2026-02-05,49085000000.0,LongTermDebt,10-K,2025-12-31,2026-02-05,1996000000.0,LongTermDebtCurrent,10-K,2025-12-31,2026-02-05,True,400.79998779296875,0.26339679778977465,0.23668638384638863,0.3399746241910385,0.0
GPC,Genuine Parts Company,Consumer Discretionary,Distributors,S&P 500,NR (to derive from financials),NR,default - no public rating available; derive from leverage/margin post-SEC pull,0000040987,True,24300141000.0,RevenueFromContractWithCustomerExcludingAssessedTax,10-K,2025-12-31,2026-02-20,65945000.0,NetIncomeLoss,10-K,2025-12-31,2026-02-20,20795540000.0,Assets,10-K,2025-12-31,2026-02-20,,,,,,4422991000.0,StockholdersEquity,10-K,2025-12-31,2026-02-20,477179000.0,CashCashEquivalentsRestrictedCashAndRestrictedCashEquivalents,10-K,2025-12-31,2026-02-20,890762000.0,NetCashProvidedByUsedInOperatingActivities,10-K,2025-12-31,2026-02-20,469838000.0,PaymentsToAcquirePropertyPlantAndEquipment,10-K,2025-12-31,2026-02-20,64469000.0,InterestExpense,10-K,2023-12-31,2024-02-22,15359443000.0,CostOfGoodsAndServicesSold,10-K,2025-12-31,2026-02-20,2172140000.0,PropertyPlantAndEquipmentNet,10-K,2025-12-31,2026-02-20,538023000.0,DepreciationDepletionAndAmortization,10-K,2025-12-31,2026-02-20,7151043000.0,SellingGeneralAndAdministrativeExpense,10-K,2025-12-31,2026-02-20,10564734000.0,AssetsCurrent,10-K,2025-12-31,2026-02-20,9787705000.0,LiabilitiesCurrent,10-K,2025-12-31,2026-02-20,2370939000.0,AccountsNotesAndLoansReceivableNetCurrent,10-K,2025-12-31,2026-02-20,6071996000.0,InventoryNet,10-K,2025-12-31,2026-02-20,2554759000.0,AccountsPayableCurrent,10-K,2014-12-31,2015-02-26,4795751000.0,LongTermDebt,10-K,2025-12-31,2026-02-20,943540000.0,ShortTermBorrowings,10-K,2025-12-31,2026-02-20,True,104.72000122070312,-0.025951082318759644,-0.2762686676711622,0.40188400395021356,-0.2919787482101983
GPN,Global Payments,Financials,Transaction & Payment Processing Services,S&P 500,NR (to derive from financials),NR,default - no public rating available; derive from leverage/margin post-SEC pull,0001123360,True,7705878000.0,RevenueFromContractWithCustomerExcludingAssessedTax,10-K,2025-12-31,2026-02-20,1400107000.0,NetIncomeLoss,10-K,2025-12-31,2026-02-20,53338484000.0,Assets,10-K,2025-12-31,2026-02-20,29559003000.0,Liabilities,10-K,2025-12-31,2026-02-20,22888767000.0,StockholdersEquity,10-K,2025-12-31,2026-02-20,8336402000.0,CashAndCashEquivalentsAtCarryingValue,10-K,2025-12-31,2026-02-20,2656592000.0,NetCashProvidedByUsedInOperatingActivities,10-K,2025-12-31,2026-02-20,617769000.0,PaymentsToAcquireProductiveAssets,10-K,2025-12-31,2026-02-20,16848000.0,InterestAndDebtExpense,10-K,2012-05-31,2012-07-27,2113381000.0,CostOfGoodsAndServicesSold,10-K,2025-12-31,2026-02-20,1501763000.0,PropertyPlantAndEquipmentAndFinanceLeaseRightOfUseAssetAfterAccumulatedDepreciationAndAmortization,10-K,2025-12-31,2026-02-20,1229208000.0,DepreciationDepletionAndAmortization,10-K,2025-12-31,2026-02-20,4120631000.0,SellingGeneralAndAdministrativeExpense,10-K,2025-12-31,2026-02-20,12602671000.0,AssetsCurrent,10-K,2025-12-31,2026-02-20,7456844000.0,LiabilitiesCurrent,10-K,2025-12-31,2026-02-20,784174000.0,AccountsReceivableNetCurrent,10-K,2025-12-31,2026-02-20,5228000.0,InventoryNet,10-K,2015-05-31,2015-07-30,2660136000.0,AccountsPayableAndAccruedLiabilitiesCurrent,10-K,2025-12-31,2026-02-20,21551201000.0,LongTermDebt,10-K,2025-12-31,2026-02-20,35137000.0,LongTermDebtCurrent,10-K,2019-12-31,2020-02-21,True,69.19000244140625,0.057304398840108295,-0.03264839094058003,0.5022157900593718,-0.1582739295035881
GRMN,Garmin,Consumer Discretionary,Consumer Electronics,S&P 500,NR (to derive from financials),NR,default - no public rating available; derive from leverage/margin post-SEC pull,0001121788,True,7245519000.0,RevenueFromContractWithCustomerExcludingAssessedTax,10-K,2025-12-27,2026-02-18,1663887000.0,NetIncomeLoss,10-K,2025-12-27,2026-02-18,10993669000.0,Assets,10-K,2025-12-27,2026-02-18,,,,,,8972564000.0,StockholdersEquity,10-K,2025-12-27,2026-02-18,2278646000.0,CashAndCashEquivalentsAtCarryingValue,10-K,2025-12-27,2026-02-18,1633359000.0,NetCashProvidedByUsedInOperatingActivities,10-K,2025-12-27,2026-02-18,270446000.0,PaymentsToAcquirePropertyPlantAndEquipment,10-K,2025-12-27,2026-02-18,1246000.0,InterestExpense,10-K,2010-12-25,2013-02-27,2989216000.0,CostOfGoodsAndServicesSold,10-K,2025-12-27,2026-02-18,1375348000.0,PropertyPlantAndEquipmentNet,10-K,2025-12-27,2026-02-18,152611000.0,Depreciation,10-K,2025-12-27,2026-02-18,1253996000.0,SellingGeneralAndAdministrativeExpense,10-K,2025-12-27,2026-02-18,6248216000.0,AssetsCurrent,10-K,2025-12-27,2026-02-18,1720071000.0,LiabilitiesCurrent,10-K,2025-12-27,2026-02-18,1253015000.0,AccountsReceivableNetCurrent,10-K,2025-12-27,2026-02-18,1772257000.0,InventoryNet,10-K,2025-12-27,2026-02-18,347493000.0,AccountsPayableCurrent,10-K,2025-12-27,2026-02-18,,,,,,,,,,,True,240.08999633789062,-0.0653977085623132,0.16978185213984176,0.36017692913879695,-0.10253436678475425
GS,Goldman Sachs,Financials,,Dow; S&P 500,A- shown,A-,screenshot,0000886982,True,80373000000.0,InterestAndDividendIncomeOperating,10-K,2025-12-31,2026-02-25,17176000000.0,NetIncomeLoss,10-K,2025-12-31,2026-02-25,1809320000000.0,Assets,10-K,2025-12-31,2026-02-25,1684348000000.0,Liabilities,10-K,2025-12-31,2026-02-25,124972000000.0,StockholdersEquity,10-K,2025-12-31,2026-02-25,164259000000.0,CashAndCashEquivalentsAtCarryingValue,10-K,2025-12-31,2026-02-25,-45154000000.0,NetCashProvidedByUsedInOperatingActivities,10-K,2025-12-31,2026-02-25,2064000000.0,PaymentsToAcquirePropertyPlantAndEquipment,10-K,2025-12-31,2026-02-25,66814000000.0,InterestExpense,10-K,2025-12-31,2026-02-25,,,,,,7474000000.0,PropertyPlantAndEquipmentNet,10-K,2025-12-31,2026-02-25,2182000000.0,DepreciationAndAmortization,10-K,2025-12-31,2026-02-25,,,,,,,,,,,,,,,,,,,,,,,,,,,,,,,236027000000.0,LongTermDebtNoncurrent,10-K,2018-12-31,2019-02-26,69709000000.0,ShortTermBorrowings,10-K,2024-12-31,2025-02-27,True,936.47998046875,0.03159285422057301,-0.0023436648613867073,0.32833460261515746,-0.03530377363745896
GWW,W. W. Grainger,Industrials,Industrial Machinery & Supplies & Components,S&P 500,NR (to derive from financials),NR,default - no public rating available; derive from leverage/margin post-SEC pull,0000277135,True,17942000000.0,RevenueFromContractWithCustomerExcludingAssessedTax,10-K,2025-12-31,2026-02-19,1706000000.0,NetIncomeLoss,10-K,2025-12-31,2026-02-19,8962000000.0,Assets,10-K,2025-12-31,2026-02-19,,,,,,3736000000.0,StockholdersEquity,10-K,2025-12-31,2026-02-19,585000000.0,CashAndCashEquivalentsAtCarryingValue,10-K,2025-12-31,2026-02-19,2015000000.0,NetCashProvidedByUsedInOperatingActivities,10-K,2025-12-31,2026-02-19,684000000.0,PaymentsToAcquirePropertyPlantAndEquipment,10-K,2025-12-31,2026-02-19,88000000.0,InterestExpense,10-K,2018-12-31,2019-02-28,10933000000.0,CostOfGoodsAndServicesSold,10-K,2025-12-31,2026-02-19,2268000000.0,PropertyPlantAndEquipmentNet,10-K,2025-12-31,2026-02-19,330000000.0,DepreciationDepletionAndAmortization,10-K,2025-12-31,2026-02-19,4514000000.0,SellingGeneralAndAdministrativeExpense,10-K,2025-12-31,2026-02-19,5484000000.0,AssetsCurrent,10-K,2025-12-31,2026-02-19,1940000000.0,LiabilitiesCurrent,10-K,2025-12-31,2026-02-19,2329000000.0,AccountsReceivableNetCurrent,10-K,2025-12-31,2026-02-19,2394000000.0,InventoryNet,10-K,2025-12-31,2026-02-19,,,,,,2488000000.0,LongTermDebt,10-K,2025-12-31,2026-02-19,126000000.0,LongTermDebtCurrent,10-K,2025-12-31,2026-02-19,True,1233.7099609375,0.05259073047952345,0.036600374431688065,0.27790490018688563,-0.0003160316474783986
HAL,Halliburton,Energy,Oil & Gas Equipment & Services,S&P 500,BBB bucket,BBB,demo_bucket_to_refresh,0000045012,True,20620000000.0,SalesRevenueNet,10-K,2017-12-31,2018-02-09,1283000000.0,NetIncomeLoss,10-K,2025-12-31,2026-02-06,25010000000.0,Assets,10-K,2025-12-31,2026-02-06,14505000000.0,Liabilities,10-K,2025-12-31,2026-02-06,10461000000.0,StockholdersEquity,10-K,2025-12-31,2026-02-06,2206000000.0,CashAndCashEquivalentsAtCarryingValue,10-K,2025-12-31,2026-02-06,2926000000.0,NetCashProvidedByUsedInOperatingActivities,10-K,2025-12-31,2026-02-06,1254000000.0,PaymentsToAcquireProductiveAssets,10-K,2025-12-31,2026-02-06,-297000000.0,InterestExpense,10-K,2009-12-31,2010-02-17,4142000000.0,CostOfGoodsSold,10-K,2017-12-31,2018-02-09,5261000000.0,PropertyPlantAndEquipmentNet,10-K,2025-12-31,2026-02-06,1136000000.0,DepreciationDepletionAndAmortization,10-K,2025-12-31,2026-02-06,239000000.0,GeneralAndAdministrativeExpense,10-K,2025-12-31,2026-02-06,11398000000.0,AssetsCurrent,10-K,2025-12-31,2026-02-06,5588000000.0,LiabilitiesCurrent,10-K,2025-12-31,2026-02-06,4942000000.0,ReceivablesNetCurrent,10-K,2025-12-31,2026-02-06,2976000000.0,InventoryNet,10-K,2025-12-31,2026-02-06,3133000000.0,AccountsPayableCurrent,10-K,2025-12-31,2026-02-06,7158000000.0,LongTermDebt,10-K,2025-12-31,2026-02-06,0.0,ShortTermBorrowings,10-K,2025-12-31,2026-02-06,True,39.83000183105469,0.05959036098361348,0.14678973547447982,0.32060997096226124,-0.058392374717628925
HAS,Hasbro,Consumer Discretionary,Leisure Products,S&P 500,NR (to derive from financials),NR,default - no public rating available; derive from leverage/margin post-SEC pull,0000046080,True,5365900000.0,Revenues,10-K,2025-12-28,2026-02-25,-322400000.0,NetIncomeLoss,10-K,2025-12-28,2026-02-25,5552000000.0,Assets,10-K,2025-12-28,2026-02-25,4986500000.0,Liabilities,10-K,2025-12-28,2026-02-25,565500000.0,StockholdersEquityIncludingPortionAttributableToNoncontrollingInterest,10-K,2025-12-28,2026-02-25,776600000.0,CashCashEquivalentsRestrictedCashAndRestrictedCashEquivalents,10-K,2025-12-28,2026-02-25,893200000.0,NetCashProvidedByUsedInOperatingActivities,10-K,2025-12-28,2026-02-25,63300000.0,PaymentsToAcquirePropertyPlantAndEquipment,10-K,2025-12-28,2026-02-25,186300000.0,InterestExpense,10-K,2023-12-31,2024-02-28,1296200000.0,CostOfGoodsAndServicesSold,10-K,2025-12-28,2026-02-25,247800000.0,PropertyPlantAndEquipmentNet,10-K,2025-12-28,2026-02-25,135500000.0,DepreciationDepletionAndAmortization,10-K,2025-12-28,2026-02-25,1173900000.0,SellingGeneralAndAdministrativeExpense,10-K,2025-12-28,2026-02-25,2583700000.0,AssetsCurrent,10-K,2025-12-28,2026-02-25,1871100000.0,LiabilitiesCurrent,10-K,2025-12-28,2026-02-25,1059800000.0,AccountsReceivableNetCurrent,10-K,2025-12-28,2026-02-25,259800000.0,InventoryNet,10-K,2025-12-28,2026-02-25,335400000.0,AccountsPayableCurrent,10-K,2025-12-28,2026-02-25,2767900000.0,LongTermDebtNoncurrent,10-K,2025-12-28,2026-02-25,497000000.0,LongTermDebtCurrent,10-K,2025-12-28,2026-02-25,True,97.77999877929688,0.0659543791666719,0.017508693055701796,0.35624228920242695,-0.07066130420759287
HBAN,Huntington Bancshares,Financials,Regional Banks,S&P 500,NR (to derive from financials),NR,default - no public rating available; derive from leverage/margin post-SEC pull,0000049196,True,1562000000.0,RevenueFromContractWithCustomerExcludingAssessedTax,10-K,2025-12-31,2026-02-13,2211000000.0,NetIncomeLoss,10-K,2025-12-31,2026-02-13,225106000000.0,Assets,10-K,2025-12-31,2026-02-13,200727000000.0,Liabilities,10-K,2025-12-31,2026-02-13,24342000000.0,StockholdersEquity,10-K,2025-12-31,2026-02-13,13495000000.0,CashCashEquivalentsRestrictedCashAndRestrictedCashEquivalents,10-K,2025-12-31,2026-02-13,2482000000.0,NetCashProvidedByUsedInOperatingActivities,10-K,2025-12-31,2026-02-13,267000000.0,PaymentsToAcquirePropertyPlantAndEquipment,10-K,2025-12-31,2026-02-13,3477000000.0,InterestExpense,10-K,2023-12-31,2024-02-16,,,,,,1321000000.0,PropertyPlantAndEquipmentNet,10-K,2025-12-31,2026-02-13,622000000.0,DepreciationAndAmortization,10-K,2024-12-31,2025-02-14,,,,,,,,,,,,,,,,,,,,,,,,,,,,,,,17221000000.0,LongTermDebt,10-K,2025-12-31,2026-02-13,1261000000.0,ShortTermBorrowings,10-K,2025-12-31,2026-02-13,True,16.1200008392334,-0.015872914215768197,-0.14294709184379706,0.28042973763886075,-0.15495569666196662
HCA,HCA Healthcare,Healthcare,Health Care Facilities,S&P 500,BB / BBB bucket,BBB,demo_bucket_to_refresh,0000860730,True,75600000000.0,Revenues,10-K,2025-12-31,2026-02-10,6784000000.0,NetIncomeLoss,10-K,2025-12-31,2026-02-10,60720000000.0,Assets,10-K,2025-12-31,2026-02-10,45623000000.0,Liabilities,10-K,2019-12-31,2020-02-20,-6027000000.0,StockholdersEquity,10-K,2025-12-31,2026-02-10,1040000000.0,CashAndCashEquivalentsAtCarryingValue,10-K,2025-12-31,2026-02-10,12636000000.0,NetCashProvidedByUsedInOperatingActivities,10-K,2025-12-31,2026-02-10,4944000000.0,PaymentsToAcquirePropertyPlantAndEquipment,10-K,2025-12-31,2026-02-10,2248000000.0,InterestExpense,10-K,2025-12-31,2026-02-10,,,,,,31141000000.0,PropertyPlantAndEquipmentNet,10-K,2025-12-31,2026-02-10,3523000000.0,DepreciationDepletionAndAmortization,10-K,2025-12-31,2026-02-10,548000000.0,GeneralAndAdministrativeExpense,10-K,2025-12-31,2026-02-10,15783000000.0,AssetsCurrent,10-K,2025-12-31,2026-02-10,16350000000.0,LiabilitiesCurrent,10-K,2025-12-31,2026-02-10,10867000000.0,AccountsReceivableNetCurrent,10-K,2025-12-31,2026-02-10,1652000000.0,InventoryNet,10-K,2025-12-31,2026-02-10,4659000000.0,AccountsPayableCurrent,10-K,2025-12-31,2026-02-10,44285000000.0,LongTermDebt,10-K,2025-12-31,2026-02-10,4698000000.0,LongTermDebtCurrent,10-K,2024-12-31,2025-02-14,True,435.19000244140625,-0.12166225731282088,-0.12401559833057907,0.3068860045075318,-0.2004892273000719
HD,Home Depot,Consumer Discretionary,,Dow; S&P 500,A bucket,A,demo_bucket_to_refresh,0000354950,True,164683000000.0,RevenueFromContractWithCustomerExcludingAssessedTax,10-K,2026-02-01,2026-03-18,14156000000.0,NetIncomeLoss,10-K,2026-02-01,2026-03-18,105095000000.0,Assets,10-K,2026-02-01,2026-03-18,92282000000.0,Liabilities,10-K,2026-02-01,2026-03-18,12813000000.0,StockholdersEquity,10-K,2026-02-01,2026-03-18,1389000000.0,CashAndCashEquivalentsAtCarryingValue,10-K,2026-02-01,2026-03-18,16325000000.0,NetCashProvidedByUsedInOperatingActivities,10-K,2026-02-01,2026-03-18,3679000000.0,PaymentsToAcquireProductiveAssets,10-K,2026-02-01,2026-03-18,1943000000.0,InterestExpense,10-K,2024-01-28,2024-03-13,109818000000.0,CostOfRevenue,10-K,2026-02-01,2026-03-18,28021000000.0,PropertyPlantAndEquipmentAndFinanceLeaseRightOfUseAssetAfterAccumulatedDepreciationAndAmortization,10-K,2026-02-01,2026-03-18,3514000000.0,DepreciationDepletionAndAmortization,10-K,2026-02-01,2026-03-18,30702000000.0,SellingGeneralAndAdministrativeExpense,10-K,2026-02-01,2026-03-18,34391000000.0,AssetsCurrent,10-K,2026-02-01,2026-03-18,32424000000.0,LiabilitiesCurrent,10-K,2026-02-01,2026-03-18,5597000000.0,AccountsReceivableNetCurrent,10-K,2026-02-01,2026-03-18,25817000000.0,InventoryNet,10-K,2026-02-01,2026-03-18,11491000000.0,AccountsPayableCurrent,10-K,2026-02-01,2026-03-18,49397000000.0,LongTermDebt,10-K,2026-02-01,2026-03-18,1042000000.0,LongTermDebtCurrent,10-K,2011-01-30,2011-03-24,True,317.45001220703125,-0.05896123894818839,-0.1612273967389135,0.2751716948867227,-0.1827838639635737
HIG,Hartford (The),Financials,Property & Casualty Insurance,S&P 500,NR (to derive from financials),NR,default - no public rating available; derive from leverage/margin post-SEC pull,0000874766,True,28368000000.0,Revenues,10-K,2025-12-31,2026-02-20,3836000000.0,NetIncomeLoss,10-K,2025-12-31,2026-02-20,85997000000.0,Assets,10-K,2025-12-31,2026-02-20,67018000000.0,Liabilities,10-K,2025-12-31,2026-02-20,18979000000.0,StockholdersEquity,10-K,2025-12-31,2026-02-20,177000000.0,CashCashEquivalentsRestrictedCashAndRestrictedCashEquivalents,10-K,2025-12-31,2026-02-20,5922000000.0,NetCashProvidedByUsedInOperatingActivities,10-K,2025-12-31,2026-02-20,169000000.0,PaymentsToAcquirePropertyPlantAndEquipment,10-K,2025-12-31,2026-02-20,199000000.0,InterestExpense,10-K,2025-12-31,2026-02-20,,,,,,931000000.0,PropertyPlantAndEquipmentNet,10-K,2025-12-31,2026-02-20,187000000.0,DepreciationAndAmortization,10-K,2025-12-31,2026-02-20,5584000000.0,SellingGeneralAndAdministrativeExpense,10-K,2025-12-31,2026-02-20,,,,,,,,,,,,,,,,,,,,,,,,,,4371000000.0,LongTermDebt,10-K,2025-12-31,2026-02-20,0.0,ShortTermBorrowings,10-K,2020-12-31,2021-02-19,True,132.02000427246094,-0.037965398362484915,-0.04875250824831778,0.19163235170736778,-0.0762566373552177
HII,Huntington Ingalls Industries,Aerospace & Defense,Aerospace & Defense,S&P 500,NR (to derive from financials),NR,default - no public rating available; derive from leverage/margin post-SEC pull,0001501585,True,12484000000.0,Revenues,10-K,2025-12-31,2026-02-05,605000000.0,NetIncomeLoss,10-K,2025-12-31,2026-02-05,12749000000.0,Assets,10-K,2025-12-31,2026-02-05,7676000000.0,Liabilities,10-K,2025-12-31,2026-02-05,5073000000.0,StockholdersEquity,10-K,2025-12-31,2026-02-05,774000000.0,CashCashEquivalentsRestrictedCashAndRestrictedCashEquivalents,10-K,2025-12-31,2026-02-05,1196000000.0,NetCashProvidedByUsedInOperatingActivities,10-K,2025-12-31,2026-02-05,402000000.0,PaymentsToAcquirePropertyPlantAndEquipment,10-K,2025-12-31,2026-02-05,105000000.0,InterestExpense,10-K,2025-12-31,2026-02-05,4444000000.0,CostOfGoodsSold,10-K,2017-12-31,2018-02-15,3726000000.0,PropertyPlantAndEquipmentNet,10-K,2025-12-31,2026-02-05,329000000.0,DepreciationDepletionAndAmortization,10-K,2025-12-31,2026-02-05,977000000.0,GeneralAndAdministrativeExpense,10-K,2025-12-31,2026-02-05,3451000000.0,AssetsCurrent,10-K,2025-12-31,2026-02-05,3045000000.0,LiabilitiesCurrent,10-K,2025-12-31,2026-02-05,339000000.0,AccountsReceivableNetCurrent,10-K,2025-12-31,2026-02-05,389000000.0,InventoryNet,10-Q,2011-06-30,2011-08-11,556000000.0,AccountsPayableCurrent,10-K,2025-12-31,2026-02-05,2214000000.0,LongTermDebtNoncurrent,10-K,2023-12-31,2024-02-01,231000000.0,LongTermDebtCurrent,10-K,2023-12-31,2024-02-01,True,316.2799987792969,-0.19809336517170695,-0.2182042977455939,0.3771412200464915,-0.3029334822006581
HLT,Hilton Worldwide,Consumer Discretionary,"Hotels, Resorts & Cruise Lines",S&P 500,NR (to derive from financials),NR,default - no public rating available; derive from leverage/margin post-SEC pull,0001585689,True,12039000000.0,Revenues,10-K,2025-12-31,2026-02-11,1457000000.0,NetIncomeLoss,10-K,2025-12-31,2026-02-11,16774000000.0,Assets,10-K,2025-12-31,2026-02-11,22120000000.0,Liabilities,10-K,2025-12-31,2026-02-11,-5388000000.0,StockholdersEquity,10-K,2025-12-31,2026-02-11,918000000.0,CashAndCashEquivalentsAtCarryingValue,10-K,2025-12-31,2026-02-11,2129000000.0,NetCashProvidedByUsedInOperatingActivities,10-K,2025-12-31,2026-02-11,101000000.0,PaymentsToAcquirePropertyPlantAndEquipment,10-K,2025-12-31,2026-02-11,569000000.0,InterestExpense,10-K,2024-12-31,2025-02-06,,,,,,684000000.0,PropertyPlantAndEquipmentNet,10-K,2025-12-31,2026-02-11,177000000.0,DepreciationDepletionAndAmortization,10-K,2025-12-31,2026-02-11,393000000.0,GeneralAndAdministrativeExpense,10-K,2025-12-31,2026-02-11,2996000000.0,AssetsCurrent,10-K,2025-12-31,2026-02-11,4508000000.0,LiabilitiesCurrent,10-K,2025-12-31,2026-02-11,1690000000.0,AccountsReceivableNetCurrent,10-K,2025-12-31,2026-02-11,541000000.0,InventoryNet,10-K,2016-12-31,2017-02-15,376000000.0,AccountsPayableCurrent,10-K,2025-12-31,2026-02-11,,,,,,46000000.0,LongTermDebtCurrent,10-K,2017-12-31,2018-02-14,True,316.7799987792969,-0.020560844841469583,0.009233390751967052,0.2715944067855332,-0.07614691228588566
HON,Honeywell,Industrials,,Dow; Nasdaq 100; S&P 500,A bucket,A,demo_bucket_to_refresh,0000773840,True,37442000000.0,RevenueFromContractWithCustomerExcludingAssessedTax,10-K,2025-12-31,2026-02-17,4729000000.0,NetIncomeLoss,10-K,2025-12-31,2026-02-17,73681000000.0,Assets,10-K,2025-12-31,2026-02-17,,,,,,13904000000.0,StockholdersEquity,10-K,2025-12-31,2026-02-17,12487000000.0,CashAndCashEquivalentsAtCarryingValue,10-K,2025-12-31,2026-02-17,6408000000.0,NetCashProvidedByUsedInOperatingActivities,10-K,2025-12-31,2026-02-17,986000000.0,PaymentsToAcquirePropertyPlantAndEquipment,10-K,2025-12-31,2026-02-17,1344000000.0,InterestAndDebtExpense,10-K,2025-12-31,2026-02-17,23613000000.0,CostOfGoodsAndServicesSold,10-K,2025-12-31,2026-02-17,4629000000.0,PropertyPlantAndEquipmentAndFinanceLeaseRightOfUseAssetAfterAccumulatedDepreciationAndAmortization,10-K,2025-12-31,2026-02-17,1388000000.0,DepreciationDepletionAndAmortization,10-K,2025-12-31,2026-02-17,5450000000.0,SellingGeneralAndAdministrativeExpense,10-K,2025-12-31,2026-02-17,30387000000.0,AssetsCurrent,10-K,2025-12-31,2026-02-17,23414000000.0,LiabilitiesCurrent,10-K,2025-12-31,2026-02-17,7621000000.0,AccountsReceivableNetCurrent,10-K,2025-12-31,2026-02-17,6162000000.0,InventoryNet,10-K,2025-12-31,2026-02-17,6315000000.0,AccountsPayableCurrent,10-K,2025-12-31,2026-02-17,29046000000.0,LongTermDebt,10-K,2025-12-31,2026-02-17,5893000000.0,ShortTermBorrowings,10-K,2025-12-31,2026-02-17,True,213.1199951171875,-0.09326071645288192,-0.10699598344119754,0.22948034140098883,-0.14078374098592428
HOOD,Robinhood Markets,Financials,Investment Banking & Brokerage,S&P 500,NR shown,NR,screenshot,0001783879,True,4473000000.0,Revenues,10-K,2025-12-31,2026-02-18,1883000000.0,NetIncomeLoss,10-K,2025-12-31,2026-02-18,38137000000.0,Assets,10-K,2025-12-31,2026-02-18,28986000000.0,Liabilities,10-K,2025-12-31,2026-02-18,9151000000.0,StockholdersEquityIncludingPortionAttributableToNoncontrollingInterest,10-K,2025-12-31,2026-02-18,4261000000.0,CashAndCashEquivalentsAtCarryingValue,10-K,2025-12-31,2026-02-18,1638000000.0,NetCashProvidedByUsedInOperatingActivities,10-K,2025-12-31,2026-02-18,28000000.0,PaymentsToAcquireProductiveAssets,10-K,2022-12-31,2023-02-27,,,,,,,,,,,154000000.0,PropertyPlantAndEquipmentNet,10-K,2025-12-31,2026-02-18,86000000.0,DepreciationDepletionAndAmortization,10-K,2025-12-31,2026-02-18,628000000.0,GeneralAndAdministrativeExpense,10-K,2025-12-31,2026-02-18,36305000000.0,AssetsCurrent,10-K,2025-12-31,2026-02-18,28771000000.0,LiabilitiesCurrent,10-K,2025-12-31,2026-02-18,,,,,,,,,,,463000000.0,AccountsPayableAndAccruedLiabilitiesCurrent,10-K,2025-12-31,2026-02-18,,,,,,,,,,,True,77.02999877929688,0.11331111520815385,-0.11009703151673356,0.7035904241553664,-0.43806537970262727
HPE,Hewlett Packard Enterprise,Technology,"Technology Hardware, Storage & Peripherals",S&P 500,NR (to derive from financials),NR,default - no public rating available; derive from leverage/margin post-SEC pull,0001645590,True,34296000000.0,Revenues,10-K,2025-10-31,2025-12-18,57000000.0,NetIncomeLoss,10-K,2025-10-31,2025-12-18,75906000000.0,Assets,10-K,2025-10-31,2025-12-18,14276000000.0,Liabilities,10-K,2018-11-01,2019-12-13,24688000000.0,StockholdersEquity,10-K,2025-10-31,2025-12-18,5773000000.0,CashAndCashEquivalentsAtCarryingValue,10-K,2025-10-31,2025-12-18,2919000000.0,NetCashProvidedByUsedInOperatingActivities,10-K,2025-10-31,2025-12-18,2292000000.0,PaymentsToAcquireProductiveAssets,10-K,2025-10-31,2025-12-18,1098000000.0,InterestExpense,10-K,2025-10-31,2025-12-18,5002000000.0,CostOfGoodsAndServicesSold,10-K,2020-10-31,2020-12-10,6002000000.0,PropertyPlantAndEquipmentNet,10-K,2025-10-31,2025-12-18,2737000000.0,DepreciationDepletionAndAmortization,10-K,2025-10-31,2025-12-18,5704000000.0,SellingGeneralAndAdministrativeExpense,10-K,2025-10-31,2025-12-18,24994000000.0,AssetsCurrent,10-K,2025-10-31,2025-12-18,24643000000.0,LiabilitiesCurrent,10-K,2025-10-31,2025-12-18,5290000000.0,AccountsReceivableNetCurrent,10-K,2025-10-31,2025-12-18,6352000000.0,InventoryNet,10-K,2025-10-31,2025-12-18,7731000000.0,AccountsPayableCurrent,10-K,2025-10-31,2025-12-18,21748000000.0,LongTermDebt,10-K,2025-10-31,2025-12-18,4609000000.0,ShortTermBorrowings,10-K,2025-10-31,2025-12-18,True,31.350000381469727,0.259542030945487,0.31962146254174484,0.4680804986318289,0.0
HPQ,HP Inc.,Technology,"Technology Hardware, Storage & Peripherals",S&P 500,BBB bucket,BBB,demo_bucket_to_refresh,0000047217,True,55295000000.0,Revenues,10-K,2025-10-31,2025-12-10,2529000000.0,NetIncomeLoss,10-K,2025-10-31,2025-12-10,41769000000.0,Assets,10-K,2025-10-31,2025-12-10,,,,,,-346000000.0,StockholdersEquity,10-K,2025-10-31,2025-12-10,3690000000.0,CashAndCashEquivalentsAtCarryingValue,10-K,2025-10-31,2025-12-10,3697000000.0,NetCashProvidedByUsedInOperatingActivities,10-K,2025-10-31,2025-12-10,897000000.0,PaymentsToAcquireProductiveAssets,10-K,2025-10-31,2025-12-10,567000000.0,InterestExpense,10-K,2015-10-31,2015-12-16,43903000000.0,CostOfRevenue,10-K,2025-10-31,2025-12-10,3049000000.0,PropertyPlantAndEquipmentNet,10-K,2025-10-31,2025-12-10,916000000.0,DepreciationDepletionAndAmortization,10-K,2025-10-31,2025-12-10,5821000000.0,SellingGeneralAndAdministrativeExpense,10-K,2025-10-31,2025-12-10,22453000000.0,AssetsCurrent,10-K,2025-10-31,2025-12-10,29258000000.0,LiabilitiesCurrent,10-K,2025-10-31,2025-12-10,5692000000.0,AccountsReceivableNetCurrent,10-K,2025-10-31,2025-12-10,8512000000.0,InventoryNet,10-K,2025-10-31,2025-12-10,18051000000.0,AccountsPayableCurrent,10-K,2025-10-31,2025-12-10,9723000000.0,LongTermDebt,10-K,2025-10-31,2025-12-10,788000000.0,LongTermDebtCurrent,10-K,2025-10-31,2025-12-10,True,22.68000030517578,0.24205914681768914,0.18620604069801772,0.37678491999402564,-0.11253913989187336
HRL,Hormel Foods,Consumer Staples,Packaged Foods & Meats,S&P 500,NR (to derive from financials),NR,default - no public rating available; derive from leverage/margin post-SEC pull,0000048465,True,9167519000.0,SalesRevenueNet,10-K,2017-10-29,2017-12-20,478197000.0,NetIncomeLoss,10-K,2025-10-26,2025-12-05,13393119000.0,Assets,10-K,2025-10-26,2025-12-05,,,,,,7901171000.0,StockholdersEquity,10-K,2025-10-26,2025-12-05,670679000.0,CashAndCashEquivalentsAtCarryingValue,10-K,2025-10-26,2025-12-05,845251000.0,NetCashProvidedByUsedInOperatingActivities,10-K,2025-10-26,2025-12-05,310902000.0,PaymentsToAcquirePropertyPlantAndEquipment,10-K,2025-10-26,2025-12-05,73402000.0,InterestExpense,10-K,2023-10-29,2023-12-06,10214344000.0,CostOfGoodsAndServicesSold,10-K,2025-10-26,2025-12-05,2238770000.0,PropertyPlantAndEquipmentAndFinanceLeaseRightOfUseAssetAfterAccumulatedDepreciationAndAmortization,10-K,2025-10-26,2025-12-05,263901000.0,DepreciationDepletionAndAmortization,10-K,2025-10-26,2025-12-05,996624000.0,SellingGeneralAndAdministrativeExpense,10-K,2025-10-26,2025-12-05,3405656000.0,AssetsCurrent,10-K,2025-10-26,2025-12-05,1380796000.0,LiabilitiesCurrent,10-K,2025-10-26,2025-12-05,784812000.0,AccountsReceivableNetCurrent,10-K,2025-10-26,2025-12-05,1747279000.0,InventoryNet,10-K,2025-10-26,2025-12-05,731578000.0,AccountsPayableCurrent,10-K,2025-10-26,2025-12-05,2850778000.0,LongTermDebtNoncurrent,10-K,2025-10-26,2025-12-05,6646000.0,LongTermDebtCurrent,10-K,2025-10-26,2025-12-05,True,20.440000534057617,-0.006657968952404336,-0.15071487630126557,0.2538726265594126,-0.19647093297110552
HSIC,Henry Schein,Healthcare,Health Care Distributors,S&P 500,NR (to derive from financials),NR,default - no public rating available; derive from leverage/margin post-SEC pull,0001000228,True,13184000000.0,RevenueFromContractWithCustomerExcludingAssessedTax,10-K,2025-12-27,2026-02-24,398000000.0,NetIncomeLoss,10-K,2025-12-27,2026-02-24,11215000000.0,Assets,10-K,2025-12-27,2026-02-24,6421000000.0,Liabilities,10-K,2025-12-27,2026-02-24,3245000000.0,StockholdersEquity,10-K,2025-12-27,2026-02-24,156000000.0,CashCashEquivalentsRestrictedCashAndRestrictedCashEquivalents,10-K,2025-12-27,2026-02-24,712000000.0,NetCashProvidedByUsedInOperatingActivities,10-K,2025-12-27,2026-02-24,139000000.0,PaymentsToAcquireProductiveAssets,10-K,2025-12-27,2026-02-24,150000000.0,InterestExpense,10-K,2025-12-27,2026-02-24,9079000000.0,CostOfGoodsAndServicesSold,10-K,2025-12-27,2026-02-24,621000000.0,PropertyPlantAndEquipmentAndFinanceLeaseRightOfUseAssetAfterAccumulatedDepreciationAndAmortization,10-K,2025-12-27,2026-02-24,311000000.0,DepreciationDepletionAndAmortization,10-K,2025-12-27,2026-02-24,3084000000.0,SellingGeneralAndAdministrativeExpense,10-K,2025-12-27,2026-02-24,4464000000.0,AssetsCurrent,10-K,2025-12-27,2026-02-24,3228000000.0,LiabilitiesCurrent,10-K,2025-12-27,2026-02-24,1651000000.0,AccountsReceivableNetCurrent,10-K,2025-12-27,2026-02-24,2002000000.0,InventoryNet,10-K,2025-12-27,2026-02-24,1154000000.0,AccountsPayableCurrent,10-K,2025-12-27,2026-02-24,1046000000.0,LongTermDebt,10-K,2022-12-31,2023-02-21,764000000.0,ShortTermBorrowings,10-K,2025-12-27,2026-02-24,True,70.81999969482422,-0.059994649094416985,-0.11585516799098416,0.2614439833391504,-0.1503299221197616
HST,Host Hotels & Resorts,Real Estate,Hotel & Resort REITs,S&P 500,NR (to derive from financials),NR,default - no public rating available; derive from leverage/margin post-SEC pull,0001070750,True,6114000000.0,RevenueFromContractWithCustomerExcludingAssessedTax,10-K,2025-12-31,2026-02-25,765000000.0,NetIncomeLoss,10-K,2025-12-31,2026-02-25,13049000000.0,Assets,10-K,2025-12-31,2026-02-25,6317000000.0,Liabilities,10-K,2025-12-31,2026-02-25,6558000000.0,StockholdersEquity,10-K,2025-12-31,2026-02-25,768000000.0,CashAndCashEquivalentsAtCarryingValue,10-K,2025-12-31,2026-02-25,1510000000.0,NetCashProvidedByUsedInOperatingActivities,10-K,2025-12-31,2026-02-25,274000000.0,PaymentsToAcquireProductiveAssets,10-K,2018-12-31,2019-02-26,191000000.0,InterestExpense,10-K,2023-12-31,2024-02-28,,,,,,10636000000.0,PropertyPlantAndEquipmentNet,10-K,2025-12-31,2026-02-25,795000000.0,DepreciationAndAmortization,10-K,2025-12-31,2026-02-25,124000000.0,GeneralAndAdministrativeExpense,10-K,2025-12-31,2026-02-25,,,,,,,,,,,,,,,,,,,,,,,,,,1274000000.0,LongTermDebt,10-K,2025-12-31,2026-02-25,,,,,,True,22.270000457763672,0.10575973846404452,0.1518638097106868,0.2641609336732696,0.0
HSY,Hershey Company (The),Consumer Staples,Packaged Foods & Meats,S&P 500,NR (to derive from financials),NR,default - no public rating available; derive from leverage/margin post-SEC pull,0000047111,True,11692576000.0,RevenueFromContractWithCustomerExcludingAssessedTax,10-K,2025-12-31,2026-02-17,883259000.0,NetIncomeLoss,10-K,2025-12-31,2026-02-17,13741297000.0,Assets,10-K,2025-12-31,2026-02-17,9104547000.0,Liabilities,10-K,2025-12-31,2026-02-17,4636750000.0,StockholdersEquity,10-K,2025-12-31,2026-02-17,925859000.0,CashCashEquivalentsRestrictedCashAndRestrictedCashEquivalents,10-K,2025-12-31,2026-02-17,2277367000.0,NetCashProvidedByUsedInOperatingActivities,10-K,2025-12-31,2026-02-17,454622000.0,PaymentsToAcquirePropertyPlantAndEquipment,10-K,2025-12-31,2026-02-17,224806000.0,InterestExpense,10-K,2025-12-31,2026-02-17,7769885000.0,CostOfGoodsAndServicesSold,10-K,2025-12-31,2026-02-17,3529608000.0,PropertyPlantAndEquipmentAndFinanceLeaseRightOfUseAssetAfterAccumulatedDepreciationAndAmortization,10-K,2025-12-31,2026-02-17,503701000.0,DepreciationDepletionAndAmortization,10-K,2025-12-31,2026-02-17,2460569000.0,SellingGeneralAndAdministrativeExpense,10-K,2025-12-31,2026-02-17,3588899000.0,AssetsCurrent,10-K,2025-12-31,2026-02-17,3011896000.0,LiabilitiesCurrent,10-K,2025-12-31,2026-02-17,729547000.0,AccountsReceivableNetCurrent,10-K,2025-12-31,2026-02-17,1429254000.0,InventoryNet,10-K,2025-12-31,2026-02-17,1255701000.0,AccountsPayableCurrent,10-K,2025-12-31,2026-02-17,4528584000.0,LongTermDebt,10-K,2020-12-31,2021-02-17,218546000.0,ShortTermBorrowings,10-K,2025-12-31,2026-02-17,True,185.94000244140625,-0.08091540366138539,-0.1881628033589099,0.23043660122189882,-0.21305229641935086
HUBB,Hubbell Incorporated,Industrials,Industrial Machinery & Supplies & Components,S&P 500,NR (to derive from financials),NR,default - no public rating available; derive from leverage/margin post-SEC pull,0000048898,True,5844600000.0,RevenueFromContractWithCustomerExcludingAssessedTax,10-K,2025-12-31,2026-02-12,887100000.0,NetIncomeLoss,10-K,2025-12-31,2026-02-12,8228800000.0,Assets,10-K,2025-12-31,2026-02-12,4370900000.0,Liabilities,10-K,2025-12-31,2026-02-12,3847900000.0,StockholdersEquity,10-K,2025-12-31,2026-02-12,482500000.0,CashAndCashEquivalentsAtCarryingValue,10-K,2025-12-31,2026-02-12,1029800000.0,NetCashProvidedByUsedInOperatingActivities,10-K,2025-12-31,2026-02-12,155100000.0,PaymentsToAcquireProductiveAssets,10-K,2025-12-31,2026-02-12,60300000.0,InterestExpense,10-K,2020-12-31,2021-02-11,3780500000.0,CostOfGoodsAndServicesSold,10-K,2025-12-31,2026-02-12,841200000.0,PropertyPlantAndEquipmentNet,10-K,2025-12-31,2026-02-12,206100000.0,DepreciationDepletionAndAmortization,10-K,2025-12-31,2026-02-12,855300000.0,SellingGeneralAndAdministrativeExpense,10-K,2025-12-31,2026-02-12,2594000000.0,AssetsCurrent,10-K,2025-12-31,2026-02-12,1508700000.0,LiabilitiesCurrent,10-K,2025-12-31,2026-02-12,856900000.0,ReceivablesNetCurrent,10-K,2025-12-31,2026-02-12,1083800000.0,InventoryNet,10-K,2025-12-31,2026-02-12,570500000.0,AccountsPayableCurrent,10-K,2025-12-31,2026-02-12,2036300000.0,LongTermDebtNoncurrent,10-K,2025-12-31,2026-02-12,15000000.0,LongTermDebtCurrent,10-K,2023-12-31,2025-02-13,True,492.5799865722656,-0.08102464954404398,-0.024147553110989484,0.3461519930665997,-0.1170027639512139
HUM,Humana,Healthcare,Managed Health Care,S&P 500,NR (to derive from financials),NR,default - no public rating available; derive from leverage/margin post-SEC pull,0000049071,True,129664000000.0,Revenues,10-K,2025-12-31,2026-02-19,1188000000.0,NetIncomeLoss,10-K,2025-12-31,2026-02-19,48909000000.0,Assets,10-K,2025-12-31,2026-02-19,31172000000.0,Liabilities,10-K,2025-12-31,2026-02-19,17657000000.0,StockholdersEquity,10-K,2025-12-31,2026-02-19,4200000000.0,CashAndCashEquivalentsAtCarryingValue,10-K,2025-12-31,2026-02-19,921000000.0,NetCashProvidedByUsedInOperatingActivities,10-K,2025-12-31,2026-02-19,546000000.0,PaymentsToAcquirePropertyPlantAndEquipment,10-K,2025-12-31,2026-02-19,493000000.0,InterestExpense,10-K,2023-12-31,2024-02-15,,,,,,2231000000.0,PropertyPlantAndEquipmentNet,10-K,2025-12-31,2026-02-19,698000000.0,DepreciationAndAmortization,10-K,2025-12-31,2026-02-19,15450000000.0,SellingGeneralAndAdministrativeExpense,10-K,2025-12-31,2026-02-19,32733000000.0,AssetsCurrent,10-K,2025-12-31,2026-02-19,16346000000.0,LiabilitiesCurrent,10-K,2025-12-31,2026-02-19,3270000000.0,ReceivablesNetCurrent,10-K,2025-12-31,2026-02-19,,,,,,5717000000.0,AccountsPayableAndAccruedLiabilitiesCurrent,10-K,2025-12-31,2026-02-19,12369000000.0,LongTermDebtNoncurrent,10-K,2025-12-31,2026-02-19,1694000000.0,ShortTermBorrowings,10-K,2018-12-31,2019-02-21,True,274.9599914550781,0.4309653926047241,0.4584223512048926,0.46257165059415084,-0.02674265440901813
HWM,Howmet Aerospace,Aerospace & Defense,Aerospace & Defense,S&P 500,NR (to derive from financials),NR,default - no public rating available; derive from leverage/margin post-SEC pull,0000004281,True,8252000000.0,RevenueFromContractWithCustomerExcludingAssessedTax,10-K,2025-12-31,2026-02-12,1508000000.0,NetIncomeLoss,10-K,2025-12-31,2026-02-12,11179000000.0,Assets,10-K,2025-12-31,2026-02-12,5826000000.0,Liabilities,10-K,2025-12-31,2026-02-12,5353000000.0,StockholdersEquity,10-K,2025-12-31,2026-02-12,742000000.0,CashAndCashEquivalentsAtCarryingValue,10-K,2025-12-31,2026-02-12,1884000000.0,NetCashProvidedByUsedInOperatingActivities,10-K,2025-12-31,2026-02-12,453000000.0,PaymentsToAcquirePropertyPlantAndEquipment,10-K,2025-12-31,2026-02-12,176000000.0,InterestAndDebtExpense,10-K,2025-12-31,2026-02-12,19137000000.0,CostOfGoodsSold,10-K,2014-12-31,2015-02-19,2593000000.0,PropertyPlantAndEquipmentNet,10-K,2025-12-31,2026-02-12,283000000.0,DepreciationDepletionAndAmortization,10-K,2025-12-31,2026-02-12,370000000.0,SellingGeneralAndAdministrativeExpense,10-K,2025-12-31,2026-02-12,3779000000.0,AssetsCurrent,10-K,2025-12-31,2026-02-12,1771000000.0,LiabilitiesCurrent,10-K,2025-12-31,2026-02-12,779000000.0,AccountsReceivableNetCurrent,10-K,2025-12-31,2026-02-12,1849000000.0,InventoryNet,10-K,2025-12-31,2026-02-12,845000000.0,AccountsPayableCurrent,10-K,2025-12-31,2026-02-12,3050000000.0,LongTermDebt,10-K,2025-12-31,2026-02-12,191000000.0,LongTermDebtCurrent,10-K,2025-12-31,2026-02-12,True,270.55999755859375,0.07127550117238779,0.20221713665659746,0.3785814398907642,-0.006827750449524328
IBKR,Interactive Brokers,Financials,Investment Banking & Brokerage,S&P 500,NR (to derive from financials),NR,default - no public rating available; derive from leverage/margin post-SEC pull,0001381197,True,2440000000.0,RevenueFromContractWithCustomerExcludingAssessedTax,10-K,2025-12-31,2026-02-27,4357000000.0,ProfitLoss,10-K,2025-12-31,2026-02-27,203240000000.0,Assets,10-K,2025-12-31,2026-02-27,182768000000.0,Liabilities,10-K,2025-12-31,2026-02-27,5363000000.0,StockholdersEquity,10-K,2025-12-31,2026-02-27,4963000000.0,CashAndCashEquivalentsAtCarryingValue,10-K,2025-12-31,2026-02-27,15811000000.0,NetCashProvidedByUsedInOperatingActivities,10-K,2025-12-31,2026-02-27,,,,,,3436000000.0,InterestExpense,10-K,2023-12-31,2024-02-27,,,,,,60000000.0,PropertyPlantAndEquipmentNet,10-K,2025-12-31,2026-02-27,,,,,,247000000.0,SellingGeneralAndAdministrativeExpense,10-K,2025-12-31,2026-02-27,,,,,,,,,,,,,,,,,,,,,,,,,,,,,,,16000000.0,ShortTermBorrowings,10-K,2019-12-31,2020-02-28,True,84.41999816894531,0.1855076429477598,0.07766732718858993,0.40492582507531605,-0.030101134179958855
IBM,IBM,Technology,,Dow; S&P 500,NR (to derive from financials),NR,default - no public rating available; derive from leverage/margin post-SEC pull,0000051143,True,67535000000.0,Revenues,10-K,2025-12-31,2026-02-24,10593000000.0,NetIncomeLoss,10-K,2025-12-31,2026-02-24,151880000000.0,Assets,10-K,2025-12-31,2026-02-24,119139000000.0,Liabilities,10-K,2025-12-31,2026-02-24,32648000000.0,StockholdersEquity,10-K,2025-12-31,2026-02-24,13587000000.0,CashAndCashEquivalentsAtCarryingValue,10-K,2025-12-31,2026-02-24,13193000000.0,NetCashProvidedByUsedInOperatingActivities,10-K,2025-12-31,2026-02-24,1091000000.0,PaymentsToAcquirePropertyPlantAndEquipment,10-K,2025-12-31,2026-02-24,1935000000.0,InterestExpense,10-K,2025-12-31,2026-02-24,28239000000.0,CostOfRevenue,10-K,2025-12-31,2026-02-24,5899000000.0,PropertyPlantAndEquipmentAndFinanceLeaseRightOfUseAssetAfterAccumulatedDepreciationAndAmortization,10-K,2025-12-31,2026-02-24,2284000000.0,Depreciation,10-K,2025-12-31,2026-02-24,20123000000.0,SellingGeneralAndAdministrativeExpense,10-K,2025-12-31,2026-02-24,36944000000.0,AssetsCurrent,10-K,2025-12-31,2026-02-24,38658000000.0,LiabilitiesCurrent,10-K,2025-12-31,2026-02-24,8112000000.0,AccountsReceivableNetCurrent,10-K,2025-12-31,2026-02-24,1220000000.0,InventoryNet,10-K,2025-12-31,2026-02-24,4756000000.0,AccountsPayableCurrent,10-K,2025-12-31,2026-02-24,54836000000.0,LongTermDebtNoncurrent,10-K,2025-12-31,2026-02-24,6424000000.0,ShortTermBorrowings,10-K,2025-12-31,2026-02-24,True,229.75999450683594,0.002994619051178038,-0.21451492215755785,0.4405412199029073,-0.2609986778264527
ICE,Intercontinental Exchange,Financials,Financial Exchanges & Data,S&P 500,NR (to derive from financials),NR,default - no public rating available; derive from leverage/margin post-SEC pull,0001571949,True,12640000000.0,RevenueFromContractWithCustomerExcludingAssessedTax,10-K,2025-12-31,2026-02-05,3315000000.0,NetIncomeLoss,10-K,2025-12-31,2026-02-05,136887000000.0,Assets,10-K,2025-12-31,2026-02-05,107896000000.0,Liabilities,10-K,2025-12-31,2026-02-05,28915000000.0,StockholdersEquity,10-K,2025-12-31,2026-02-05,837000000.0,CashAndCashEquivalentsAtCarryingValue,10-K,2025-12-31,2026-02-05,4662000000.0,NetCashProvidedByUsedInOperatingActivities,10-K,2025-12-31,2026-02-05,373000000.0,PaymentsToAcquirePropertyPlantAndEquipment,10-K,2025-12-31,2026-02-05,808000000.0,InterestExpense,10-K,2023-12-31,2024-02-08,1646000000.0,CostOfRevenue,10-Q,2020-09-30,2020-10-29,1241000000.0,PropertyPlantAndEquipmentNet,10-K,2018-12-31,2020-02-06,1560000000.0,DepreciationAndAmortization,10-K,2025-12-31,2026-02-05,293000000.0,SellingGeneralAndAdministrativeExpense,10-K,2025-12-31,2026-02-05,85778000000.0,AssetsCurrent,10-K,2025-12-31,2026-02-05,84116000000.0,LiabilitiesCurrent,10-K,2025-12-31,2026-02-05,1552000000.0,AccountsReceivableNetCurrent,10-K,2025-12-31,2026-02-05,,,,,,1078000000.0,AccountsPayableAndAccruedLiabilitiesCurrent,10-K,2025-12-31,2026-02-05,18609000000.0,LongTermDebtNoncurrent,10-K,2025-12-31,2026-02-05,1035000000.0,ShortTermBorrowings,10-K,2025-12-31,2026-02-05,True,155.82000732421875,-0.029763378565601628,-0.07762935365354451,0.277837890765388,-0.10723376331468648
IDXX,Idexx Laboratories,Industrials,,Nasdaq 100; S&P 500,NR (to derive from financials),NR,default - no public rating available; derive from leverage/margin post-SEC pull,0000874716,True,4303702000.0,RevenueFromContractWithCustomerExcludingAssessedTax,10-K,2025-12-31,2026-02-20,1059464000.0,NetIncomeLoss,10-K,2025-12-31,2026-02-20,3350759000.0,Assets,10-K,2025-12-31,2026-02-20,1745376000.0,Liabilities,10-K,2025-12-31,2026-02-20,1605383000.0,StockholdersEquity,10-K,2025-12-31,2026-02-20,180070000.0,CashAndCashEquivalentsAtCarryingValue,10-K,2025-12-31,2026-02-20,1181805000.0,NetCashProvidedByUsedInOperatingActivities,10-K,2025-12-31,2026-02-20,124676000.0,PaymentsToAcquirePropertyPlantAndEquipment,10-K,2025-12-31,2026-02-20,41581000.0,InterestExpense,10-K,2023-12-31,2024-02-22,1644123000.0,CostOfGoodsAndServicesSold,10-K,2025-12-31,2026-02-20,747380000.0,PropertyPlantAndEquipmentNet,10-K,2025-12-31,2026-02-20,145183000.0,DepreciationDepletionAndAmortization,10-K,2025-12-31,2026-02-20,404794000.0,GeneralAndAdministrativeExpense,10-K,2025-12-31,2026-02-20,1413827000.0,AssetsCurrent,10-K,2025-12-31,2026-02-20,1148814000.0,LiabilitiesCurrent,10-K,2025-12-31,2026-02-20,552378000.0,AccountsReceivableNetCurrent,10-K,2025-12-31,2026-02-20,377756000.0,InventoryNet,10-K,2025-12-31,2026-02-20,110408000.0,AccountsPayableCurrent,10-K,2025-12-31,2026-02-20,450000000.0,LongTermDebt,10-K,2025-12-31,2026-02-20,74995000.0,LongTermDebtCurrent,10-K,2025-12-31,2026-02-20,True,560.1099853515625,-0.005133240938610117,-0.12454085780064506,0.3090837645011896,-0.2694344567454683
IEX,IDEX Corporation,Industrials,Industrial Machinery & Supplies & Components,S&P 500,NR (to derive from financials),NR,default - no public rating available; derive from leverage/margin post-SEC pull,0000832101,True,3457500000.0,Revenues,10-K,2025-12-31,2026-02-19,483200000.0,NetIncomeLoss,10-K,2025-12-31,2026-02-19,6927000000.0,Assets,10-K,2025-12-31,2026-02-19,2900800000.0,Liabilities,10-K,2025-12-31,2026-02-19,4027500000.0,StockholdersEquity,10-K,2025-12-31,2026-02-19,580000000.0,CashAndCashEquivalentsAtCarryingValue,10-K,2025-12-31,2026-02-19,680400000.0,NetCashProvidedByUsedInOperatingActivities,10-K,2025-12-31,2026-02-19,63600000.0,PaymentsToAcquirePropertyPlantAndEquipment,10-K,2025-12-31,2026-02-19,51700000.0,InterestExpense,10-K,2023-12-31,2024-02-22,1918700000.0,CostOfGoodsAndServicesSold,10-K,2025-12-31,2026-02-19,468000000.0,PropertyPlantAndEquipmentNet,10-K,2025-12-31,2026-02-19,75800000.0,Depreciation,10-K,2025-12-31,2026-02-19,818800000.0,SellingGeneralAndAdministrativeExpense,10-K,2025-12-31,2026-02-19,1643200000.0,AssetsCurrent,10-K,2025-12-31,2026-02-19,575400000.0,LiabilitiesCurrent,10-K,2025-12-31,2026-02-19,511900000.0,AccountsReceivableNetCurrent,10-K,2025-12-31,2026-02-19,479400000.0,InventoryNet,10-K,2025-12-31,2026-02-19,,,,,,1829800000.0,LongTermDebt,10-K,2025-12-31,2026-02-19,700000.0,LongTermDebtCurrent,10-K,2025-12-31,2026-02-19,True,216.9199981689453,0.07872098124889115,0.029276385143275574,0.26195527026299,-0.005820634576517714
IFF,International Flavors & Fragrances,Materials,Specialty Chemicals,S&P 500,NR (to derive from financials),NR,default - no public rating available; derive from leverage/margin post-SEC pull,0000051253,True,10890000000.0,RevenueFromContractWithCustomerExcludingAssessedTax,10-K,2025-12-31,2026-02-27,-359000000.0,ProfitLoss,10-K,2025-12-31,2026-02-27,25539000000.0,Assets,10-K,2025-12-31,2026-02-27,,,,,,14154000000.0,StockholdersEquity,10-K,2025-12-31,2026-02-27,590000000.0,CashAndCashEquivalentsAtCarryingValue,10-K,2025-12-31,2026-02-27,850000000.0,NetCashProvidedByUsedInOperatingActivities,10-K,2025-12-31,2026-02-27,594000000.0,PaymentsToAcquirePropertyPlantAndEquipment,10-K,2025-12-31,2026-02-27,380000000.0,InterestExpense,10-K,2023-12-31,2024-02-28,6952000000.0,CostOfGoodsAndServicesSold,10-K,2025-12-31,2026-02-27,4029000000.0,PropertyPlantAndEquipmentNet,10-K,2025-12-31,2026-02-27,962000000.0,DepreciationDepletionAndAmortization,10-K,2025-12-31,2026-02-27,1834000000.0,SellingGeneralAndAdministrativeExpense,10-K,2025-12-31,2026-02-27,5594000000.0,AssetsCurrent,10-K,2025-12-31,2026-02-27,3933000000.0,LiabilitiesCurrent,10-K,2025-12-31,2026-02-27,1731000000.0,ReceivablesNetCurrent,10-K,2025-12-31,2026-02-27,2245000000.0,InventoryNet,10-K,2025-12-31,2026-02-27,1287000000.0,AccountsPayableCurrent,10-K,2025-12-31,2026-02-27,5637000000.0,LongTermDebt,10-K,2025-12-31,2026-02-27,1254000000.0,LongTermDebtCurrent,10-K,2025-12-31,2026-02-27,True,81.05000305175781,0.11762281858167944,0.08444622927461531,0.49777690602470864,-0.02266968824912252
INCY,Incyte,Healthcare,Biotechnology,S&P 500,NR (to derive from financials),NR,default - no public rating available; derive from leverage/margin post-SEC pull,0000879169,True,5141242000.0,RevenueFromContractWithCustomerExcludingAssessedTax,10-K,2025-12-31,2026-02-10,1286650000.0,NetIncomeLoss,10-K,2025-12-31,2026-02-10,6957973000.0,Assets,10-K,2025-12-31,2026-02-10,1790495000.0,Liabilities,10-K,2025-12-31,2026-02-10,5167478000.0,StockholdersEquity,10-K,2025-12-31,2026-02-10,3097817000.0,CashAndCashEquivalentsAtCarryingValue,10-K,2025-12-31,2026-02-10,1413498000.0,NetCashProvidedByUsedInOperatingActivities,10-K,2025-12-31,2026-02-10,48700000.0,PaymentsToAcquirePropertyPlantAndEquipment,10-K,2024-05-31,2026-02-10,2551000.0,InterestExpense,10-K,2023-12-31,2024-02-13,372130000.0,CostOfRevenue,10-K,2025-12-31,2026-02-10,730885000.0,PropertyPlantAndEquipmentNet,10-K,2025-12-31,2026-02-10,93286000.0,DepreciationDepletionAndAmortization,10-K,2025-12-31,2026-02-10,1376206000.0,SellingGeneralAndAdministrativeExpense,10-K,2025-12-31,2026-02-10,5023902000.0,AssetsCurrent,10-K,2025-12-31,2026-02-10,1515170000.0,LiabilitiesCurrent,10-K,2025-12-31,2026-02-10,,,,,,101060000.0,InventoryNet,10-K,2025-12-31,2026-02-10,209938000.0,AccountsPayableCurrent,10-K,2025-12-31,2026-02-10,19094000000.0,LongTermDebt,10-K,2018-12-31,2019-02-14,689118000.0,LongTermDebtCurrent,10-K,2014-12-31,2015-02-17,True,98.55999755859375,0.025918578866235498,-0.09602862824842306,0.29302120152966593,-0.1086189940253085
INSM,Insmed Incorporated,Industrials,,Nasdaq 100,NR (to derive from financials),NR,default - no public rating available; derive from leverage/margin post-SEC pull,0001104506,True,606423000.0,RevenueFromContractWithCustomerExcludingAssessedTax,10-K,2025-12-31,2026-02-19,-1276775000.0,NetIncomeLoss,10-K,2025-12-31,2026-02-19,2264558000.0,Assets,10-K,2025-12-31,2026-02-19,1525582000.0,Liabilities,10-K,2025-12-31,2026-02-19,738976000.0,StockholdersEquity,10-K,2025-12-31,2026-02-19,510445000.0,CashAndCashEquivalentsAtCarryingValue,10-K,2025-12-31,2026-02-19,-935014000.0,NetCashProvidedByUsedInOperatingActivities,10-K,2025-12-31,2026-02-19,32561000.0,PaymentsToAcquirePropertyPlantAndEquipment,10-K,2025-12-31,2026-02-19,83795000.0,InterestExpense,10-K,2025-12-31,2026-02-19,122938000.0,CostOfGoodsAndServicesSold,10-K,2025-12-31,2026-02-19,102942000.0,PropertyPlantAndEquipmentNet,10-K,2025-12-31,2026-02-19,10449000.0,Depreciation,10-K,2025-12-31,2026-02-19,701167000.0,SellingGeneralAndAdministrativeExpense,10-K,2025-12-31,2026-02-19,1794208000.0,AssetsCurrent,10-K,2025-12-31,2026-02-19,468874000.0,LiabilitiesCurrent,10-K,2025-12-31,2026-02-19,140857000.0,AccountsReceivableNetCurrent,10-K,2025-12-31,2026-02-19,132068000.0,InventoryNet,10-K,2025-12-31,2026-02-19,79907000.0,AccountsPayableCurrent,10-K,2025-12-31,2026-02-19,546770000.0,LongTermDebt,10-K,2025-12-31,2026-02-19,0.0,LongTermDebtCurrent,10-K,2017-12-31,2018-02-23,True,101.3499984741211,-0.34532652882601256,-0.32225489484812275,0.6512195529248859,-0.5205997979352674
INTC,Intel,Industrials,,Nasdaq 100; S&P 500,A- shown,A-,screenshot,0000050863,True,52853000000.0,RevenueFromContractWithCustomerExcludingAssessedTax,10-K,2025-12-27,2026-01-23,-267000000.0,NetIncomeLoss,10-K,2025-12-27,2026-01-23,211429000000.0,Assets,10-K,2025-12-27,2026-01-23,,,,,,114281000000.0,StockholdersEquity,10-K,2025-12-27,2026-01-23,14265000000.0,CashAndCashEquivalentsAtCarryingValue,10-K,2025-12-27,2026-01-23,9697000000.0,NetCashProvidedByUsedInOperatingActivities,10-K,2025-12-27,2026-01-23,14646000000.0,PaymentsToAcquirePropertyPlantAndEquipment,10-K,2025-12-27,2026-01-23,878000000.0,InterestExpense,10-K,2023-12-30,2024-01-26,34478000000.0,CostOfGoodsAndServicesSold,10-K,2025-12-27,2026-01-23,105414000000.0,PropertyPlantAndEquipmentAndFinanceLeaseRightOfUseAssetAfterAccumulatedDepreciationAndAmortization,10-K,2025-12-27,2026-01-23,10757000000.0,Depreciation,10-K,2025-12-27,2026-01-23,4624000000.0,SellingGeneralAndAdministrativeExpense,10-K,2025-12-27,2026-01-23,63688000000.0,AssetsCurrent,10-K,2025-12-27,2026-01-23,31575000000.0,LiabilitiesCurrent,10-K,2025-12-27,2026-01-23,3839000000.0,AccountsReceivableNetCurrent,10-K,2025-12-27,2026-01-23,11618000000.0,InventoryNet,10-K,2025-12-27,2026-01-23,9882000000.0,AccountsPayableCurrent,10-K,2025-12-27,2026-01-23,46585000000.0,LongTermDebt,10-K,2025-12-27,2026-01-23,2499000000.0,LongTermDebtCurrent,10-K,2025-12-27,2026-01-23,True,124.91999816894531,1.002564861012749,1.4864648486364773,0.8656236996070137,0.0
INTU,Intuit,Industrials,,Nasdaq 100; S&P 500,NR (to derive from financials),NR,default - no public rating available; derive from leverage/margin post-SEC pull,0000896878,True,18831000000.0,Revenues,10-K,2025-07-31,2025-09-03,3869000000.0,NetIncomeLoss,10-K,2025-07-31,2025-09-03,36958000000.0,Assets,10-K,2025-07-31,2025-09-03,17248000000.0,Liabilities,10-K,2025-07-31,2025-09-03,19710000000.0,StockholdersEquity,10-K,2025-07-31,2025-09-03,2884000000.0,CashAndCashEquivalentsAtCarryingValue,10-K,2025-07-31,2025-09-03,6207000000.0,NetCashProvidedByUsedInOperatingActivities,10-K,2025-07-31,2025-09-03,84000000.0,PaymentsToAcquirePropertyPlantAndEquipment,10-K,2025-07-31,2025-09-03,,,,,,322000000.0,CostOfGoodsAndServicesSold,10-K,2020-07-31,2020-08-31,961000000.0,PropertyPlantAndEquipmentNet,10-K,2025-07-31,2025-09-03,172000000.0,Depreciation,10-K,2025-07-31,2025-09-03,1601000000.0,GeneralAndAdministrativeExpense,10-K,2025-07-31,2025-09-03,14107000000.0,AssetsCurrent,10-K,2025-07-31,2025-09-03,10370000000.0,LiabilitiesCurrent,10-K,2025-07-31,2025-09-03,530000000.0,AccountsReceivableNetCurrent,10-K,2025-07-31,2025-09-03,,,,,,792000000.0,AccountsPayableCurrent,10-K,2025-07-31,2025-09-03,5973000000.0,LongTermDebt,10-K,2025-07-31,2025-09-03,0.0,LongTermDebtCurrent,10-K,2025-07-31,2025-09-03,True,396.30999755859375,0.12928134382389933,-0.09134922781778743,0.5067985468547701,-0.4113267557747048
INVH,Invitation Homes,Real Estate,Single-Family Residential REITs,S&P 500,NR (to derive from financials),NR,default - no public rating available; derive from leverage/margin post-SEC pull,0001687229,True,2729296000.0,Revenues,10-K,2025-12-31,2026-02-19,587924000.0,NetIncomeLoss,10-K,2025-12-31,2026-02-19,18680290000.0,Assets,10-K,2025-12-31,2026-02-19,9112398000.0,Liabilities,10-K,2025-12-31,2026-02-19,9530132000.0,StockholdersEquity,10-K,2025-12-31,2026-02-19,129971000.0,CashAndCashEquivalentsAtCarryingValue,10-K,2025-12-31,2026-02-19,1206230000.0,NetCashProvidedByUsedInOperatingActivities,10-K,2025-12-31,2026-02-19,4027000.0,PaymentsToAcquirePropertyPlantAndEquipment,10-K,2018-12-31,2019-02-28,333457000.0,InterestExpense,10-K,2023-12-31,2024-02-21,,,,,,56613000.0,PropertyPlantAndEquipmentNet,10-K,2025-12-31,2026-02-19,746933000.0,Depreciation,10-K,2025-12-31,2026-02-19,95250000.0,GeneralAndAdministrativeExpense,10-K,2025-12-31,2026-02-19,,,,,,,,,,,,,,,,,,,,,,,,,,8380020000.0,LongTermDebt,10-K,2025-12-31,2026-02-19,,,,,,True,28.729999542236328,0.10415061632576039,0.09986787969472855,0.23267499802670064,-0.00828442446691846
IP,International Paper,Materials,Paper & Plastic Packaging Products & Materials,S&P 500,NR (to derive from financials),NR,default - no public rating available; derive from leverage/margin post-SEC pull,0000051434,True,23634000000.0,RevenueFromContractWithCustomerExcludingAssessedTax,10-K,2025-12-31,2026-02-27,-3516000000.0,NetIncomeLoss,10-K,2025-12-31,2026-02-27,37964000000.0,Assets,10-K,2025-12-31,2026-02-27,,,,,,14827000000.0,StockholdersEquity,10-K,2025-12-31,2026-02-27,1145000000.0,CashAndCashEquivalentsAtCarryingValue,10-K,2025-12-31,2026-02-27,1698000000.0,NetCashProvidedByUsedInOperatingActivities,10-K,2025-12-31,2026-02-27,1857000000.0,PaymentsToAcquireProductiveAssets,10-K,2025-12-31,2026-02-27,551000000.0,InterestExpense,10-K,2025-12-31,2026-02-27,16637000000.0,CostOfGoodsAndServicesSold,10-K,2025-12-31,2026-02-27,14443000000.0,PropertyPlantAndEquipmentNet,10-K,2025-12-31,2026-02-27,2747000000.0,DepreciationDepletionAndAmortization,10-K,2025-12-31,2026-02-27,2050000000.0,SellingGeneralAndAdministrativeExpense,10-K,2025-12-31,2026-02-27,10106000000.0,AssetsCurrent,10-K,2025-12-31,2026-02-27,7899000000.0,LiabilitiesCurrent,10-K,2025-12-31,2026-02-27,3791000000.0,AccountsNotesAndLoansReceivableNetCurrent,10-K,2025-12-31,2026-02-27,2012000000.0,InventoryNet,10-K,2025-12-31,2026-02-27,3902000000.0,AccountsPayableCurrent,10-K,2025-12-31,2026-02-27,8839000000.0,LongTermDebtNoncurrent,10-K,2025-12-31,2026-02-27,992000000.0,LongTermDebtCurrent,10-K,2025-12-31,2026-02-27,True,33.029998779296875,-0.09506852659460618,-0.29769395910530405,0.46837097535876543,-0.32182273685602225
IQV,IQVIA,Healthcare,Life Sciences Tools & Services,S&P 500,NR (to derive from financials),NR,default - no public rating available; derive from leverage/margin post-SEC pull,0001478242,True,16310000000.0,RevenueFromContractWithCustomerExcludingAssessedTax,10-K,2025-12-31,2026-02-17,1360000000.0,NetIncomeLoss,10-K,2025-12-31,2026-02-17,29944000000.0,Assets,10-K,2025-12-31,2026-02-17,23314000000.0,Liabilities,10-K,2025-12-31,2026-02-17,6503000000.0,StockholdersEquity,10-K,2025-12-31,2026-02-17,1980000000.0,CashAndCashEquivalentsAtCarryingValue,10-K,2025-12-31,2026-02-17,2654000000.0,NetCashProvidedByUsedInOperatingActivities,10-K,2025-12-31,2026-02-17,603000000.0,PaymentsToAcquireProductiveAssets,10-K,2025-12-31,2026-02-17,729000000.0,InterestExpense,10-K,2025-12-31,2026-02-17,4622000000.0,CostOfServices,10-K,2017-12-31,2018-02-16,533000000.0,PropertyPlantAndEquipmentNet,10-K,2025-12-31,2026-02-17,1144000000.0,DepreciationDepletionAndAmortization,10-K,2025-12-31,2026-02-17,1999000000.0,SellingGeneralAndAdministrativeExpense,10-K,2025-12-31,2026-02-17,6249000000.0,AssetsCurrent,10-K,2025-12-31,2026-02-17,8338000000.0,LiabilitiesCurrent,10-K,2025-12-31,2026-02-17,3400000000.0,ReceivablesNetCurrent,10-K,2025-12-31,2026-02-17,,,,,,437000000.0,AccountsPayableCurrent,10-K,2018-12-31,2019-02-19,13884000000.0,LongTermDebtNoncurrent,10-K,2025-12-31,2026-02-17,1840000000.0,LongTermDebtCurrent,10-K,2025-12-31,2026-02-17,True,178.7100067138672,0.06794556367157067,-0.07245545018813526,0.4397780442261625,-0.2684513830881844
IR,Ingersoll Rand,Industrials,Industrial Machinery & Supplies & Components,S&P 500,NR (to derive from financials),NR,default - no public rating available; derive from leverage/margin post-SEC pull,0001699150,True,7650900000.0,RevenueFromContractWithCustomerExcludingAssessedTax,10-K,2025-12-31,2026-02-17,581400000.0,NetIncomeLoss,10-K,2025-12-31,2026-02-17,18297200000.0,Assets,10-K,2025-12-31,2026-02-17,8143200000.0,Liabilities,10-K,2025-12-31,2026-02-17,10089800000.0,StockholdersEquity,10-K,2025-12-31,2026-02-17,1248800000.0,CashAndCashEquivalentsAtCarryingValue,10-K,2025-12-31,2026-02-17,1355700000.0,NetCashProvidedByUsedInOperatingActivities,10-K,2025-12-31,2026-02-17,135600000.0,PaymentsToAcquireProductiveAssets,10-K,2025-12-31,2026-02-17,156700000.0,InterestExpense,10-K,2023-12-31,2024-02-23,4314600000.0,CostOfRevenue,10-K,2025-12-31,2026-02-17,930300000.0,PropertyPlantAndEquipmentNet,10-K,2025-12-31,2026-02-17,505800000.0,DepreciationDepletionAndAmortization,10-K,2025-12-31,2026-02-17,1439300000.0,SellingGeneralAndAdministrativeExpense,10-K,2025-12-31,2026-02-17,4248000000.0,AssetsCurrent,10-K,2025-12-31,2026-02-17,2066300000.0,LiabilitiesCurrent,10-K,2025-12-31,2026-02-17,1518000000.0,AccountsReceivableNetCurrent,10-K,2025-12-31,2026-02-17,1172900000.0,InventoryNet,10-K,2025-12-31,2026-02-17,996100000.0,AccountsPayableCurrent,10-K,2025-12-31,2026-02-17,2778100000.0,LongTermDebt,10-K,2021-12-31,2022-02-25,0.0,ShortTermBorrowings,10-K,2025-12-31,2026-02-17,True,75.75,-0.11278985199349434,-0.2299364106598778,0.369265526370007,-0.23282141753855445
IRM,Iron Mountain,Real Estate,Other Specialized REITs,S&P 500,NR (to derive from financials),NR,default - no public rating available; derive from leverage/margin post-SEC pull,0001020569,True,6901737000.0,RevenueFromContractWithCustomerExcludingAssessedTax,10-K,2025-12-31,2026-02-12,152254000.0,ProfitLoss,10-K,2025-12-31,2026-02-12,21125019000.0,Assets,10-K,2025-12-31,2026-02-12,,,,,,-981007000.0,StockholdersEquity,10-K,2025-12-31,2026-02-12,158535000.0,CashAndCashEquivalentsAtCarryingValue,10-K,2025-12-31,2026-02-12,1339999000.0,NetCashProvidedByUsedInOperatingActivities,10-K,2025-12-31,2026-02-12,2271628000.0,PaymentsToAcquirePropertyPlantAndEquipment,10-K,2025-12-31,2026-02-12,260717000.0,InterestExpense,10-K,2014-12-31,2015-02-27,,,,,,9546325000.0,PropertyPlantAndEquipmentAndFinanceLeaseRightOfUseAssetAfterAccumulatedDepreciationAndAmortization,10-K,2025-12-31,2026-02-12,1024435000.0,DepreciationDepletionAndAmortization,10-K,2025-12-31,2026-02-12,1393902000.0,SellingGeneralAndAdministrativeExpense,10-K,2025-12-31,2026-02-12,1934983000.0,AssetsCurrent,10-K,2025-12-31,2026-02-12,2619496000.0,LiabilitiesCurrent,10-K,2025-12-31,2026-02-12,1443669000.0,AccountsReceivableNetCurrent,10-K,2025-12-31,2026-02-12,11726000.0,InventoryNet,10-K,2022-12-31,2023-02-23,710662000.0,AccountsPayableCurrent,10-K,2025-12-31,2026-02-12,16431959000.0,LongTermDebt,10-K,2025-12-31,2026-02-12,216074000.0,LongTermDebtCurrent,10-K,2025-12-31,2026-02-12,True,128.83999633789062,0.17801950354177043,0.3379727987859513,0.36970463654482566,-0.02438286597176742
ISRG,Intuitive Surgical,Industrials,,Nasdaq 100; S&P 500,NR (to derive from financials),NR,default - no public rating available; derive from leverage/margin post-SEC pull,0001035267,True,10064700000.0,RevenueFromContractWithCustomerExcludingAssessedTax,10-K,2025-12-31,2026-02-03,2856000000.0,NetIncomeLoss,10-K,2025-12-31,2026-02-03,20458700000.0,Assets,10-K,2025-12-31,2026-02-03,2517000000.0,Liabilities,10-K,2025-12-31,2026-02-03,17824000000.0,StockholdersEquity,10-K,2025-12-31,2026-02-03,3368000000.0,CashAndCashEquivalentsAtCarryingValue,10-K,2025-12-31,2026-02-03,3030500000.0,NetCashProvidedByUsedInOperatingActivities,10-K,2025-12-31,2026-02-03,539800000.0,PaymentsToAcquireProductiveAssets,10-K,2025-12-31,2026-02-03,,,,,,3422400000.0,CostOfGoodsAndServicesSold,10-K,2025-12-31,2026-02-03,5342400000.0,PropertyPlantAndEquipmentNet,10-K,2025-12-31,2026-02-03,600000000.0,Depreciation,10-K,2025-12-31,2026-02-03,2385000000.0,SellingGeneralAndAdministrativeExpense,10-K,2025-12-31,2026-02-03,9779500000.0,AssetsCurrent,10-K,2025-12-31,2026-02-03,2006200000.0,LiabilitiesCurrent,10-K,2025-12-31,2026-02-03,1527300000.0,AccountsReceivableNetCurrent,10-K,2025-12-31,2026-02-03,1840000000.0,InventoryNet,10-K,2025-12-31,2026-02-03,255100000.0,AccountsPayableCurrent,10-K,2025-12-31,2026-02-03,,,,,,,,,,,True,450.05999755859375,-0.0012427268311698825,-0.08680301740357721,0.2773366117992626,-0.24085347711487826
IT,Gartner,Technology,IT Consulting & Other Services,S&P 500,NR (to derive from financials),NR,default - no public rating available; derive from leverage/margin post-SEC pull,0000749251,True,6497226000.0,RevenueFromContractWithCustomerExcludingAssessedTax,10-K,2025-12-31,2026-02-12,729231000.0,NetIncomeLoss,10-K,2025-12-31,2026-02-12,8085400000.0,Assets,10-K,2025-12-31,2026-02-12,7765492000.0,Liabilities,10-K,2025-12-31,2026-02-12,319908000.0,StockholdersEquity,10-K,2025-12-31,2026-02-12,1722521000.0,CashAndCashEquivalentsAtCarryingValue,10-K,2025-12-31,2026-02-12,1290365000.0,NetCashProvidedByUsedInOperatingActivities,10-K,2025-12-31,2026-02-12,,,,,,132772000.0,InterestExpense,10-K,2023-12-31,2024-02-15,2053575000.0,CostOfGoodsAndServicesSold,10-K,2025-12-31,2026-02-12,214183000.0,PropertyPlantAndEquipmentNet,10-K,2025-12-31,2026-02-12,200309000.0,DepreciationDepletionAndAmortization,10-K,2025-12-31,2026-02-12,3067631000.0,SellingGeneralAndAdministrativeExpense,10-K,2025-12-31,2026-02-12,4066337000.0,AssetsCurrent,10-K,2025-12-31,2026-02-12,4072092000.0,LiabilitiesCurrent,10-K,2025-12-31,2026-02-12,1684522000.0,AccountsReceivableNetCurrent,10-K,2025-12-31,2026-02-12,,,,,,49778000.0,AccountsPayableCurrent,10-K,2025-12-31,2026-02-12,2976674000.0,LongTermDebtNoncurrent,10-K,2025-12-31,2026-02-12,5000000.0,LongTermDebtCurrent,10-K,2025-12-31,2026-02-12,True,158.64999389648438,0.10388249755755341,-0.006885797205105626,0.4313400506754338,-0.37684121065807763
ITW,Illinois Tool Works,Industrials,Industrial Machinery & Supplies & Components,S&P 500,NR (to derive from financials),NR,default - no public rating available; derive from leverage/margin post-SEC pull,0000049826,True,16044000000.0,RevenueFromContractWithCustomerExcludingAssessedTax,10-K,2025-12-31,2026-02-13,3066000000.0,ProfitLoss,10-K,2025-12-31,2026-02-13,16148000000.0,Assets,10-K,2025-12-31,2026-02-13,,,,,,3226000000.0,StockholdersEquityIncludingPortionAttributableToNoncontrollingInterest,10-K,2025-12-31,2026-02-13,851000000.0,CashAndCashEquivalentsAtCarryingValue,10-K,2025-12-31,2026-02-13,3126000000.0,NetCashProvidedByUsedInOperatingActivities,10-K,2025-12-31,2026-02-13,419000000.0,PaymentsToAcquirePropertyPlantAndEquipment,10-K,2025-12-31,2026-02-13,266000000.0,InterestExpense,10-K,2023-12-31,2024-02-09,8969000000.0,CostOfGoodsAndServicesSold,10-K,2025-12-31,2026-02-13,2230000000.0,PropertyPlantAndEquipmentNet,10-K,2025-12-31,2026-02-13,317000000.0,Depreciation,10-K,2025-12-31,2026-02-13,,,,,,6200000000.0,AssetsCurrent,10-K,2025-12-31,2026-02-13,5126000000.0,LiabilitiesCurrent,10-K,2025-12-31,2026-02-13,3227000000.0,ReceivablesNetCurrent,10-K,2025-12-31,2026-02-13,1659000000.0,InventoryNet,10-K,2025-12-31,2026-02-13,522000000.0,AccountsPayableCurrent,10-K,2025-12-31,2026-02-13,7682000000.0,LongTermDebt,10-K,2025-12-31,2026-02-13,999000000.0,LongTermDebtCurrent,10-K,2025-12-31,2026-02-13,True,254.75999450683594,-0.05825815151145608,-0.11772614701486073,0.21898056202059266,-0.1442886068376953
IVZ,Invesco,Financials,Asset Management & Custody Banks,S&P 500,NR (to derive from financials),NR,default - no public rating available; derive from leverage/margin post-SEC pull,0000914208,True,6377100000.0,RevenueFromContractWithCustomerExcludingAssessedTax,10-K,2025-12-31,2026-02-24,-174800000.0,ProfitLoss,10-K,2025-12-31,2026-02-24,27094000000.0,Assets,10-K,2025-12-31,2026-02-24,14089100000.0,Liabilities,10-K,2025-12-31,2026-02-24,12231000000.0,StockholdersEquity,10-K,2025-12-31,2026-02-24,1037500000.0,CashAndCashEquivalentsAtCarryingValue,10-K,2025-12-31,2026-02-24,1525300000.0,NetCashProvidedByUsedInOperatingActivities,10-K,2025-12-31,2026-02-24,84300000.0,PaymentsToAcquirePropertyPlantAndEquipment,10-K,2025-12-31,2026-02-24,70500000.0,InterestExpense,10-K,2023-12-31,2024-02-21,,,,,,378900000.0,PropertyPlantAndEquipmentNet,10-K,2025-12-31,2026-02-24,155900000.0,DepreciationDepletionAndAmortization,10-K,2025-12-31,2026-02-24,576500000.0,GeneralAndAdministrativeExpense,10-K,2025-12-31,2026-02-24,3907600000.0,AssetsCurrent,10-K,2012-12-31,2013-02-22,2713000000.0,LiabilitiesCurrent,10-K,2012-12-31,2013-02-22,449400000.0,AccountsReceivableNetCurrent,10-K,2012-12-31,2013-02-22,,,,,,287900000.0,AccountsPayableCurrent,10-K,2012-12-31,2013-02-22,1825100000.0,LongTermDebt,10-K,2025-12-31,2026-02-24,0.0,LongTermDebtCurrent,10-K,2012-12-31,2013-02-22,True,27.59000015258789,0.17005938260629083,0.03431283554589326,0.36470468773796416,-0.05527616070702579
J,Jacobs Solutions,Industrials,Construction & Engineering,S&P 500,NR (to derive from financials),NR,default - no public rating available; derive from leverage/margin post-SEC pull,0000052988,True,14984646000.0,Revenues,10-K,2018-09-28,2018-11-21,289336000.0,NetIncomeLoss,10-K,2025-09-26,2025-11-20,11252535000.0,Assets,10-K,2025-09-26,2025-11-20,,,,,,3640807000.0,StockholdersEquity,10-K,2025-09-26,2025-11-20,1235448000.0,CashAndCashEquivalentsAtCarryingValue,10-K,2025-09-26,2025-11-20,686704000.0,NetCashProvidedByUsedInOperatingActivities,10-K,2025-09-26,2025-11-20,79232000.0,PaymentsToAcquirePropertyPlantAndEquipment,10-K,2025-09-26,2025-11-20,168108000.0,InterestExpense,10-K,2023-09-29,2023-11-21,9044849000.0,CostOfGoodsAndServicesSold,10-K,2025-09-26,2025-11-20,311872000.0,PropertyPlantAndEquipmentNet,10-K,2025-09-26,2025-11-20,82059000.0,DepreciationAndAmortization,10-K,2025-09-26,2025-11-20,2121300000.0,SellingGeneralAndAdministrativeExpense,10-K,2025-09-26,2025-11-20,4359319000.0,AssetsCurrent,10-K,2025-09-26,2025-11-20,3350899000.0,LiabilitiesCurrent,10-K,2025-09-26,2025-11-20,2989067000.0,ReceivablesNetCurrent,10-K,2025-09-26,2025-11-20,,,,,,1261489000.0,AccountsPayableCurrent,10-K,2025-09-26,2025-11-20,2236456000.0,LongTermDebtNoncurrent,10-K,2025-09-26,2025-11-20,0.0,LongTermDebtCurrent,10-K,2025-09-26,2025-11-20,True,118.43000030517578,-0.036135772297195334,-0.21345501390438693,0.37863588752340277,-0.2304677399269317
JBHT,J.B. Hunt,Transportation,Cargo Ground Transportation,S&P 500,NR (to derive from financials),NR,default - no public rating available; derive from leverage/margin post-SEC pull,0000728535,True,7189568000.0,Revenues,10-K,2017-12-31,2018-02-23,598282000.0,NetIncomeLoss,10-K,2025-12-31,2026-02-24,7927155000.0,Assets,10-K,2025-12-31,2026-02-24,4362070000.0,Liabilities,10-K,2025-12-31,2026-02-24,3565085000.0,StockholdersEquity,10-K,2025-12-31,2026-02-24,17284000.0,CashAndCashEquivalentsAtCarryingValue,10-K,2025-12-31,2026-02-24,1678272000.0,NetCashProvidedByUsedInOperatingActivities,10-K,2025-12-31,2026-02-24,730687000.0,PaymentsToAcquirePropertyPlantAndEquipment,10-K,2025-12-31,2026-02-24,79020000.0,InterestExpense,10-K,2024-12-31,2025-02-21,,,,,,5538101000.0,PropertyPlantAndEquipmentNet,10-K,2025-12-31,2026-02-24,714785000.0,DepreciationDepletionAndAmortization,10-K,2025-12-31,2026-02-24,281508000.0,GeneralAndAdministrativeExpense,10-K,2025-12-31,2026-02-24,1604190000.0,AssetsCurrent,10-K,2025-12-31,2026-02-24,1935343000.0,LiabilitiesCurrent,10-K,2025-12-31,2026-02-24,1160371000.0,AccountsReceivableNetCurrent,10-K,2025-12-31,2026-02-24,42209000.0,InventoryNet,10-K,2025-12-31,2026-02-24,,,,,,766938000.0,LongTermDebtNoncurrent,10-K,2025-12-31,2026-02-24,699859000.0,LongTermDebtCurrent,10-K,2025-12-31,2026-02-24,True,245.39999389648438,0.08287889436632145,0.08656387644364227,0.352343629499805,-0.03095344760215335
JBL,Jabil,Technology,Electronic Manufacturing Services,S&P 500,NR (to derive from financials),NR,default - no public rating available; derive from leverage/margin post-SEC pull,0000898293,True,29802000000.0,RevenueFromContractWithCustomerExcludingAssessedTax,10-K,2025-08-31,2025-10-17,657000000.0,NetIncomeLoss,10-K,2025-08-31,2025-10-17,18543000000.0,Assets,10-K,2025-08-31,2025-10-17,17026000000.0,Liabilities,10-K,2025-08-31,2025-10-17,1513000000.0,StockholdersEquity,10-K,2025-08-31,2025-10-17,1933000000.0,CashAndCashEquivalentsAtCarryingValue,10-K,2025-08-31,2025-10-17,1640000000.0,NetCashProvidedByUsedInOperatingActivities,10-K,2025-08-31,2025-10-17,468000000.0,PaymentsToAcquirePropertyPlantAndEquipment,10-K,2025-08-31,2025-10-17,151000000.0,InterestExpense,10-K,2022-08-31,2022-10-25,27156000000.0,CostOfGoodsAndServicesSold,10-K,2025-08-31,2025-10-17,2847000000.0,PropertyPlantAndEquipmentAndFinanceLeaseRightOfUseAssetAfterAccumulatedDepreciationAndAmortization,10-K,2025-08-31,2025-10-17,674000000.0,DepreciationDepletionAndAmortization,10-K,2025-08-31,2025-10-17,1122000000.0,SellingGeneralAndAdministrativeExpense,10-K,2025-08-31,2025-10-17,13720000000.0,AssetsCurrent,10-K,2025-08-31,2025-10-17,13714000000.0,LiabilitiesCurrent,10-K,2025-08-31,2025-10-17,3647000000.0,AccountsReceivableNetCurrent,10-K,2023-08-31,2023-10-20,4681000000.0,InventoryNet,10-K,2025-08-31,2025-10-17,7937000000.0,AccountsPayableCurrent,10-K,2025-08-31,2025-10-17,2885000000.0,LongTermDebt,10-K,2025-08-31,2025-10-17,499000000.0,LongTermDebtCurrent,10-K,2025-08-31,2025-10-17,True,355.1499938964844,0.18580966242565733,0.3357710154382836,0.4823689578176994,-0.04616748834526685
JCI,Johnson Controls,Industrials,Building Products,S&P 500,NR (to derive from financials),NR,default - no public rating available; derive from leverage/margin post-SEC pull,0000833444,True,23596000000.0,RevenueFromContractWithCustomerExcludingAssessedTax,10-K,2025-09-30,2025-11-14,3291000000.0,NetIncomeLoss,10-K,2025-09-30,2025-11-14,37939000000.0,Assets,10-K,2025-09-30,2025-11-14,8245000000.0,Liabilities,10-K,2015-09-25,2015-11-13,12927000000.0,StockholdersEquity,10-K,2025-09-30,2025-11-14,379000000.0,CashAndCashEquivalentsAtCarryingValue,10-K,2025-09-30,2025-11-14,2554000000.0,NetCashProvidedByUsedInOperatingActivitiesContinuingOperations,10-K,2025-09-30,2025-11-14,434000000.0,PaymentsToAcquireProductiveAssets,10-K,2025-09-30,2025-11-14,225000000.0,InterestExpense,10-K,2022-09-30,2022-11-15,15004000000.0,CostOfGoodsAndServicesSold,10-K,2025-09-30,2025-11-14,2193000000.0,PropertyPlantAndEquipmentNet,10-K,2025-09-30,2025-11-14,865000000.0,DepreciationDepletionAndAmortization,10-K,2025-09-30,2025-11-14,5764000000.0,SellingGeneralAndAdministrativeExpense,10-K,2025-09-30,2025-11-14,10162000000.0,AssetsCurrent,10-K,2025-09-30,2025-11-14,10941000000.0,LiabilitiesCurrent,10-K,2025-09-30,2025-11-14,6269000000.0,AccountsReceivableNetCurrent,10-K,2025-09-30,2025-11-14,1820000000.0,InventoryNet,10-K,2025-09-30,2025-11-14,3614000000.0,AccountsPayableCurrent,10-K,2025-09-30,2025-11-14,9195000000.0,LongTermDebt,10-K,2025-09-30,2025-11-14,723000000.0,ShortTermBorrowings,10-K,2025-09-30,2025-11-14,True,139.52000427246094,-0.021118322687259772,0.006835207673085986,0.2945402592103075,-0.0445798436023741
JKHY,Jack Henry & Associates,Financials,Transaction & Payment Processing Services,S&P 500,NR (to derive from financials),NR,default - no public rating available; derive from leverage/margin post-SEC pull,0000779152,True,2375288000.0,RevenueFromContractWithCustomerExcludingAssessedTax,10-K,2025-06-30,2025-08-25,455748000.0,NetIncomeLoss,10-K,2025-06-30,2025-08-25,3043970000.0,Assets,10-K,2025-06-30,2025-08-25,913138000.0,Liabilities,10-K,2025-06-30,2025-08-25,2130832000.0,StockholdersEquity,10-K,2025-06-30,2025-08-25,101953000.0,CashCashEquivalentsRestrictedCashAndRestrictedCashEquivalents,10-K,2025-06-30,2025-08-25,641504000.0,NetCashProvidedByUsedInOperatingActivities,10-K,2025-06-30,2025-08-25,53358000.0,PaymentsToAcquirePropertyPlantAndEquipment,10-K,2025-06-30,2025-08-25,15073000.0,InterestExpense,10-K,2023-06-30,2023-08-24,1360747000.0,CostOfRevenue,10-K,2025-06-30,2025-08-25,220964000.0,PropertyPlantAndEquipmentNet,10-K,2025-06-30,2025-08-25,43700000.0,Depreciation,10-K,2025-06-30,2025-08-25,283055000.0,SellingGeneralAndAdministrativeExpense,10-K,2025-06-30,2025-08-25,681464000.0,AssetsCurrent,10-K,2025-06-30,2025-08-25,535784000.0,LiabilitiesCurrent,10-K,2025-06-30,2025-08-25,317977000.0,AccountsReceivableNetCurrent,10-K,2025-06-30,2025-08-25,,,,,,28186000.0,AccountsPayableCurrent,10-K,2025-06-30,2025-08-25,0.0,LongTermDebt,10-K,2025-06-30,2025-08-25,0.0,LongTermDebtCurrent,10-K,2025-06-30,2025-08-25,True,145.83999633789062,-0.009239134772738855,-0.14682847858307635,0.2710151135519637,-0.2400306285045466
JNJ,Johnson & Johnson,Healthcare,,Dow; S&P 500,AAA / AA bucket,AAA,demo_bucket_to_refresh,0000200406,True,94193000000.0,RevenueFromContractWithCustomerExcludingAssessedTax,10-K,2025-12-28,2026-02-11,26804000000.0,NetIncomeLoss,10-K,2025-12-28,2026-02-11,199210000000.0,Assets,10-K,2025-12-28,2026-02-11,117666000000.0,Liabilities,10-K,2025-12-28,2026-02-11,81544000000.0,StockholdersEquityIncludingPortionAttributableToNoncontrollingInterest,10-K,2025-12-28,2026-02-11,19709000000.0,CashAndCashEquivalentsAtCarryingValue,10-K,2025-12-28,2026-02-11,24530000000.0,NetCashProvidedByUsedInOperatingActivities,10-K,2025-12-28,2026-02-11,4832000000.0,PaymentsToAcquirePropertyPlantAndEquipment,10-K,2025-12-28,2026-02-11,772000000.0,InterestExpense,10-K,2023-12-31,2024-02-16,30256000000.0,CostOfGoodsAndServicesSold,10-K,2025-12-28,2026-02-11,23169000000.0,PropertyPlantAndEquipmentNet,10-K,2025-12-28,2026-02-11,7503000000.0,DepreciationDepletionAndAmortization,10-K,2025-12-28,2026-02-11,23676000000.0,SellingGeneralAndAdministrativeExpense,10-K,2025-12-28,2026-02-11,55624000000.0,AssetsCurrent,10-K,2025-12-28,2026-02-11,54126000000.0,LiabilitiesCurrent,10-K,2025-12-28,2026-02-11,17178000000.0,AccountsReceivableNetCurrent,10-K,2025-12-28,2026-02-11,14191000000.0,InventoryNet,10-K,2025-12-28,2026-02-11,11991000000.0,AccountsPayableCurrent,10-K,2025-12-28,2026-02-11,41438000000.0,LongTermDebt,10-K,2025-12-28,2026-02-11,8495000000.0,ShortTermBorrowings,10-K,2025-12-28,2026-02-11,True,221.32000732421875,-0.07187787849983185,-0.067647613337671,0.16013603359229797,-0.10959120736213257
JPM,JPMorgan Chase,Financials,,Dow; S&P 500,A+ shown,A+,screenshot,0000019617,True,182447000000.0,Revenues,10-K,2025-12-31,2026-02-13,57048000000.0,NetIncomeLoss,10-K,2025-12-31,2026-02-13,4424900000000.0,Assets,10-K,2025-12-31,2026-02-13,4062462000000.0,Liabilities,10-K,2025-12-31,2026-02-13,362438000000.0,StockholdersEquity,10-K,2025-12-31,2026-02-13,343338000000.0,CashCashEquivalentsRestrictedCashAndRestrictedCashEquivalents,10-K,2025-12-31,2026-02-13,-147782000000.0,NetCashProvidedByUsedInOperatingActivities,10-K,2025-12-31,2026-02-13,,,,,,81321000000.0,InterestExpense,10-K,2023-12-31,2024-02-16,,,,,,27734000000.0,PropertyPlantAndEquipmentNet,10-K,2022-12-31,2023-02-21,,,,,,,,,,,,,,,,,,,,,,,,,,,,,,,,,,,,267889000000.0,LongTermDebt,10-K,2013-12-31,2014-02-20,64776000000.0,ShortTermBorrowings,10-K,2025-12-31,2026-02-13,True,302.1000061035156,-0.02507499640529376,-0.057292597644396426,0.22983447322017453,-0.09253729509879849
KDP,Keurig Dr Pepper,Industrials,,Nasdaq 100; S&P 500,NR (to derive from financials),NR,default - no public rating available; derive from leverage/margin post-SEC pull,0001418135,True,16603000000.0,RevenueFromContractWithCustomerExcludingAssessedTax,10-K,2025-12-31,2026-02-24,2079000000.0,NetIncomeLoss,10-K,2025-12-31,2026-02-24,55459000000.0,Assets,10-K,2025-12-31,2026-02-24,29943000000.0,Liabilities,10-K,2025-12-31,2026-02-24,25516000000.0,StockholdersEquity,10-K,2025-12-31,2026-02-24,1026000000.0,CashAndCashEquivalentsAtCarryingValue,10-K,2025-12-31,2026-02-24,1991000000.0,NetCashProvidedByUsedInOperatingActivities,10-K,2025-12-31,2026-02-24,486000000.0,PaymentsToAcquirePropertyPlantAndEquipment,10-K,2025-12-31,2026-02-24,496000000.0,InterestExpense,10-K,2023-12-31,2024-02-22,7604000000.0,CostOfGoodsAndServicesSold,10-K,2025-12-31,2026-02-24,3230000000.0,PropertyPlantAndEquipmentNet,10-K,2025-12-31,2026-02-24,455000000.0,Depreciation,10-K,2025-12-31,2026-02-24,5351000000.0,SellingGeneralAndAdministrativeExpense,10-K,2025-12-31,2026-02-24,5266000000.0,AssetsCurrent,10-K,2025-12-31,2026-02-24,8290000000.0,LiabilitiesCurrent,10-K,2025-12-31,2026-02-24,1671000000.0,AccountsReceivableNetCurrent,10-K,2025-12-31,2026-02-24,1733000000.0,InventoryNet,10-K,2025-12-31,2026-02-24,2996000000.0,AccountsPayableCurrent,10-K,2025-12-31,2026-02-24,13036000000.0,LongTermDebtNoncurrent,10-K,2025-12-31,2026-02-24,895000000.0,LongTermDebtCurrent,10-K,2025-12-31,2026-02-24,True,28.829999923706055,0.0850583460609553,0.020155794355554146,0.2893076682557946,-0.0626928613533908
KEY,KeyCorp,Financials,Regional Banks,S&P 500,NR (to derive from financials),NR,default - no public rating available; derive from leverage/margin post-SEC pull,0000091576,True,7513000000.0,Revenues,10-K,2025-12-31,2026-02-23,1829000000.0,NetIncomeLoss,10-K,2025-12-31,2026-02-23,184381000000.0,Assets,10-K,2025-12-31,2026-02-23,164000000000.0,Liabilities,10-K,2025-12-31,2026-02-23,20381000000.0,StockholdersEquity,10-K,2025-12-31,2026-02-23,1287000000.0,CashCashEquivalentsRestrictedCashAndRestrictedCashEquivalents,10-K,2025-12-31,2026-02-23,2208000000.0,NetCashProvidedByUsedInOperatingActivities,10-K,2025-12-31,2026-02-23,107000000.0,PaymentsToAcquireProductiveAssets,10-K,2025-12-31,2026-02-23,4014000000.0,InterestExpense,10-K,2023-12-31,2024-02-22,,,,,,628000000.0,PropertyPlantAndEquipmentAndFinanceLeaseRightOfUseAssetAfterAccumulatedDepreciationAndAmortization,10-K,2025-12-31,2026-02-23,87000000.0,DepreciationDepletionAndAmortization,10-K,2025-12-31,2026-02-23,,,,,,,,,,,,,,,,,,,,,,,,,,,,,,,9917000000.0,LongTermDebt,10-K,2025-12-31,2026-02-23,343000000.0,ShortTermBorrowings,10-K,2013-12-31,2014-02-26,True,21.600000381469727,0.006523825860662136,-0.0519833548656814,0.26489687842935244,-0.06015234589675755
KEYS,Keysight Technologies,Technology,Electronic Equipment & Instruments,S&P 500,NR (to derive from financials),NR,default - no public rating available; derive from leverage/margin post-SEC pull,0001601046,True,5375000000.0,Revenues,10-K,2025-10-31,2025-12-17,850000000.0,NetIncomeLoss,10-K,2025-10-31,2025-12-17,11301000000.0,Assets,10-K,2025-10-31,2025-12-17,5420000000.0,Liabilities,10-K,2025-10-31,2025-12-17,5881000000.0,StockholdersEquity,10-K,2025-10-31,2025-12-17,1873000000.0,CashAndCashEquivalentsAtCarryingValue,10-K,2025-10-31,2025-12-17,1409000000.0,NetCashProvidedByUsedInOperatingActivities,10-K,2025-10-31,2025-12-17,128000000.0,PaymentsToAcquirePropertyPlantAndEquipment,10-K,2025-10-31,2025-12-17,96000000.0,InterestExpense,10-K,2025-10-31,2025-12-17,2038000000.0,CostOfGoodsAndServicesSold,10-K,2025-10-31,2025-12-17,795000000.0,PropertyPlantAndEquipmentNet,10-K,2025-10-31,2025-12-17,131000000.0,Depreciation,10-K,2025-10-31,2025-12-17,1474000000.0,SellingGeneralAndAdministrativeExpense,10-K,2025-10-31,2025-12-17,4348000000.0,AssetsCurrent,10-K,2025-10-31,2025-12-17,1850000000.0,LiabilitiesCurrent,10-K,2025-10-31,2025-12-17,939000000.0,AccountsReceivableNetCurrent,10-K,2025-10-31,2025-12-17,1050000000.0,InventoryNet,10-K,2025-10-31,2025-12-17,355000000.0,AccountsPayableCurrent,10-K,2025-10-31,2025-12-17,2534000000.0,LongTermDebt,10-K,2025-10-31,2025-12-17,0.0,LongTermDebtCurrent,10-K,2024-10-31,2024-12-17,True,360.29998779296875,0.11141956916913065,0.5271478785153811,0.5848311064508546,-0.01739938095955429
KHC,Kraft Heinz,Industrials,,Nasdaq 100; S&P 500,BBB / BB bucket,BBB,demo_bucket_to_refresh,0001637459,True,26232000000.0,SalesRevenueGoodsNet,10-K,2017-12-30,2018-02-16,-5846000000.0,NetIncomeLoss,10-K,2025-12-27,2026-02-12,81786000000.0,Assets,10-K,2025-12-27,2026-02-12,39997000000.0,Liabilities,10-K,2025-12-27,2026-02-12,41664000000.0,StockholdersEquity,10-K,2025-12-27,2026-02-12,2615000000.0,CashAndCashEquivalentsAtCarryingValue,10-K,2025-12-27,2026-02-12,4462000000.0,NetCashProvidedByUsedInOperatingActivities,10-K,2025-12-27,2026-02-12,801000000.0,PaymentsToAcquirePropertyPlantAndEquipment,10-K,2025-12-27,2026-02-12,947000000.0,InterestExpense,10-K,2025-12-27,2026-02-12,16633000000.0,CostOfGoodsAndServicesSold,10-K,2025-12-27,2026-02-12,7318000000.0,PropertyPlantAndEquipmentAndFinanceLeaseRightOfUseAssetAfterAccumulatedDepreciationAndAmortization,10-K,2025-12-27,2026-02-12,968000000.0,DepreciationDepletionAndAmortization,10-K,2025-12-27,2026-02-12,12978000000.0,SellingGeneralAndAdministrativeExpense,10-K,2025-12-27,2026-02-12,10127000000.0,AssetsCurrent,10-K,2025-12-27,2026-02-12,8778000000.0,LiabilitiesCurrent,10-K,2025-12-27,2026-02-12,2254000000.0,AccountsReceivableNetCurrent,10-K,2025-12-27,2026-02-12,3167000000.0,InventoryNet,10-K,2025-12-27,2026-02-12,,,,,,13636000000.0,LongTermDebt,10-Q,2015-06-28,2015-08-10,0.0,ShortTermBorrowings,10-K,2023-12-30,2024-02-15,True,23.959999084472656,0.039028605350121204,-0.008861586646440878,0.2625454954159613,-0.044994854335931866
KIM,Kimco Realty,Real Estate,Retail REITs,S&P 500,NR (to derive from financials),NR,default - no public rating available; derive from leverage/margin post-SEC pull,0000879101,True,2140116000.0,Revenues,10-K,2025-12-31,2026-02-20,584741000.0,NetIncomeLoss,10-K,2025-12-31,2026-02-20,19688250000.0,Assets,10-K,2025-12-31,2026-02-20,9120372000.0,Liabilities,10-K,2025-12-31,2026-02-20,10391836000.0,StockholdersEquity,10-K,2025-12-31,2026-02-20,211648000.0,CashAndCashEquivalentsAtCarryingValue,10-K,2025-12-31,2026-02-20,1120015000.0,NetCashProvidedByUsedInOperatingActivities,10-K,2025-12-31,2026-02-20,18400000.0,PaymentsToAcquirePropertyPlantAndEquipment,10-K,2025-12-31,2026-02-20,330196000.0,InterestExpense,10-K,2025-12-31,2026-02-20,,,,,,6708373000.0,PropertyPlantAndEquipmentNet,10-K,2010-12-31,2011-02-28,627090000.0,DepreciationDepletionAndAmortization,10-K,2025-12-31,2026-02-20,133015000.0,GeneralAndAdministrativeExpense,10-K,2025-12-31,2026-02-20,,,,,,,,,,,,,,,,,,,,,142116000.0,AccountsPayableAndAccruedLiabilitiesCurrent,10-K,2009-12-31,2010-03-01,7718700000.0,LongTermDebt,10-K,2025-12-31,2026-02-20,,,,,,True,23.479999542236328,0.01337934678125241,0.09111080601283117,0.1711828924374406,-0.029351011829109486
KKR,KKR & Co.,Financials,Asset Management & Custody Banks,S&P 500,NR (to derive from financials),NR,default - no public rating available; derive from leverage/margin post-SEC pull,0001404912,True,19464307000.0,Revenues,10-K,2025-12-31,2026-02-27,2370463000.0,NetIncomeLoss,10-K,2025-12-31,2026-02-27,410144072000.0,Assets,10-K,2025-12-31,2026-02-27,328512161000.0,Liabilities,10-K,2025-12-31,2026-02-27,30902561000.0,StockholdersEquity,10-K,2025-12-31,2026-02-27,17151790000.0,CashCashEquivalentsRestrictedCashAndRestrictedCashEquivalents,10-K,2025-12-31,2026-02-27,477760000.0,NetCashProvidedByUsedInOperatingActivities,10-K,2025-12-31,2026-02-27,194569000.0,PaymentsToAcquirePropertyPlantAndEquipment,10-K,2019-12-31,2020-02-18,2772088000.0,InterestExpense,10-K,2023-12-31,2024-02-29,,,,,,760606000.0,PropertyPlantAndEquipmentNet,10-K,2020-12-31,2021-02-19,18600000.0,DepreciationAndAmortization,10-K,2020-12-31,2021-02-19,,,,,,,,,,,,,,,,,,,,,,,,,,,,,,,36914472000.0,LongTermDebt,10-K,2021-12-31,2022-02-28,,,,,,True,102.5199966430664,0.12387629106716846,-0.04271810050208946,0.4303403151152226,-0.2806138083592803
KLAC,KLA Corporation,Industrials,,Nasdaq 100; S&P 500,NR (to derive from financials),NR,default - no public rating available; derive from leverage/margin post-SEC pull,0000319201,True,12156162000.0,RevenueFromContractWithCustomerExcludingAssessedTax,10-K,2025-06-30,2025-08-08,4061643000.0,NetIncomeLoss,10-K,2025-06-30,2025-08-08,16067926000.0,Assets,10-K,2025-06-30,2025-08-08,11375473000.0,Liabilities,10-K,2025-06-30,2025-08-08,4692453000.0,StockholdersEquity,10-K,2025-06-30,2025-08-08,2078908000.0,CashAndCashEquivalentsAtCarryingValue,10-K,2025-06-30,2025-08-08,4081903000.0,NetCashProvidedByUsedInOperatingActivities,10-K,2025-06-30,2025-08-08,335259000.0,PaymentsToAcquirePropertyPlantAndEquipment,10-K,2025-06-30,2025-08-08,296940000.0,InterestExpense,10-K,2023-06-30,2023-08-04,4751867000.0,CostOfRevenue,10-K,2025-06-30,2025-08-08,1252775000.0,PropertyPlantAndEquipmentNet,10-K,2025-06-30,2025-08-08,394088000.0,DepreciationDepletionAndAmortization,10-K,2025-06-30,2025-08-08,1029734000.0,SellingGeneralAndAdministrativeExpense,10-K,2025-06-30,2025-08-08,10698789000.0,AssetsCurrent,10-K,2025-06-30,2025-08-08,4085795000.0,LiabilitiesCurrent,10-K,2025-06-30,2025-08-08,2263915000.0,AccountsReceivableNetCurrent,10-K,2025-06-30,2025-08-08,3212149000.0,InventoryNet,10-K,2025-06-30,2025-08-08,458509000.0,AccountsPayableCurrent,10-K,2025-06-30,2025-08-08,5884257000.0,LongTermDebt,10-K,2025-06-30,2025-08-08,0.0,LongTermDebtCurrent,10-K,2025-06-30,2025-08-08,True,1869.18994140625,0.075928986625583,0.29959080774244407,0.4783826480005258,-0.03401036619832043
KMB,Kimberly-Clark,Consumer Staples,Household Products,S&P 500,NR (to derive from financials),NR,default - no public rating available; derive from leverage/margin post-SEC pull,0000055785,True,16447000000.0,Revenues,10-K,2025-12-31,2026-02-12,2021000000.0,NetIncomeLoss,10-K,2025-12-31,2026-02-12,17098000000.0,Assets,10-K,2025-12-31,2026-02-12,,,,,,1502000000.0,StockholdersEquity,10-K,2025-12-31,2026-02-12,688000000.0,CashAndCashEquivalentsAtCarryingValue,10-K,2025-12-31,2026-02-12,2777000000.0,NetCashProvidedByUsedInOperatingActivities,10-K,2025-12-31,2026-02-12,1138000000.0,PaymentsToAcquireProductiveAssets,10-K,2025-12-31,2026-02-12,256000000.0,InterestExpense,10-K,2025-12-31,2026-02-12,10524000000.0,CostOfGoodsAndServicesSold,10-K,2025-12-31,2026-02-12,6775000000.0,PropertyPlantAndEquipmentNet,10-K,2025-12-31,2026-02-12,805000000.0,DepreciationDepletionAndAmortization,10-K,2025-12-31,2026-02-12,,,,,,5310000000.0,AssetsCurrent,10-K,2025-12-31,2026-02-12,7125000000.0,LiabilitiesCurrent,10-K,2025-12-31,2026-02-12,1892000000.0,AccountsReceivableNetCurrent,10-K,2025-12-31,2026-02-12,1475000000.0,InventoryNet,10-K,2025-12-31,2026-02-12,3388000000.0,AccountsPayableCurrent,10-K,2025-12-31,2026-02-12,7402000000.0,LongTermDebt,10-K,2016-12-31,2017-02-08,963000000.0,LongTermDebtCurrent,10-K,2016-12-31,2017-02-08,True,98.30999755859375,0.010587981005568015,-0.049433670500179216,0.2439780116036093,-0.1069249369769405
KMI,Kinder Morgan,Energy,Oil & Gas Storage & Transportation,S&P 500,NR (to derive from financials),NR,default - no public rating available; derive from leverage/margin post-SEC pull,0001506307,True,16937000000.0,Revenues,10-K,2025-12-31,2026-02-13,3056000000.0,NetIncomeLoss,10-K,2025-12-31,2026-02-13,72748000000.0,Assets,10-K,2025-12-31,2026-02-13,40299000000.0,Liabilities,10-K,2025-12-31,2026-02-13,31162000000.0,StockholdersEquity,10-K,2025-12-31,2026-02-13,63000000.0,CashAndCashEquivalentsAtCarryingValue,10-K,2025-12-31,2026-02-13,5917000000.0,NetCashProvidedByUsedInOperatingActivities,10-K,2025-12-31,2026-02-13,3026000000.0,PaymentsToAcquirePropertyPlantAndEquipment,10-K,2025-12-31,2026-02-13,1807000000.0,InterestExpense,10-K,2014-12-31,2015-02-23,9255000000.0,CostOfGoodsAndServicesSold,10-K,2022-12-31,2023-02-08,39331000000.0,PropertyPlantAndEquipmentNet,10-K,2025-12-31,2026-02-13,2453000000.0,DepreciationDepletionAndAmortization,10-K,2025-12-31,2026-02-13,744000000.0,GeneralAndAdministrativeExpense,10-K,2025-12-31,2026-02-13,2754000000.0,AssetsCurrent,10-K,2025-12-31,2026-02-13,4322000000.0,LiabilitiesCurrent,10-K,2025-12-31,2026-02-13,1370000000.0,AccountsReceivableNetCurrent,10-K,2019-12-31,2020-02-12,574000000.0,InventoryNet,10-K,2025-12-31,2026-02-13,1408000000.0,AccountsPayableCurrent,10-K,2025-12-31,2026-02-13,30777000000.0,LongTermDebtNoncurrent,10-K,2025-12-31,2026-02-13,1000000000.0,LongTermDebtCurrent,10-K,2015-12-31,2017-02-10,True,31.40999984741211,-0.02997554187856888,0.022923509290480704,0.18933075425202928,-0.06955092808812857
KO,Coca-Cola,Consumer Staples,,Dow; S&P 500,A+ / AA bucket,AA,demo_bucket_to_refresh,0000021344,True,47941000000.0,Revenues,10-K,2025-12-31,2026-02-20,13107000000.0,NetIncomeLoss,10-K,2025-12-31,2026-02-20,104816000000.0,Assets,10-K,2025-12-31,2026-02-20,,,,,,32169000000.0,StockholdersEquity,10-K,2025-12-31,2026-02-20,10270000000.0,CashAndCashEquivalentsAtCarryingValue,10-K,2025-12-31,2026-02-20,7408000000.0,NetCashProvidedByUsedInOperatingActivities,10-K,2025-12-31,2026-02-20,2112000000.0,PaymentsToAcquirePropertyPlantAndEquipment,10-K,2025-12-31,2026-02-20,1654000000.0,InterestExpense,10-K,2025-12-31,2026-02-20,18397000000.0,CostOfGoodsAndServicesSold,10-K,2025-12-31,2026-02-20,9613000000.0,PropertyPlantAndEquipmentNet,10-K,2025-12-31,2026-02-20,1050000000.0,DepreciationDepletionAndAmortization,10-K,2025-12-31,2026-02-20,14521000000.0,SellingGeneralAndAdministrativeExpense,10-K,2025-12-31,2026-02-20,31044000000.0,AssetsCurrent,10-K,2025-12-31,2026-02-20,21281000000.0,LiabilitiesCurrent,10-K,2025-12-31,2026-02-20,3038000000.0,AccountsReceivableNetCurrent,10-K,2025-12-31,2026-02-20,4425000000.0,InventoryNet,10-K,2025-12-31,2026-02-20,14813000000.0,AccountsPayableAndAccruedLiabilitiesCurrent,10-K,2025-12-31,2026-02-20,37507000000.0,LongTermDebt,10-K,2023-12-31,2024-02-20,1960000000.0,LongTermDebtCurrent,10-K,2023-12-31,2024-02-20,True,78.41999816894531,0.012262771824874008,0.012687029046805742,0.1745745872695103,-0.03188798432133133
KR,Kroger,Consumer Staples,Food Retail,S&P 500,NR (to derive from financials),NR,default - no public rating available; derive from leverage/margin post-SEC pull,0000056873,True,147642000000.0,RevenueFromContractWithCustomerExcludingAssessedTax,10-K,2026-01-31,2026-03-31,1016000000.0,NetIncomeLoss,10-K,2026-01-31,2026-03-31,49953000000.0,Assets,10-K,2026-01-31,2026-03-31,44017000000.0,Liabilities,10-K,2026-01-31,2026-03-31,5927000000.0,StockholdersEquity,10-K,2026-01-31,2026-03-31,3334000000.0,CashAndCashEquivalentsAtCarryingValue,10-K,2026-01-31,2026-03-31,7311000000.0,NetCashProvidedByUsedInOperatingActivities,10-K,2026-01-31,2026-03-31,3855000000.0,PaymentsToAcquireProductiveAssets,10-K,2026-01-31,2026-03-31,441000000.0,InterestExpense,10-K,2024-02-03,2024-04-02,95662000000.0,CostOfGoodsSold,10-K,2018-02-03,2018-04-03,24260000000.0,PropertyPlantAndEquipmentAndFinanceLeaseRightOfUseAssetAfterAccumulatedDepreciationAndAmortization,10-K,2026-01-31,2026-03-31,3332000000.0,DepreciationDepletionAndAmortization,10-K,2026-01-31,2026-03-31,,,,,,14505000000.0,AssetsCurrent,10-K,2026-01-31,2026-03-31,18108000000.0,LiabilitiesCurrent,10-K,2026-01-31,2026-03-31,2192000000.0,ReceivablesNetCurrent,10-K,2026-01-31,2026-03-31,5256000000.0,InventoryNet,10-Q,2010-11-06,2010-12-13,10488000000.0,AccountsPayableCurrent,10-K,2026-01-31,2026-03-31,15875000000.0,LongTermDebt,10-K,2026-01-31,2026-03-31,1366000000.0,LongTermDebtCurrent,10-K,2026-01-31,2026-03-31,True,65.63999938964844,-0.03456388510012531,-0.058927416279801914,0.2990100478923905,-0.13174602229498855
KVUE,Kenvue,Consumer Staples,Personal Care Products,S&P 500,NR (to derive from financials),NR,default - no public rating available; derive from leverage/margin post-SEC pull,0001944048,True,15124000000.0,RevenueFromContractWithCustomerExcludingAssessedTax,10-K,2025-12-28,2026-02-20,1470000000.0,NetIncomeLoss,10-K,2025-12-28,2026-02-20,27076000000.0,Assets,10-K,2025-12-28,2026-02-20,16311000000.0,Liabilities,10-K,2025-12-28,2026-02-20,10765000000.0,StockholdersEquity,10-K,2025-12-28,2026-02-20,1062000000.0,CashAndCashEquivalentsAtCarryingValue,10-K,2025-12-28,2026-02-20,2197000000.0,NetCashProvidedByUsedInOperatingActivities,10-K,2025-12-28,2026-02-20,475000000.0,PaymentsToAcquirePropertyPlantAndEquipment,10-K,2025-12-28,2026-02-20,250000000.0,InterestExpense,10-K,2023-12-31,2024-03-01,6332000000.0,CostOfGoodsAndServicesSold,10-K,2025-12-28,2026-02-20,2212000000.0,PropertyPlantAndEquipmentNet,10-K,2025-12-28,2026-02-20,557000000.0,DepreciationDepletionAndAmortization,10-K,2025-12-28,2026-02-20,6088000000.0,SellingGeneralAndAdministrativeExpense,10-K,2025-12-28,2026-02-20,5697000000.0,AssetsCurrent,10-K,2025-12-28,2026-02-20,5945000000.0,LiabilitiesCurrent,10-K,2025-12-28,2026-02-20,2382000000.0,AccountsReceivableNetCurrent,10-K,2025-12-28,2026-02-20,1666000000.0,InventoryNet,10-K,2025-12-28,2026-02-20,2473000000.0,AccountsPayableCurrent,10-K,2025-12-28,2026-02-20,7687000000.0,LongTermDebt,10-K,2023-12-31,2024-03-01,750000000.0,LongTermDebtCurrent,10-K,2025-12-28,2026-02-20,True,17.59000015258789,0.01383283952976111,-0.021341802802977372,0.20731556939581133,-0.0800209529021575
L,Loews Corporation,Financials,Multi-line Insurance,S&P 500,NR (to derive from financials),NR,default - no public rating available; derive from leverage/margin post-SEC pull,0000060086,True,18454000000.0,Revenues,10-K,2025-12-31,2026-02-10,1667000000.0,NetIncomeLoss,10-K,2025-12-31,2026-02-10,86348000000.0,Assets,10-K,2025-12-31,2026-02-10,66707000000.0,Liabilities,10-K,2025-12-31,2026-02-10,18686000000.0,StockholdersEquity,10-K,2025-12-31,2026-02-10,495000000.0,CashCashEquivalentsRestrictedCashAndRestrictedCashEquivalents,10-K,2025-12-31,2026-02-10,3279000000.0,NetCashProvidedByUsedInOperatingActivities,10-K,2025-12-31,2026-02-10,579000000.0,PaymentsToAcquirePropertyPlantAndEquipment,10-K,2025-12-31,2026-02-10,437000000.0,InterestExpense,10-K,2025-12-31,2026-02-10,1082000000.0,CostOfGoodsAndServicesSold,10-K,2019-12-31,2020-02-12,10695000000.0,PropertyPlantAndEquipmentNet,10-K,2025-12-31,2026-02-10,607000000.0,DepreciationDepletionAndAmortization,10-K,2025-12-31,2026-02-10,,,,,,,,,,,,,,,,,,,,,,,,,,,,,,,11533000000.0,LongTermDebt,10-K,2017-12-31,2018-02-15,19000000.0,LongTermDebtCurrent,10-K,2012-12-31,2013-02-22,True,104.5,-0.0454005770099799,-0.057166373120126734,0.192675248057499,-0.0720184758582273
LDOS,Leidos,Industrials,Diversified Support Services,S&P 500,NR (to derive from financials),NR,default - no public rating available; derive from leverage/margin post-SEC pull,0001336920,True,17174000000.0,Revenues,10-K,2026-01-02,2026-02-17,1448000000.0,NetIncomeLoss,10-K,2026-01-02,2026-02-17,13493000000.0,Assets,10-K,2026-01-02,2026-02-17,8531000000.0,Liabilities,10-K,2026-01-02,2026-02-17,4916000000.0,StockholdersEquity,10-K,2026-01-02,2026-02-17,1108000000.0,CashAndCashEquivalentsAtCarryingValue,10-K,2026-01-02,2026-02-17,1750000000.0,NetCashProvidedByUsedInOperatingActivities,10-K,2026-01-02,2026-02-17,125000000.0,PaymentsToAcquireProductiveAssets,10-K,2026-01-02,2026-02-17,185000000.0,InterestExpense,10-K,2021-12-31,2022-02-15,14075000000.0,CostOfRevenue,10-K,2026-01-02,2026-02-17,961000000.0,PropertyPlantAndEquipmentAndFinanceLeaseRightOfUseAssetAfterAccumulatedDepreciationAndAmortization,10-K,2026-01-02,2026-02-17,290000000.0,DepreciationDepletionAndAmortization,10-K,2026-01-02,2026-02-17,999000000.0,SellingGeneralAndAdministrativeExpense,10-K,2026-01-02,2026-02-17,4814000000.0,AssetsCurrent,10-K,2026-01-02,2026-02-17,2827000000.0,LiabilitiesCurrent,10-K,2026-01-02,2026-02-17,2708000000.0,AccountsReceivableNetCurrent,10-K,2026-01-02,2026-02-17,342000000.0,InventoryNet,10-K,2026-01-02,2026-02-17,627000000.0,AccountsPayableCurrent,10-K,2026-01-02,2026-02-17,1333000000.0,LongTermDebt,10-K,2014-01-31,2014-03-27,18000000.0,ShortTermBorrowings,10-K,2023-12-29,2024-02-13,True,130.11000061035156,-0.14894036855843173,-0.3296711218528644,0.41958302435835043,-0.34237878272087974
LEN,Lennar,Consumer Discretionary,Homebuilding,S&P 500,NR (to derive from financials),NR,default - no public rating available; derive from leverage/margin post-SEC pull,0000920760,True,34186934000.0,Revenues,10-K,2025-11-30,2026-01-28,2078179000.0,NetIncomeLoss,10-K,2025-11-30,2026-01-28,34430437000.0,Assets,10-K,2025-11-30,2026-01-28,12289828000.0,Liabilities,10-K,2025-11-30,2026-01-28,21959417000.0,StockholdersEquity,10-K,2025-11-30,2026-01-28,3756305000.0,CashAndCashEquivalentsAtCarryingValue,10-K,2025-11-30,2026-01-28,216812000.0,NetCashProvidedByUsedInOperatingActivities,10-K,2025-11-30,2026-01-28,188629000.0,PaymentsToAcquirePropertyPlantAndEquipment,10-K,2025-11-30,2026-01-28,4626000.0,InterestExpense,10-K,2016-11-30,2017-01-20,,,,,,642838000.0,PropertyPlantAndEquipmentNet,10-K,2025-11-30,2026-01-28,43666000.0,DepreciationDepletionAndAmortization,10-K,2015-11-30,2016-01-22,2678337000.0,SellingGeneralAndAdministrativeExpense,10-K,2025-11-30,2026-01-28,,,,,,,,,,,,,,,,,,,,,,,,,,5874995000.0,LongTermDebt,10-K,2025-11-30,2026-01-28,,,,,,True,88.37999725341797,-0.0013650027064708858,-0.22117324391996207,0.3758631147144941,-0.32963950976327727
LH,Labcorp,Healthcare,Health Care Services,S&P 500,NR (to derive from financials),NR,default - no public rating available; derive from leverage/margin post-SEC pull,0000920148,True,13951700000.0,Revenues,10-K,2025-12-31,2026-02-24,876500000.0,NetIncomeLoss,10-K,2025-12-31,2026-02-24,18392700000.0,Assets,10-K,2025-12-31,2026-02-24,9756000000.0,Liabilities,10-K,2025-12-31,2026-02-24,8619800000.0,StockholdersEquity,10-K,2025-12-31,2026-02-24,532300000.0,CashAndCashEquivalentsAtCarryingValue,10-K,2025-12-31,2026-02-24,1640500000.0,NetCashProvidedByUsedInOperatingActivities,10-K,2025-12-31,2026-02-24,434500000.0,PaymentsToAcquirePropertyPlantAndEquipment,10-K,2025-12-31,2026-02-24,224100000.0,InterestExpense,10-K,2025-12-31,2026-02-24,9939200000.0,CostOfRevenue,10-K,2025-12-31,2026-02-24,3081500000.0,PropertyPlantAndEquipmentNet,10-K,2025-12-31,2026-02-24,681100000.0,DepreciationDepletionAndAmortization,10-K,2025-12-31,2026-02-24,2216300000.0,SellingGeneralAndAdministrativeExpense,10-K,2025-12-31,2026-02-24,4020500000.0,AssetsCurrent,10-K,2025-12-31,2026-02-24,2823500000.0,LiabilitiesCurrent,10-K,2025-12-31,2026-02-24,2103800000.0,AccountsReceivableNetCurrent,10-K,2025-12-31,2026-02-24,534700000.0,InventoryNet,10-K,2025-12-31,2026-02-24,840800000.0,AccountsPayableCurrent,10-K,2025-12-31,2026-02-24,5084600000.0,LongTermDebtNoncurrent,10-K,2025-12-31,2026-02-24,500100000.0,LongTermDebtCurrent,10-K,2025-12-31,2026-02-24,True,254.1199951171875,-0.026098945118415373,-0.07026128246938124,0.2479304004816706,-0.12119178452439217
LHX,L3Harris,Aerospace & Defense,Aerospace & Defense,S&P 500,NR (to derive from financials),NR,default - no public rating available; derive from leverage/margin post-SEC pull,0000202058,True,21865000000.0,RevenueFromContractWithCustomerExcludingAssessedTax,10-K,2026-01-02,2026-02-12,1606000000.0,NetIncomeLoss,10-K,2026-01-02,2026-02-12,41195000000.0,Assets,10-K,2026-01-02,2026-02-12,21560000000.0,Liabilities,10-K,2026-01-02,2026-02-12,19635000000.0,StockholdersEquity,10-K,2026-01-02,2026-02-12,1069000000.0,CashAndCashEquivalentsAtCarryingValue,10-K,2026-01-02,2026-02-12,3106000000.0,NetCashProvidedByUsedInOperatingActivities,10-K,2026-01-02,2026-02-12,424000000.0,PaymentsToAcquirePropertyPlantAndEquipment,10-K,2026-01-02,2026-02-12,270000000.0,InterestExpense,10-K,2021-01-01,2021-03-01,16240000000.0,CostOfGoodsAndServicesSold,10-K,2026-01-02,2026-02-12,2665000000.0,PropertyPlantAndEquipmentAndFinanceLeaseRightOfUseAssetAfterAccumulatedDepreciationAndAmortization,10-K,2026-01-02,2026-02-12,1224000000.0,DepreciationDepletionAndAmortization,10-K,2026-01-02,2026-02-12,3430000000.0,SellingGeneralAndAdministrativeExpense,10-K,2026-01-02,2026-02-12,8593000000.0,AssetsCurrent,10-K,2026-01-02,2026-02-12,7226000000.0,LiabilitiesCurrent,10-K,2026-01-02,2026-02-12,1371000000.0,AccountsReceivableNetCurrent,10-K,2026-01-02,2026-02-12,1219000000.0,InventoryNet,10-K,2026-01-02,2026-02-12,2461000000.0,AccountsPayableCurrent,10-K,2026-01-02,2026-02-12,10443000000.0,LongTermDebtNoncurrent,10-K,2026-01-02,2026-02-12,0.0,ShortTermBorrowings,10-K,2026-01-02,2026-02-12,True,299.6400146484375,-0.15257779419160522,-0.14237378917319188,0.27467465456675205,-0.20554913017916843
LII,Lennox International,Industrials,Building Products,S&P 500,NR (to derive from financials),NR,default - no public rating available; derive from leverage/margin post-SEC pull,0001069202,True,5195300000.0,Revenues,10-K,2025-12-31,2026-02-17,805800000.0,NetIncomeLoss,10-K,2025-12-31,2026-02-17,4081800000.0,Assets,10-K,2025-12-31,2026-02-17,2918700000.0,Liabilities,10-K,2025-12-31,2026-02-17,1163100000.0,StockholdersEquity,10-K,2025-12-31,2026-02-17,34200000.0,CashAndCashEquivalentsAtCarryingValue,10-K,2025-12-31,2026-02-17,757600000.0,NetCashProvidedByUsedInOperatingActivities,10-K,2025-12-31,2026-02-17,118800000.0,PaymentsToAcquirePropertyPlantAndEquipment,10-K,2025-12-31,2026-02-17,40900000.0,InterestExpense,10-K,2025-12-31,2026-02-17,3460500000.0,CostOfGoodsAndServicesSold,10-K,2025-12-31,2026-02-17,887200000.0,PropertyPlantAndEquipmentNet,10-K,2025-12-31,2026-02-17,112500000.0,DepreciationAndAmortization,10-K,2025-12-31,2026-02-17,681400000.0,SellingGeneralAndAdministrativeExpense,10-K,2025-12-31,2026-02-17,1903800000.0,AssetsCurrent,10-K,2025-12-31,2026-02-17,1191800000.0,LiabilitiesCurrent,10-K,2025-12-31,2026-02-17,578800000.0,ReceivablesNetCurrent,10-K,2025-12-31,2026-02-17,1152600000.0,InventoryNet,10-K,2025-12-31,2026-02-17,438000000.0,AccountsPayableCurrent,10-K,2025-12-31,2026-02-17,,,,,,18300000.0,LongTermDebtCurrent,10-K,2025-12-31,2026-02-17,True,521.25,0.031544997166927935,-0.012298161012275988,0.4165419498566787,-0.08274426175453553
LIN,Linde plc,Industrials,,Nasdaq 100; S&P 500,NR (to derive from financials),NR,default - no public rating available; derive from leverage/margin post-SEC pull,0001707925,True,33986000000.0,RevenueFromContractWithCustomerExcludingAssessedTax,10-K,2025-12-31,2026-02-25,6898000000.0,NetIncomeLoss,10-K,2025-12-31,2026-02-25,86817000000.0,Assets,10-K,2025-12-31,2026-02-25,47076000000.0,Liabilities,10-K,2025-12-31,2026-02-25,38245000000.0,StockholdersEquity,10-K,2025-12-31,2026-02-25,5056000000.0,CashAndCashEquivalentsAtCarryingValue,10-K,2025-12-31,2026-02-25,10350000000.0,NetCashProvidedByUsedInOperatingActivities,10-K,2025-12-31,2026-02-25,5261000000.0,PaymentsToAcquirePropertyPlantAndEquipment,10-K,2025-12-31,2026-02-25,77000000.0,InterestAndDebtExpense,10-K,2021-12-31,2022-02-28,,,,,,28260000000.0,PropertyPlantAndEquipmentNet,10-K,2025-12-31,2026-02-25,3763000000.0,DepreciationAndAmortization,10-K,2025-12-31,2026-02-25,3433000000.0,SellingGeneralAndAdministrativeExpense,10-K,2025-12-31,2026-02-25,13325000000.0,AssetsCurrent,10-K,2025-12-31,2026-02-25,15198000000.0,LiabilitiesCurrent,10-K,2025-12-31,2026-02-25,4966000000.0,AccountsReceivableNetCurrent,10-K,2025-12-31,2026-02-25,2055000000.0,InventoryNet,10-K,2025-12-31,2026-02-25,2810000000.0,AccountsPayableCurrent,10-K,2025-12-31,2026-02-25,22479000000.0,LongTermDebt,10-K,2025-12-31,2026-02-25,4510000000.0,ShortTermBorrowings,10-K,2025-12-31,2026-02-25,True,493.1600036621094,-0.01985489487341685,0.08431540955050854,0.19335464276726386,-0.034439542511778054
LITE,Lumentum,Technology,Communications Equipment,S&P 500,NR (to derive from financials),NR,default - no public rating available; derive from leverage/margin post-SEC pull,0001633978,True,1645000000.0,RevenueFromContractWithCustomerExcludingAssessedTax,10-K,2025-06-28,2025-08-19,25900000.0,NetIncomeLoss,10-K,2025-06-28,2025-08-19,4218700000.0,Assets,10-K,2025-06-28,2025-08-19,3084000000.0,Liabilities,10-K,2025-06-28,2025-08-19,1134700000.0,StockholdersEquity,10-K,2025-06-28,2025-08-19,520700000.0,CashAndCashEquivalentsAtCarryingValue,10-K,2025-06-28,2025-08-19,126300000.0,NetCashProvidedByUsedInOperatingActivities,10-K,2025-06-28,2025-08-19,231000000.0,PaymentsToAcquirePropertyPlantAndEquipment,10-K,2025-06-28,2025-08-19,35500000.0,InterestExpense,10-K,2023-07-01,2023-08-23,1092900000.0,CostOfGoodsAndServicesSold,10-K,2019-06-29,2019-08-27,726400000.0,PropertyPlantAndEquipmentAndFinanceLeaseRightOfUseAssetAfterAccumulatedDepreciationAndAmortization,10-K,2025-06-28,2025-08-19,104300000.0,Depreciation,10-K,2025-06-28,2025-08-19,348200000.0,SellingGeneralAndAdministrativeExpense,10-K,2025-06-28,2025-08-19,1717300000.0,AssetsCurrent,10-K,2025-06-28,2025-08-19,392800000.0,LiabilitiesCurrent,10-K,2025-06-28,2025-08-19,197100000.0,AccountsReceivableNetCurrent,10-K,2018-06-30,2018-08-28,470100000.0,InventoryNet,10-K,2025-06-28,2025-08-19,225200000.0,AccountsPayableCurrent,10-K,2025-06-28,2025-08-19,2562600000.0,LongTermDebtNoncurrent,10-K,2025-06-28,2025-08-19,10600000.0,ShortTermBorrowings,10-K,2025-06-28,2025-08-19,True,903.7999877929688,0.007243954183023815,0.5659706307914127,0.9799150406851134,-0.09125644504948827
LLY,Lilly (Eli),Healthcare,Pharmaceuticals,S&P 500,NR (to derive from financials),NR,default - no public rating available; derive from leverage/margin post-SEC pull,0000059478,True,65179000000.0,Revenues,10-K,2025-12-31,2026-02-12,20640000000.0,NetIncomeLoss,10-K,2025-12-31,2026-02-12,112476000000.0,Assets,10-K,2025-12-31,2026-02-12,,,,,,26535000000.0,StockholdersEquity,10-K,2025-12-31,2026-02-12,7268000000.0,CashAndCashEquivalentsAtCarryingValue,10-K,2025-12-31,2026-02-12,16813000000.0,NetCashProvidedByUsedInOperatingActivities,10-K,2025-12-31,2026-02-12,1353600000.0,PaymentsToAcquireProductiveAssets,10-Q,2022-09-30,2022-11-01,485900000.0,InterestExpense,10-K,2023-12-31,2024-02-21,11052000000.0,CostOfGoodsAndServicesSold,10-K,2025-12-31,2026-02-12,24675000000.0,PropertyPlantAndEquipmentNet,10-K,2025-12-31,2026-02-12,1997000000.0,DepreciationDepletionAndAmortization,10-K,2025-12-31,2026-02-12,11094000000.0,SellingGeneralAndAdministrativeExpense,10-K,2025-12-31,2026-02-12,55629000000.0,AssetsCurrent,10-K,2025-12-31,2026-02-12,35228000000.0,LiabilitiesCurrent,10-K,2025-12-31,2026-02-12,17760000000.0,AccountsReceivableNetCurrent,10-K,2025-12-31,2026-02-12,13744000000.0,InventoryNet,10-K,2025-12-31,2026-02-12,5379000000.0,AccountsPayableCurrent,10-K,2025-12-31,2026-02-12,40868000000.0,LongTermDebtNoncurrent,10-K,2025-12-31,2026-02-12,1000000000.0,ShortTermBorrowings,10-K,2014-03-31,2014-02-19,True,948.4500122070312,0.009558625378079277,-0.0905903277944613,0.36790036109716723,-0.1440680598805153
LMT,Lockheed Martin,Aerospace & Defense,Aerospace & Defense,S&P 500,A bucket,A,demo_bucket_to_refresh,0000936468,True,75048000000.0,Revenues,10-K,2025-12-31,2026-01-29,5017000000.0,NetIncomeLoss,10-K,2025-12-31,2026-01-29,59840000000.0,Assets,10-K,2025-12-31,2026-01-29,53119000000.0,Liabilities,10-K,2025-12-31,2026-01-29,6721000000.0,StockholdersEquity,10-K,2025-12-31,2026-01-29,4121000000.0,CashAndCashEquivalentsAtCarryingValue,10-K,2025-12-31,2026-01-29,8557000000.0,NetCashProvidedByUsedInOperatingActivities,10-K,2025-12-31,2026-01-29,1649000000.0,PaymentsToAcquireProductiveAssets,10-K,2025-12-31,2026-01-29,916000000.0,InterestExpense,10-K,2023-12-31,2024-01-23,67429000000.0,CostOfRevenue,10-K,2025-12-31,2026-01-29,8875000000.0,PropertyPlantAndEquipmentNet,10-K,2025-12-31,2026-01-29,1687000000.0,DepreciationAndAmortization,10-K,2025-12-31,2026-01-29,,,,,,25362000000.0,AssetsCurrent,10-K,2025-12-31,2026-01-29,23335000000.0,LiabilitiesCurrent,10-K,2025-12-31,2026-01-29,3901000000.0,ReceivablesNetCurrent,10-K,2025-12-31,2026-01-29,3524000000.0,InventoryNet,10-K,2025-12-31,2026-01-29,3630000000.0,AccountsPayableCurrent,10-K,2025-12-31,2026-01-29,21700000000.0,LongTermDebt,10-K,2025-12-31,2026-01-29,1168000000.0,LongTermDebtCurrent,10-K,2025-12-31,2026-01-29,True,506.510009765625,-0.17468872784874834,-0.20227574609354804,0.2630153571761038,-0.251499925183004
LNT,Alliant Energy,Utilities,Electric Utilities,S&P 500,NR (to derive from financials),NR,default - no public rating available; derive from leverage/margin post-SEC pull,0000352541,True,4362000000.0,Revenues,10-K,2025-12-31,2026-02-20,810000000.0,NetIncomeLoss,10-K,2025-12-31,2026-02-20,24991000000.0,Assets,10-K,2025-12-31,2026-02-20,,,,,,7334000000.0,StockholdersEquity,10-K,2025-12-31,2026-02-20,556000000.0,CashAndCashEquivalentsAtCarryingValue,10-K,2025-12-31,2026-02-20,1169000000.0,NetCashProvidedByUsedInOperatingActivities,10-K,2025-12-31,2026-02-20,1484000000.0,PaymentsToAcquirePropertyPlantAndEquipment,10-K,2022-12-31,2023-02-24,512000000.0,InterestExpense,10-K,2025-12-31,2026-02-20,625000000.0,CostOfGoodsAndServicesSold,10-K,2025-12-31,2026-02-20,20344000000.0,PropertyPlantAndEquipmentNet,10-K,2025-12-31,2026-02-20,846000000.0,DepreciationDepletionAndAmortization,10-K,2025-12-31,2026-02-20,,,,,,1697000000.0,AssetsCurrent,10-K,2025-12-31,2026-02-20,2123000000.0,LiabilitiesCurrent,10-K,2025-12-31,2026-02-20,476000000.0,AccountsReceivableNetCurrent,10-K,2025-12-31,2026-02-20,,,,,,498000000.0,AccountsPayableCurrent,10-K,2025-12-31,2026-02-20,10954000000.0,LongTermDebtNoncurrent,10-K,2025-12-31,2026-02-20,1074000000.0,LongTermDebtCurrent,10-K,2025-12-31,2026-02-20,True,71.76000213623047,-0.010982035227979137,0.08067571422777409,0.1735521422395767,-0.0310558398350419
LOW,Lowe's,Consumer Discretionary,Home Improvement Retail,S&P 500,A bucket,A,demo_bucket_to_refresh,0000060667,True,86286000000.0,RevenueFromContractWithCustomerExcludingAssessedTax,10-K,2026-01-30,2026-03-23,6654000000.0,NetIncomeLoss,10-K,2026-01-30,2026-03-23,54144000000.0,Assets,10-K,2026-01-30,2026-03-23,64061000000.0,Liabilities,10-K,2026-01-30,2026-03-23,-9917000000.0,StockholdersEquity,10-K,2026-01-30,2026-03-23,982000000.0,CashAndCashEquivalentsAtCarryingValue,10-K,2026-01-30,2026-03-23,9864000000.0,NetCashProvidedByUsedInOperatingActivities,10-K,2026-01-30,2026-03-23,2213000000.0,PaymentsToAcquirePropertyPlantAndEquipment,10-K,2026-01-30,2026-03-23,332000000.0,InterestExpense,10-K,2011-01-28,2011-03-29,57401000000.0,CostOfGoodsAndServicesSold,10-K,2026-01-30,2026-03-23,18362000000.0,PropertyPlantAndEquipmentAndFinanceLeaseRightOfUseAssetAfterAccumulatedDepreciationAndAmortization,10-K,2026-01-30,2026-03-23,2194000000.0,DepreciationDepletionAndAmortization,10-K,2026-01-30,2026-03-23,16791000000.0,SellingGeneralAndAdministrativeExpense,10-K,2026-01-30,2026-03-23,20955000000.0,AssetsCurrent,10-K,2026-01-30,2026-03-23,19463000000.0,LiabilitiesCurrent,10-K,2026-01-30,2026-03-23,1090000000.0,ReceivablesNetCurrent,10-K,2026-01-30,2026-03-23,17300000000.0,InventoryNet,10-K,2026-01-30,2026-03-23,9762000000.0,AccountsPayableCurrent,10-K,2026-01-30,2026-03-23,39819000000.0,LongTermDebt,10-K,2026-01-30,2026-03-23,0.0,ShortTermBorrowings,10-K,2024-02-02,2024-03-25,True,229.1999969482422,-0.05699697170039997,-0.1682610564346645,0.31619308232682514,-0.19864929374166684
LRCX,Lam Research,Industrials,,Nasdaq 100; S&P 500,NR (to derive from financials),NR,default - no public rating available; derive from leverage/margin post-SEC pull,0000707549,True,18435591000.0,RevenueFromContractWithCustomerExcludingAssessedTax,10-K,2025-06-29,2025-08-11,5358217000.0,NetIncomeLoss,10-K,2025-06-29,2025-08-11,21345260000.0,Assets,10-K,2025-06-29,2025-08-11,11483641000.0,Liabilities,10-K,2025-06-29,2025-08-11,9861619000.0,StockholdersEquity,10-K,2025-06-29,2025-08-11,6390659000.0,CashAndCashEquivalentsAtCarryingValue,10-K,2025-06-29,2025-08-11,6173264000.0,NetCashProvidedByUsedInOperatingActivities,10-K,2025-06-29,2025-08-11,759186000.0,PaymentsToAcquireProductiveAssets,10-K,2025-06-29,2025-08-11,186462000.0,InterestExpense,10-K,2023-06-25,2023-08-15,9456532000.0,CostOfGoodsAndServicesSold,10-K,2025-06-29,2025-08-11,2405522000.0,PropertyPlantAndEquipmentNet,10-K,2025-06-29,2025-08-11,386277000.0,DepreciationAndAmortization,10-K,2025-06-29,2025-08-11,981704000.0,SellingGeneralAndAdministrativeExpense,10-K,2025-06-29,2025-08-11,14516995000.0,AssetsCurrent,10-K,2025-06-29,2025-08-11,6568425000.0,LiabilitiesCurrent,10-K,2025-06-29,2025-08-11,3378071000.0,AccountsReceivableNetCurrent,10-K,2025-06-29,2025-08-11,4307991000.0,InventoryNet,10-K,2025-06-29,2025-08-11,854208000.0,AccountsPayableCurrent,10-K,2025-06-29,2025-08-11,4469364000.0,LongTermDebt,10-K,2025-06-29,2025-08-11,749670000.0,LongTermDebtCurrent,10-K,2025-06-29,2025-08-11,True,294.04998779296875,0.11526201816262338,0.28402951123835485,0.5739326444807523,-0.01049912674154907
LULU,Lululemon Athletica,Consumer Discretionary,"Apparel, Accessories & Luxury Goods",S&P 500,NR (to derive from financials),NR,default - no public rating available; derive from leverage/margin post-SEC pull,0001397187,True,11102600000.0,RevenueFromContractWithCustomerExcludingAssessedTax,10-K,2026-02-01,2026-03-17,1579183000.0,NetIncomeLoss,10-K,2026-02-01,2026-03-17,8456743000.0,Assets,10-K,2026-02-01,2026-03-17,3494903000.0,Liabilities,10-K,2026-02-01,2026-03-17,4961840000.0,StockholdersEquity,10-K,2026-02-01,2026-03-17,1807202000.0,CashCashEquivalentsRestrictedCashAndRestrictedCashEquivalents,10-K,2026-02-01,2026-03-17,1602477000.0,NetCashProvidedByUsedInOperatingActivities,10-K,2026-02-01,2026-03-17,680802000.0,PaymentsToAcquirePropertyPlantAndEquipment,10-K,2026-02-01,2026-03-17,,,,,,4818468000.0,CostOfGoodsAndServicesSold,10-K,2026-02-01,2026-03-17,2033720000.0,PropertyPlantAndEquipmentNet,10-K,2026-02-01,2026-03-17,496228000.0,DepreciationDepletionAndAmortization,10-K,2026-02-01,2026-03-17,4066556000.0,SellingGeneralAndAdministrativeExpense,10-K,2026-02-01,2026-03-17,4262701000.0,AssetsCurrent,10-K,2026-02-01,2026-03-17,1887548000.0,LiabilitiesCurrent,10-K,2026-02-01,2026-03-17,190657000.0,ReceivablesNetCurrent,10-K,2026-02-01,2026-03-17,1700753000.0,InventoryNet,10-K,2026-02-01,2026-03-17,331421000.0,AccountsPayableCurrent,10-K,2026-02-01,2026-03-17,,,,,,0.0,ShortTermBorrowings,10-K,2025-02-02,2025-03-27,True,131.17999267578125,-0.19943859277946208,-0.25330146775521034,0.45832963630255147,-0.39234764819006507
LUV,Southwest Airlines,Transportation,Passenger Airlines,S&P 500,BBB bucket,BBB,demo_bucket_to_refresh,0000092380,True,28063000000.0,RevenueFromContractWithCustomerExcludingAssessedTax,10-K,2025-12-31,2026-02-05,441000000.0,NetIncomeLoss,10-K,2025-12-31,2026-02-05,29061000000.0,Assets,10-K,2025-12-31,2026-02-05,,,,,,7981000000.0,StockholdersEquity,10-K,2025-12-31,2026-02-05,3231000000.0,CashAndCashEquivalentsAtCarryingValue,10-K,2025-12-31,2026-02-05,1842000000.0,NetCashProvidedByUsedInOperatingActivities,10-K,2025-12-31,2026-02-05,2673000000.0,PaymentsToAcquireProductiveAssets,10-K,2025-12-31,2026-02-05,118000000.0,InterestExpense,10-K,2019-12-31,2020-02-04,,,,,,20245000000.0,PropertyPlantAndEquipmentNet,10-K,2025-12-31,2026-02-05,1560000000.0,DepreciationAndAmortization,10-K,2025-12-31,2026-02-05,,,,,,5645000000.0,AssetsCurrent,10-K,2025-12-31,2026-02-05,10921000000.0,LiabilitiesCurrent,10-K,2025-12-31,2026-02-05,98000000.0,AccountsReceivableNetCurrent,10-K,2025-12-31,2026-02-05,,,,,,1991000000.0,AccountsPayableCurrent,10-K,2025-12-31,2026-02-05,4929000000.0,LongTermDebt,10-K,2025-12-31,2026-02-05,271000000.0,LongTermDebtCurrent,10-K,2012-12-31,2013-02-07,True,41.310001373291016,0.04423660109328287,-0.22248042607608742,0.4907822776254703,-0.242911556335338
LVS,Las Vegas Sands,Consumer Discretionary,Casinos & Gaming,S&P 500,NR (to derive from financials),NR,default - no public rating available; derive from leverage/margin post-SEC pull,0001300514,True,13017000000.0,Revenues,10-K,2025-12-31,2026-02-06,1627000000.0,NetIncomeLoss,10-K,2025-12-31,2026-02-06,21920000000.0,Assets,10-K,2025-12-31,2026-02-06,19986000000.0,Liabilities,10-K,2025-12-31,2026-02-06,1590000000.0,StockholdersEquity,10-K,2025-12-31,2026-02-06,3841000000.0,CashAndCashEquivalentsAtCarryingValue,10-K,2025-12-31,2026-02-06,3023000000.0,NetCashProvidedByUsedInOperatingActivities,10-K,2025-12-31,2026-02-06,1168000000.0,PaymentsToAcquirePropertyPlantAndEquipment,10-K,2025-12-31,2026-02-06,746000000.0,InterestExpense,10-K,2025-12-31,2026-02-06,,,,,,11673000000.0,PropertyPlantAndEquipmentNet,10-K,2025-12-31,2026-02-06,1464000000.0,DepreciationAndAmortization,10-K,2025-12-31,2026-02-06,1188000000.0,SellingGeneralAndAdministrativeExpense,10-K,2025-12-31,2026-02-06,4832000000.0,AssetsCurrent,10-K,2025-12-31,2026-02-06,4222000000.0,LiabilitiesCurrent,10-K,2025-12-31,2026-02-06,742000000.0,AccountsReceivableNetCurrent,10-K,2025-12-31,2026-02-06,46000000.0,InventoryNet,10-K,2025-12-31,2026-02-06,190000000.0,AccountsPayableCurrent,10-K,2025-12-31,2026-02-06,9496002000.0,LongTermDebt,10-Q,2012-09-30,2012-11-09,,,,,,True,53.11000061035156,-0.0005796615393958149,-0.06577439780474426,0.3072030746033604,-0.2272596234912726
LYB,LyondellBasell,Materials,Specialty Chemicals,S&P 500,NR (to derive from financials),NR,default - no public rating available; derive from leverage/margin post-SEC pull,0001489393,True,30153000000.0,Revenues,10-K,2025-12-31,2026-02-20,-738000000.0,ProfitLoss,10-K,2025-12-31,2026-02-20,34003000000.0,Assets,10-K,2025-12-31,2026-02-20,,,,,,10082000000.0,StockholdersEquity,10-K,2025-12-31,2026-02-20,3443000000.0,CashAndCashEquivalentsAtCarryingValue,10-K,2025-12-31,2026-02-20,2262000000.0,NetCashProvidedByUsedInOperatingActivities,10-K,2025-12-31,2026-02-20,1878000000.0,PaymentsToAcquirePropertyPlantAndEquipment,10-K,2025-12-31,2026-02-20,477000000.0,InterestExpense,10-K,2023-12-31,2024-02-22,27576000000.0,CostOfRevenue,10-K,2025-12-31,2026-02-20,15833000000.0,PropertyPlantAndEquipmentNet,10-K,2025-12-31,2026-02-20,1390000000.0,DepreciationDepletionAndAmortization,10-K,2025-12-31,2026-02-20,1610000000.0,SellingGeneralAndAdministrativeExpense,10-K,2025-12-31,2026-02-20,10868000000.0,AssetsCurrent,10-K,2025-12-31,2026-02-20,6129000000.0,LiabilitiesCurrent,10-K,2025-12-31,2026-02-20,3392000000.0,AccountsReceivableNetCurrent,10-K,2022-12-31,2023-02-23,3533000000.0,InventoryNet,10-K,2025-12-31,2026-02-20,3545000000.0,AccountsPayableCurrent,10-Q,2012-03-31,2012-04-30,5772000000.0,LongTermDebt,10-K,2013-12-31,2014-02-20,226000000.0,ShortTermBorrowings,10-K,2025-12-31,2026-02-20,True,71.76000213623047,-0.02658707341315425,0.3093793666532212,0.5516242911632748,-0.1289147301682736
LYV,Live Nation Entertainment,Communication Services,Movies & Entertainment,S&P 500,NR (to derive from financials),NR,default - no public rating available; derive from leverage/margin post-SEC pull,0001335258,True,25201406000.0,Revenues,10-K,2025-12-31,2026-02-19,495972000.0,NetIncomeLoss,10-K,2025-12-31,2026-02-19,22912533000.0,Assets,10-K,2025-12-31,2026-02-19,,,,,,271007000.0,StockholdersEquity,10-K,2025-12-31,2026-02-19,7094200000.0,CashAndCashEquivalentsAtCarryingValue,10-K,2025-12-31,2026-02-19,1395316000.0,NetCashProvidedByUsedInOperatingActivities,10-K,2025-12-31,2026-02-19,1061705000.0,PaymentsToAcquirePropertyPlantAndEquipment,10-K,2025-12-31,2026-02-19,316033000.0,InterestExpense,10-K,2025-12-31,2026-02-19,,,,,,3415771000.0,PropertyPlantAndEquipmentNet,10-K,2025-12-31,2026-02-19,638872000.0,DepreciationAndAmortization,10-K,2025-12-31,2026-02-19,4091759000.0,SellingGeneralAndAdministrativeExpense,10-K,2025-12-31,2026-02-19,10974392000.0,AssetsCurrent,10-K,2025-12-31,2026-02-19,11028850000.0,LiabilitiesCurrent,10-K,2025-12-31,2026-02-19,2009055000.0,AccountsReceivableNetCurrent,10-K,2025-12-31,2026-02-19,56576000.0,InventoryNet,10-K,2025-12-31,2026-02-19,253261000.0,AccountsPayableCurrent,10-K,2025-12-31,2026-02-19,1715688000.0,LongTermDebt,10-K,2011-12-31,2012-02-24,,,,,,True,163.27999877929688,0.01675074726165593,0.1039145070423988,0.3839168500058487,-0.027052844397455145
MA,Mastercard,Financials,Transaction & Payment Processing Services,S&P 500,AA- shown,AA-,screenshot,0001141391,True,32791000000.0,Revenues,10-K,2025-12-31,2026-02-11,14968000000.0,ProfitLoss,10-K,2025-12-31,2026-02-11,54157000000.0,Assets,10-K,2025-12-31,2026-02-11,46411000000.0,Liabilities,10-K,2025-12-31,2026-02-11,7737000000.0,StockholdersEquity,10-K,2025-12-31,2026-02-11,10566000000.0,CashAndCashEquivalentsAtCarryingValue,10-K,2025-12-31,2026-02-11,17648000000.0,NetCashProvidedByUsedInOperatingActivities,10-K,2025-12-31,2026-02-11,489000000.0,PaymentsToAcquirePropertyPlantAndEquipment,10-K,2025-12-31,2026-02-11,575000000.0,InterestExpense,10-K,2023-12-31,2024-02-13,,,,,,2303000000.0,PropertyPlantAndEquipmentNet,10-K,2025-12-31,2026-02-11,1143000000.0,DepreciationAndAmortization,10-K,2025-12-31,2026-02-11,11318000000.0,GeneralAndAdministrativeExpense,10-K,2025-12-31,2026-02-11,23558000000.0,AssetsCurrent,10-K,2025-12-31,2026-02-11,22762000000.0,LiabilitiesCurrent,10-K,2025-12-31,2026-02-11,4609000000.0,AccountsReceivableNetCurrent,10-K,2025-12-31,2026-02-11,,,,,,999000000.0,AccountsPayableCurrent,10-K,2025-12-31,2026-02-11,18251000000.0,LongTermDebtNoncurrent,10-K,2025-12-31,2026-02-11,749000000.0,LongTermDebtCurrent,10-K,2025-12-31,2026-02-11,True,495.4800109863281,-0.006377075868182147,-0.07284948262865754,0.2614269586507993,-0.14347281837036518
MAA,Mid-America Apartment Communities,Real Estate,Multi-Family Residential REITs,S&P 500,NR (to derive from financials),NR,default - no public rating available; derive from leverage/margin post-SEC pull,0000912595,True,2209126000.0,Revenues,10-K,2025-12-31,2026-02-06,446909000.0,NetIncomeLoss,10-K,2025-12-31,2026-02-06,11975383000.0,Assets,10-K,2025-12-31,2026-02-06,6135738000.0,Liabilities,10-K,2025-12-31,2026-02-06,5662851000.0,StockholdersEquity,10-K,2025-12-31,2026-02-06,60258000.0,CashAndCashEquivalentsAtCarryingValue,10-K,2025-12-31,2026-02-06,1078175000.0,NetCashProvidedByUsedInOperatingActivities,10-K,2025-12-31,2026-02-06,,,,,,185257000.0,InterestExpense,10-K,2025-12-31,2026-02-06,,,,,,,,,,,622969000.0,DepreciationDepletionAndAmortization,10-K,2025-12-31,2026-02-06,54807000.0,GeneralAndAdministrativeExpense,10-K,2025-12-31,2026-02-06,,,,,,,,,,,,,,,,,,,,,,,,,,,,,,,,,,,,True,129.30999755859375,0.035644891339263296,-0.02009913412870512,0.19629428789157402,-0.05380956634362022
MAR,Marriott International,Industrials,,Nasdaq 100; S&P 500,NR (to derive from financials),NR,default - no public rating available; derive from leverage/margin post-SEC pull,0001048286,True,26186000000.0,Revenues,10-K,2025-12-31,2026-02-10,2601000000.0,NetIncomeLoss,10-K,2025-12-31,2026-02-10,27540000000.0,Assets,10-K,2025-12-31,2026-02-10,,,,,,-3771000000.0,StockholdersEquity,10-K,2025-12-31,2026-02-10,358000000.0,CashAndCashEquivalentsAtCarryingValue,10-K,2025-12-31,2026-02-10,3212000000.0,NetCashProvidedByUsedInOperatingActivities,10-K,2025-12-31,2026-02-10,604000000.0,PaymentsToAcquireProductiveAssets,10-K,2025-12-31,2026-02-10,565000000.0,InterestExpense,10-K,2023-12-31,2024-02-13,,,,,,1954000000.0,PropertyPlantAndEquipmentNet,10-K,2025-12-31,2026-02-10,145000000.0,Depreciation,10-K,2025-12-31,2026-02-10,870000000.0,GeneralAndAdministrativeExpense,10-K,2025-12-31,2026-02-10,3584000000.0,AssetsCurrent,10-K,2025-12-31,2026-02-10,8398000000.0,LiabilitiesCurrent,10-K,2025-12-31,2026-02-10,2909000000.0,AccountsNotesAndLoansReceivableNetCurrent,10-K,2025-12-31,2026-02-10,10000000.0,InventoryNet,10-K,2012-12-28,2013-02-20,634000000.0,AccountsPayableCurrent,10-K,2010-12-31,2011-02-18,23000000.0,LongTermDebt,10-K,2025-12-31,2026-02-10,355000000.0,LongTermDebtCurrent,10-K,2011-12-30,2012-02-16,True,353.17999267578125,-0.0025981739956971728,0.06839282285342896,0.32568891178936615,-0.06743770717839159
MAS,Masco,Industrials,Building Products,S&P 500,NR (to derive from financials),NR,default - no public rating available; derive from leverage/margin post-SEC pull,0000062996,True,7562000000.0,RevenueFromContractWithCustomerExcludingAssessedTax,10-K,2025-12-31,2026-02-10,810000000.0,NetIncomeLoss,10-K,2025-12-31,2026-02-10,5201000000.0,Assets,10-K,2025-12-31,2026-02-10,5125000000.0,Liabilities,10-K,2025-12-31,2026-02-10,-185000000.0,StockholdersEquity,10-K,2025-12-31,2026-02-10,647000000.0,CashAndCashEquivalentsAtCarryingValue,10-K,2025-12-31,2026-02-10,1022000000.0,NetCashProvidedByUsedInOperatingActivities,10-K,2025-12-31,2026-02-10,156000000.0,PaymentsToAcquireProductiveAssets,10-K,2025-12-31,2026-02-10,106000000.0,InterestExpense,10-K,2023-12-31,2024-02-08,4883000000.0,CostOfGoodsAndServicesSold,10-K,2025-12-31,2026-02-10,1195000000.0,PropertyPlantAndEquipmentAndFinanceLeaseRightOfUseAssetAfterAccumulatedDepreciationAndAmortization,10-K,2025-12-31,2026-02-10,148000000.0,DepreciationDepletionAndAmortization,10-K,2025-12-31,2026-02-10,1426000000.0,SellingGeneralAndAdministrativeExpense,10-K,2025-12-31,2026-02-10,2840000000.0,AssetsCurrent,10-K,2025-12-31,2026-02-10,1573000000.0,LiabilitiesCurrent,10-K,2025-12-31,2026-02-10,1028000000.0,ReceivablesNetCurrent,10-K,2025-12-31,2026-02-10,1046000000.0,InventoryNet,10-K,2025-12-31,2026-02-10,810000000.0,AccountsPayableCurrent,10-K,2025-12-31,2026-02-10,2947000000.0,LongTermDebt,10-K,2025-12-31,2026-02-10,206000000.0,LongTermDebtCurrent,10-K,2012-12-31,2013-02-15,True,71.73999786376953,0.13927261351525955,0.006104072134812899,0.42336312842446455,-0.07418261566139028
MCD,McDonald's,Consumer Discretionary,,Dow; S&P 500,BBB+ / A bucket,A,demo_bucket_to_refresh,0000063908,True,26885000000.0,Revenues,10-K,2025-12-31,2026-02-24,8563000000.0,NetIncomeLoss,10-K,2025-12-31,2026-02-24,59515000000.0,Assets,10-K,2025-12-31,2026-02-24,,,,,,-1791000000.0,StockholdersEquity,10-K,2025-12-31,2026-02-24,774000000.0,CashAndCashEquivalentsAtCarryingValue,10-K,2025-12-31,2026-02-24,10551000000.0,NetCashProvidedByUsedInOperatingActivities,10-K,2025-12-31,2026-02-24,3365000000.0,PaymentsToAcquirePropertyPlantAndEquipment,10-K,2025-12-31,2026-02-24,1582000000.0,InterestExpense,10-K,2025-12-31,2026-02-24,1940000000.0,CostOfGoodsAndServicesSold,10-Q,2025-09-30,2025-11-05,28241000000.0,PropertyPlantAndEquipmentNet,10-K,2025-12-31,2026-02-24,457000000.0,DepreciationDepletionAndAmortization,10-K,2025-12-31,2026-02-24,3039000000.0,SellingGeneralAndAdministrativeExpense,10-K,2025-12-31,2026-02-24,4163000000.0,AssetsCurrent,10-K,2025-12-31,2026-02-24,4361000000.0,LiabilitiesCurrent,10-K,2025-12-31,2026-02-24,2466000000.0,AccountsNotesAndLoansReceivableNetCurrent,10-K,2025-12-31,2026-02-24,61000000.0,InventoryNet,10-K,2025-12-31,2026-02-24,1149000000.0,AccountsPayableCurrent,10-K,2025-12-31,2026-02-24,39973000000.0,LongTermDebt,10-K,2025-12-31,2026-02-24,725000000.0,LongTermDebtCurrent,10-K,2025-12-31,2026-02-24,True,275.75,-0.09791282842487647,-0.14837100238822065,0.18557545728119026,-0.18697471695023382
MCHP,Microchip Technology,Industrials,,Nasdaq 100; S&P 500,NR (to derive from financials),NR,default - no public rating available; derive from leverage/margin post-SEC pull,0000827054,True,4401600000.0,RevenueFromContractWithCustomerExcludingAssessedTax,10-K,2025-03-31,2025-05-23,-500000.0,NetIncomeLoss,10-K,2025-03-31,2025-05-23,15374600000.0,Assets,10-K,2025-03-31,2025-05-23,,,,,,7078300000.0,StockholdersEquity,10-K,2025-03-31,2025-05-23,771700000.0,CashAndCashEquivalentsAtCarryingValue,10-K,2025-03-31,2025-05-23,898100000.0,NetCashProvidedByUsedInOperatingActivities,10-K,2025-03-31,2025-05-23,126000000.0,PaymentsToAcquirePropertyPlantAndEquipment,10-K,2025-03-31,2025-05-23,198300000.0,InterestExpense,10-K,2024-03-31,2024-05-23,1933700000.0,CostOfRevenue,10-K,2025-03-31,2025-05-23,1183700000.0,PropertyPlantAndEquipmentNet,10-K,2025-03-31,2025-05-23,750100000.0,DepreciationDepletionAndAmortization,10-K,2025-03-31,2025-05-23,617700000.0,SellingGeneralAndAdministrativeExpense,10-K,2025-03-31,2025-05-23,2991300000.0,AssetsCurrent,10-K,2025-03-31,2025-05-23,1155100000.0,LiabilitiesCurrent,10-K,2025-03-31,2025-05-23,689700000.0,AccountsReceivableNetCurrent,10-K,2025-03-31,2025-05-23,1293500000.0,InventoryNet,10-K,2025-03-31,2025-05-23,160600000.0,AccountsPayableCurrent,10-K,2025-03-31,2025-05-23,5630400000.0,LongTermDebt,10-K,2025-03-31,2025-05-23,0.0,LongTermDebtCurrent,10-K,2025-03-31,2025-05-23,True,99.08999633789062,0.38471212574811986,0.33951665319372637,0.45269465035838957,-0.0372133880605755
MCK,McKesson Corporation,Healthcare,Health Care Distributors,S&P 500,NR (to derive from financials),NR,default - no public rating available; derive from leverage/margin post-SEC pull,0000927653,True,359051000000.0,RevenueFromContractWithCustomerExcludingAssessedTax,10-K,2025-03-31,2025-05-09,3295000000.0,NetIncomeLoss,10-K,2025-03-31,2025-05-09,75140000000.0,Assets,10-K,2025-03-31,2025-05-09,,,,,,-2074000000.0,StockholdersEquity,10-K,2025-03-31,2025-05-09,5691000000.0,CashAndCashEquivalentsAtCarryingValue,10-K,2025-03-31,2025-05-09,6085000000.0,NetCashProvidedByUsedInOperatingActivities,10-K,2025-03-31,2025-05-09,537000000.0,PaymentsToAcquirePropertyPlantAndEquipment,10-K,2025-03-31,2025-05-09,252000000.0,InterestExpense,10-K,2024-03-31,2024-05-08,345728000000.0,CostOfGoodsAndServicesSold,10-K,2025-03-31,2025-05-09,2502000000.0,PropertyPlantAndEquipmentNet,10-K,2025-03-31,2025-05-09,272000000.0,DepreciationDepletionAndAmortization,10-K,2025-03-31,2025-05-09,8507000000.0,SellingGeneralAndAdministrativeExpense,10-K,2025-03-31,2025-05-09,55398000000.0,AssetsCurrent,10-K,2025-03-31,2025-05-09,61604000000.0,LiabilitiesCurrent,10-K,2025-03-31,2025-05-09,25643000000.0,ReceivablesNetCurrent,10-K,2025-03-31,2025-05-09,23001000000.0,InventoryNet,10-K,2025-03-31,2025-05-09,55330000000.0,AccountsPayableCurrent,10-K,2025-03-31,2025-05-09,5654000000.0,LongTermDebt,10-K,2025-03-31,2025-05-09,0.0,ShortTermBorrowings,10-K,2018-03-31,2018-05-24,True,736.0900268554688,-0.1496187065425938,-0.2344523208314161,0.26870218068727736,-0.2607236940708504
MCO,Moody's Corporation,Financials,Financial Exchanges & Data,S&P 500,NR (to derive from financials),NR,default - no public rating available; derive from leverage/margin post-SEC pull,0001059556,True,7718000000.0,RevenueFromContractWithCustomerExcludingAssessedTax,10-K,2025-12-31,2026-02-18,2459000000.0,NetIncomeLoss,10-K,2025-12-31,2026-02-18,15830000000.0,Assets,10-K,2025-12-31,2026-02-18,11625000000.0,Liabilities,10-K,2025-12-31,2026-02-18,4054000000.0,StockholdersEquity,10-K,2025-12-31,2026-02-18,2384000000.0,CashAndCashEquivalentsAtCarryingValue,10-K,2025-12-31,2026-02-18,2901000000.0,NetCashProvidedByUsedInOperatingActivities,10-K,2025-12-31,2026-02-18,326000000.0,PaymentsToAcquirePropertyPlantAndEquipment,10-K,2025-12-31,2026-02-18,,,,,,1973000000.0,CostOfRevenue,10-K,2025-12-31,2026-02-18,722000000.0,PropertyPlantAndEquipmentNet,10-K,2025-12-31,2026-02-18,480000000.0,DepreciationAndAmortization,10-K,2025-12-31,2026-02-18,1803000000.0,SellingGeneralAndAdministrativeExpense,10-K,2025-12-31,2026-02-18,5186000000.0,AssetsCurrent,10-K,2025-12-31,2026-02-18,2981000000.0,LiabilitiesCurrent,10-K,2025-12-31,2026-02-18,2024000000.0,AccountsReceivableNetCurrent,10-K,2025-12-31,2026-02-18,,,,,,62000000.0,AccountsPayableCurrent,10-K,2025-12-31,2026-02-18,6994000000.0,LongTermDebt,10-K,2025-12-31,2026-02-18,0.0,LongTermDebtCurrent,10-K,2025-12-31,2026-02-18,True,451.32000732421875,0.055941609829543326,0.006286203849373617,0.32318971556661613,-0.1618104393122436
MDLZ,Mondelez International,Industrials,,Nasdaq 100; S&P 500,NR (to derive from financials),NR,default - no public rating available; derive from leverage/margin post-SEC pull,0001103982,True,38537000000.0,Revenues,10-K,2025-12-31,2026-02-04,2451000000.0,NetIncomeLoss,10-K,2025-12-31,2026-02-04,71487000000.0,Assets,10-K,2025-12-31,2026-02-04,45596000000.0,Liabilities,10-K,2025-12-31,2026-02-04,25838000000.0,StockholdersEquity,10-K,2025-12-31,2026-02-04,2195000000.0,CashCashEquivalentsRestrictedCashAndRestrictedCashEquivalents,10-K,2025-12-31,2026-02-04,4514000000.0,NetCashProvidedByUsedInOperatingActivities,10-K,2025-12-31,2026-02-04,1279000000.0,PaymentsToAcquirePropertyPlantAndEquipment,10-K,2025-12-31,2026-02-04,1863000000.0,InterestAndDebtExpense,10-K,2012-12-31,2013-02-25,27602000000.0,CostOfGoodsAndServicesSold,10-K,2025-12-31,2026-02-04,10667000000.0,PropertyPlantAndEquipmentAndFinanceLeaseRightOfUseAssetAfterAccumulatedDepreciationAndAmortization,10-K,2025-12-31,2026-02-04,1358000000.0,DepreciationAndAmortization,10-K,2025-12-31,2026-02-04,7173000000.0,SellingGeneralAndAdministrativeExpense,10-K,2025-12-31,2026-02-04,12951000000.0,AssetsCurrent,10-K,2025-12-31,2026-02-04,21864000000.0,LiabilitiesCurrent,10-K,2025-12-31,2026-02-04,3903000000.0,AccountsReceivableNetCurrent,10-K,2025-12-31,2026-02-04,4419000000.0,InventoryNet,10-K,2025-12-31,2026-02-04,10139000000.0,AccountsPayableCurrent,10-K,2025-12-31,2026-02-04,15875000000.0,LongTermDebt,10-K,2019-12-31,2020-02-07,2688000000.0,ShortTermBorrowings,10-K,2025-12-31,2026-02-04,True,61.54999923706055,0.04322032605187376,0.022277268968133646,0.25959584061115554,-0.008101984194021195
MDT,Medtronic,Healthcare,Health Care Equipment,S&P 500,NR (to derive from financials),NR,default - no public rating available; derive from leverage/margin post-SEC pull,0001613103,True,33537000000.0,RevenueFromContractWithCustomerExcludingAssessedTax,10-K,2025-04-25,2025-06-20,4662000000.0,NetIncomeLoss,10-K,2025-04-25,2025-06-20,91680000000.0,Assets,10-K,2025-04-25,2025-06-20,43424000000.0,Liabilities,10-K,2025-04-25,2025-06-20,48024000000.0,StockholdersEquity,10-K,2025-04-25,2025-06-20,2218000000.0,CashAndCashEquivalentsAtCarryingValue,10-K,2025-04-25,2025-06-20,7044000000.0,NetCashProvidedByUsedInOperatingActivities,10-K,2025-04-25,2025-06-20,1859000000.0,PaymentsToAcquirePropertyPlantAndEquipment,10-K,2025-04-25,2025-06-20,719000000.0,InterestExpense,10-K,2024-04-26,2024-06-20,11632000000.0,CostOfGoodsAndServicesSold,10-K,2025-04-25,2025-06-20,6837000000.0,PropertyPlantAndEquipmentNet,10-K,2025-04-25,2025-06-20,2861000000.0,DepreciationDepletionAndAmortization,10-K,2025-04-25,2025-06-20,10849000000.0,SellingGeneralAndAdministrativeExpense,10-K,2025-04-25,2025-06-20,23814000000.0,AssetsCurrent,10-K,2025-04-25,2025-06-20,12879000000.0,LiabilitiesCurrent,10-K,2025-04-25,2025-06-20,6515000000.0,AccountsReceivableNetCurrent,10-K,2025-04-25,2025-06-20,5476000000.0,InventoryNet,10-K,2025-04-25,2025-06-20,2449000000.0,AccountsPayableCurrent,10-K,2025-04-25,2025-06-20,22140000000.0,LongTermDebtNoncurrent,10-K,2020-04-24,2020-06-19,2776000000.0,LongTermDebtCurrent,10-K,2020-04-24,2020-06-19,True,76.1500015258789,-0.12682029210757018,-0.2447443045959129,0.20967499460309336,-0.26591136687379635
MELI,Mercado Libre,Industrials,,Nasdaq 100,NR (to derive from financials),NR,default - no public rating available; derive from leverage/margin post-SEC pull,0001099590,True,28893000000.0,Revenues,10-K,2025-12-31,2026-02-25,1997000000.0,NetIncomeLoss,10-K,2025-12-31,2026-02-25,42667000000.0,Assets,10-K,2025-12-31,2026-02-25,35919000000.0,Liabilities,10-K,2025-12-31,2026-02-25,6748000000.0,StockholdersEquity,10-K,2025-12-31,2026-02-25,3670000000.0,CashAndCashEquivalentsAtCarryingValue,10-K,2025-12-31,2026-02-25,12116000000.0,NetCashProvidedByUsedInOperatingActivities,10-K,2025-12-31,2026-02-25,1343000000.0,PaymentsToAcquireProductiveAssets,10-K,2025-12-31,2026-02-25,213878.0,InterestExpense,10-K,2009-12-31,2012-02-28,16035000000.0,CostOfGoodsAndServicesSold,10-K,2025-12-31,2026-02-25,2303000000.0,PropertyPlantAndEquipmentNet,10-K,2025-12-31,2026-02-25,818000000.0,DepreciationAndAmortization,10-K,2025-12-31,2026-02-25,1078000000.0,GeneralAndAdministrativeExpense,10-K,2025-12-31,2026-02-25,33573000000.0,AssetsCurrent,10-K,2025-12-31,2026-02-25,28633000000.0,LiabilitiesCurrent,10-K,2025-12-31,2026-02-25,369000000.0,AccountsReceivableNetCurrent,10-K,2025-12-31,2026-02-25,570000000.0,InventoryNet,10-K,2025-12-31,2026-02-25,4502000000.0,AccountsPayableAndAccruedLiabilitiesCurrent,10-K,2025-12-31,2026-02-25,9193000000.0,LongTermDebt,10-K,2025-12-31,2026-02-25,,,,,,True,1632.52001953125,-0.07973119152672536,-0.19801136430078214,0.4581442526460116,-0.28866230085784317
MET,MetLife,Financials,Life & Health Insurance,S&P 500,NR (to derive from financials),NR,default - no public rating available; derive from leverage/margin post-SEC pull,0001099219,True,77084000000.0,Revenues,10-K,2025-12-31,2026-02-19,3379000000.0,NetIncomeLoss,10-K,2025-12-31,2026-02-19,745166000000.0,Assets,10-K,2025-12-31,2026-02-19,716245000000.0,Liabilities,10-K,2025-12-31,2026-02-19,28398000000.0,StockholdersEquity,10-K,2025-12-31,2026-02-19,22032000000.0,CashAndCashEquivalentsAtCarryingValue,10-K,2025-12-31,2026-02-19,17092000000.0,NetCashProvidedByUsedInOperatingActivities,10-K,2025-12-31,2026-02-19,,,,,,1061000000.0,InterestAndDebtExpense,10-K,2025-12-31,2026-02-19,,,,,,,,,,,117000000.0,Depreciation,10-K,2025-12-31,2026-02-19,560000000.0,GeneralAndAdministrativeExpense,10-K,2025-12-31,2026-02-19,,,,,,,,,,,,,,,,,,,,,,,,,,23692000000.0,LongTermDebt,10-K,2011-12-31,2012-02-28,355000000.0,ShortTermBorrowings,10-K,2025-12-31,2026-02-19,True,78.08000183105469,0.05684900830775841,0.02359731358892403,0.2558909268145448,-0.04806277030506334
META,Meta Platforms,Industrials,,Nasdaq 100; S&P 500,A bucket,A,demo_bucket_to_refresh,0001326801,True,200966000000.0,RevenueFromContractWithCustomerExcludingAssessedTax,10-K,2025-12-31,2026-01-29,60458000000.0,NetIncomeLoss,10-K,2025-12-31,2026-01-29,366021000000.0,Assets,10-K,2025-12-31,2026-01-29,148778000000.0,Liabilities,10-K,2025-12-31,2026-01-29,217243000000.0,StockholdersEquity,10-K,2025-12-31,2026-01-29,35873000000.0,CashAndCashEquivalentsAtCarryingValue,10-K,2025-12-31,2026-01-29,115800000000.0,NetCashProvidedByUsedInOperatingActivities,10-K,2025-12-31,2026-01-29,69691000000.0,PaymentsToAcquirePropertyPlantAndEquipment,10-K,2025-12-31,2026-01-29,446000000.0,InterestExpense,10-K,2023-12-31,2024-02-02,36175000000.0,CostOfRevenue,10-K,2025-12-31,2026-01-29,176400000000.0,PropertyPlantAndEquipmentAndFinanceLeaseRightOfUseAssetAfterAccumulatedDepreciationAndAmortization,10-K,2025-12-31,2026-01-29,18616000000.0,DepreciationDepletionAndAmortization,10-K,2025-12-31,2026-01-29,12152000000.0,GeneralAndAdministrativeExpense,10-K,2025-12-31,2026-01-29,108722000000.0,AssetsCurrent,10-K,2025-12-31,2026-01-29,41836000000.0,LiabilitiesCurrent,10-K,2025-12-31,2026-01-29,19769000000.0,AccountsReceivableNetCurrent,10-K,2025-12-31,2026-01-29,,,,,,1331000000.0,AccountsPayableCurrent,10-K,2020-12-31,2021-01-28,58744000000.0,LongTermDebt,10-K,2025-12-31,2026-01-29,,,,,,True,609.6300048828125,-0.03211821823775396,-0.0990342844359774,0.39899806864365,-0.17358295956445258
MGM,MGM Resorts,Consumer Discretionary,Casinos & Gaming,S&P 500,NR (to derive from financials),NR,default - no public rating available; derive from leverage/margin post-SEC pull,0000789570,True,17537683000.0,RevenueFromContractWithCustomerExcludingAssessedTax,10-K,2025-12-31,2026-02-11,205862000.0,NetIncomeLoss,10-K,2025-12-31,2026-02-11,41373786000.0,Assets,10-K,2025-12-31,2026-02-11,38097468000.0,Liabilities,10-K,2025-12-31,2026-02-11,2429917000.0,StockholdersEquity,10-K,2025-12-31,2026-02-11,2062994000.0,CashAndCashEquivalentsAtCarryingValue,10-K,2025-12-31,2026-02-11,2529378000.0,NetCashProvidedByUsedInOperatingActivities,10-K,2025-12-31,2026-02-11,1068927000.0,PaymentsToAcquirePropertyPlantAndEquipment,10-K,2025-12-31,2026-02-11,460293000.0,InterestExpense,10-K,2023-12-31,2024-02-23,,,,,,6305614000.0,PropertyPlantAndEquipmentAndFinanceLeaseRightOfUseAssetAfterAccumulatedDepreciationAndAmortization,10-K,2025-12-31,2026-02-11,1017794000.0,DepreciationAndAmortization,10-K,2025-12-31,2026-02-11,4877538000.0,SellingGeneralAndAdministrativeExpense,10-K,2025-12-31,2026-02-11,4332424000.0,AssetsCurrent,10-K,2025-12-31,2026-02-11,3512107000.0,LiabilitiesCurrent,10-K,2025-12-31,2026-02-11,1122940000.0,AccountsReceivableNetCurrent,10-K,2025-12-31,2026-02-11,124535000.0,InventoryNet,10-K,2025-12-31,2026-02-11,421502000.0,AccountsPayableCurrent,10-K,2025-12-31,2026-02-11,6230141000.0,LongTermDebt,10-K,2025-12-31,2026-02-11,0.0,LongTermDebtCurrent,10-K,2023-12-31,2024-02-23,True,38.790000915527344,0.039389100555297984,0.01918022900410654,0.41441234717540804,-0.043403165342717376
MKC,McCormick & Company,Consumer Staples,Packaged Foods & Meats,S&P 500,NR (to derive from financials),NR,default - no public rating available; derive from leverage/margin post-SEC pull,0000063754,True,6840300000.0,Revenues,10-K,2025-11-30,2026-01-22,789400000.0,NetIncomeLoss,10-K,2025-11-30,2026-01-22,13200400000.0,Assets,10-K,2025-11-30,2026-01-22,7432300000.0,Liabilities,10-K,2025-11-30,2026-01-22,5736500000.0,StockholdersEquity,10-K,2025-11-30,2026-01-22,95900000.0,CashAndCashEquivalentsAtCarryingValue,10-K,2025-11-30,2026-01-22,962200000.0,NetCashProvidedByUsedInOperatingActivities,10-K,2025-11-30,2026-01-22,221800000.0,PaymentsToAcquireProductiveAssets,10-K,2025-11-30,2026-01-22,196200000.0,InterestExpense,10-K,2025-11-30,2026-01-22,4248100000.0,CostOfGoodsAndServicesSold,10-K,2025-11-30,2026-01-22,1448800000.0,PropertyPlantAndEquipmentNet,10-K,2025-11-30,2026-01-22,231300000.0,DepreciationDepletionAndAmortization,10-K,2025-11-30,2026-01-22,1500300000.0,SellingGeneralAndAdministrativeExpense,10-K,2025-11-30,2026-01-22,2138100000.0,AssetsCurrent,10-K,2025-11-30,2026-01-22,3062200000.0,LiabilitiesCurrent,10-K,2025-11-30,2026-01-22,628900000.0,AccountsReceivableNetCurrent,10-K,2025-11-30,2026-01-22,1272000000.0,InventoryNet,10-K,2025-11-30,2026-01-22,,,,,,3614900000.0,LongTermDebt,10-K,2025-11-30,2026-01-22,381400000.0,ShortTermBorrowings,10-K,2025-11-30,2026-01-22,True,48.31999969482422,-0.09233462323188912,-0.2812810298969617,0.339255363409387,-0.31959937423845164
MLM,Martin Marietta Materials,Materials,Construction Materials,S&P 500,NR (to derive from financials),NR,default - no public rating available; derive from leverage/margin post-SEC pull,0000916076,True,6150000000.0,RevenueFromContractWithCustomerExcludingAssessedTax,10-K,2025-12-31,2026-02-19,1137000000.0,NetIncomeLoss,10-K,2025-12-31,2026-02-19,18711000000.0,Assets,10-K,2025-12-31,2026-02-19,8677000000.0,Liabilities,10-K,2025-12-31,2026-02-19,10032000000.0,StockholdersEquity,10-K,2025-12-31,2026-02-19,67000000.0,CashAndCashEquivalentsAtCarryingValue,10-K,2025-12-31,2026-02-19,1785000000.0,NetCashProvidedByUsedInOperatingActivities,10-K,2025-12-31,2026-02-19,807000000.0,PaymentsToAcquirePropertyPlantAndEquipment,10-K,2025-12-31,2026-02-19,230000000.0,InterestExpense,10-K,2025-12-31,2026-02-19,4261000000.0,CostOfGoodsAndServicesSold,10-K,2025-12-31,2026-02-19,10290000000.0,PropertyPlantAndEquipmentNet,10-K,2025-12-31,2026-02-19,637000000.0,DepreciationDepletionAndAmortization,10-K,2025-12-31,2026-02-19,443000000.0,SellingGeneralAndAdministrativeExpense,10-K,2025-12-31,2026-02-19,3193000000.0,AssetsCurrent,10-K,2025-12-31,2026-02-19,895000000.0,LiabilitiesCurrent,10-K,2025-12-31,2026-02-19,723000000.0,AccountsReceivableNetCurrent,10-K,2025-12-31,2026-02-19,1078000000.0,InventoryNet,10-K,2025-12-31,2026-02-19,389000000.0,AccountsPayableCurrent,10-K,2025-12-31,2026-02-19,5323000000.0,LongTermDebt,10-K,2025-12-31,2026-02-19,30000000.0,LongTermDebtCurrent,10-K,2025-12-31,2026-02-19,True,590.3800048828125,-0.06515925214178275,-0.15038134869690056,0.3009948484209192,-0.1652353612846874
MMM,3M,Industrials,,Dow; S&P 500,BBB / A bucket,A,demo_bucket_to_refresh,0000066740,True,24948000000.0,Revenues,10-K,2025-12-31,2026-02-03,3250000000.0,NetIncomeLoss,10-K,2025-12-31,2026-02-03,37733000000.0,Assets,10-K,2025-12-31,2026-02-03,32986000000.0,Liabilities,10-K,2025-12-31,2026-02-03,4702000000.0,StockholdersEquity,10-K,2025-12-31,2026-02-03,5235000000.0,CashCashEquivalentsRestrictedCashAndRestrictedCashEquivalents,10-K,2025-12-31,2026-02-03,2306000000.0,NetCashProvidedByUsedInOperatingActivities,10-K,2025-12-31,2026-02-03,910000000.0,PaymentsToAcquirePropertyPlantAndEquipment,10-K,2025-12-31,2026-02-03,942000000.0,InterestExpense,10-K,2023-12-31,2024-02-07,14991000000.0,CostOfRevenue,10-K,2025-12-31,2026-02-03,7101000000.0,PropertyPlantAndEquipmentNet,10-K,2025-12-31,2026-02-03,1308000000.0,DepreciationDepletionAndAmortization,10-K,2025-12-31,2026-02-03,3997000000.0,SellingGeneralAndAdministrativeExpense,10-K,2025-12-31,2026-02-03,16387000000.0,AssetsCurrent,10-K,2025-12-31,2026-02-03,9595000000.0,LiabilitiesCurrent,10-K,2025-12-31,2026-02-03,3533000000.0,AccountsReceivableNetCurrent,10-K,2025-12-31,2026-02-03,3661000000.0,InventoryNet,10-K,2025-12-31,2026-02-03,2702000000.0,AccountsPayableCurrent,10-K,2025-12-31,2026-02-03,12602000000.0,LongTermDebt,10-K,2025-12-31,2026-02-03,1670000000.0,LongTermDebtCurrent,10-K,2025-12-31,2026-02-03,True,143.2899932861328,-0.04676698839511895,-0.15472779447001783,0.25619556536499277,-0.17568893875180247
MNST,Monster Beverage,Industrials,,Nasdaq 100; S&P 500,NR (to derive from financials),NR,default - no public rating available; derive from leverage/margin post-SEC pull,0000865752,True,8294343000.0,RevenueFromContractWithCustomerExcludingAssessedTax,10-K,2025-12-31,2026-02-27,1905432000.0,ProfitLoss,10-K,2025-12-31,2026-02-27,9988945000.0,Assets,10-K,2025-12-31,2026-02-27,,,,,,8254108000.0,StockholdersEquity,10-K,2025-12-31,2026-02-27,2088117000.0,CashAndCashEquivalentsAtCarryingValue,10-K,2025-12-31,2026-02-27,2098177000.0,NetCashProvidedByUsedInOperatingActivities,10-K,2025-12-31,2026-02-27,132275000.0,PaymentsToAcquirePropertyPlantAndEquipment,10-K,2025-12-31,2026-02-27,,,,,,3662148000.0,CostOfGoodsAndServicesSold,10-K,2025-12-31,2026-02-27,1081544000.0,PropertyPlantAndEquipmentNet,10-K,2025-12-31,2026-02-27,114441000.0,DepreciationDepletionAndAmortization,10-K,2025-12-31,2026-02-27,,,,,,5361084000.0,AssetsCurrent,10-K,2025-12-31,2026-02-27,1447780000.0,LiabilitiesCurrent,10-K,2025-12-31,2026-02-27,1618072000.0,AccountsReceivableNetCurrent,10-K,2025-12-31,2026-02-27,799623000.0,InventoryNet,10-K,2025-12-31,2026-02-27,565974000.0,AccountsPayableCurrent,10-K,2025-12-31,2026-02-27,373951000.0,LongTermDebt,10-K,2024-12-31,2026-02-27,0.0,LongTermDebtCurrent,10-Q,2025-03-31,2025-05-09,True,86.29000091552734,0.1395932319654296,0.06662545473406745,0.37149454593053627,-0.004269590710204496
MO,Altria,Consumer Staples,Tobacco,S&P 500,NR (to derive from financials),NR,default - no public rating available; derive from leverage/margin post-SEC pull,0000764180,True,23279000000.0,RevenueFromContractWithCustomerExcludingAssessedTax,10-K,2025-12-31,2026-02-25,6947000000.0,NetIncomeLoss,10-K,2025-12-31,2026-02-25,35017000000.0,Assets,10-K,2025-12-31,2026-02-25,38469000000.0,Liabilities,10-K,2025-12-31,2026-02-25,-3502000000.0,StockholdersEquity,10-K,2025-12-31,2026-02-25,4474000000.0,CashAndCashEquivalentsAtCarryingValue,10-K,2025-12-31,2026-02-25,9290000000.0,NetCashProvidedByUsedInOperatingActivities,10-K,2025-12-31,2026-02-25,216000000.0,PaymentsToAcquirePropertyPlantAndEquipment,10-K,2025-12-31,2026-02-25,1149000000.0,InterestExpense,10-K,2023-12-31,2024-02-27,5597000000.0,CostOfGoodsAndServicesSold,10-K,2025-12-31,2026-02-25,1710000000.0,PropertyPlantAndEquipmentNet,10-K,2025-12-31,2026-02-25,266000000.0,DepreciationDepletionAndAmortization,10-K,2025-12-31,2026-02-25,551000000.0,GeneralAndAdministrativeExpense,10-Q,2023-09-30,2023-10-26,5932000000.0,AssetsCurrent,10-K,2025-12-31,2026-02-25,9154000000.0,LiabilitiesCurrent,10-K,2025-12-31,2026-02-25,263000000.0,ReceivablesNetCurrent,10-K,2025-12-31,2026-02-25,1070000000.0,InventoryNet,10-K,2025-12-31,2026-02-25,750000000.0,AccountsPayableCurrent,10-K,2025-12-31,2026-02-25,25709000000.0,LongTermDebt,10-K,2025-12-31,2026-02-25,0.0,ShortTermBorrowings,10-K,2025-12-31,2026-02-25,True,68.12000274658203,0.010982569357800287,0.07548812757711221,0.2534884173573698,-0.08625083892634622
MOS,Mosaic Company (The),Materials,Fertilizers & Agricultural Chemicals,S&P 500,NR (to derive from financials),NR,default - no public rating available; derive from leverage/margin post-SEC pull,0001285785,True,12052400000.0,Revenues,10-K,2025-12-31,2026-02-27,540700000.0,NetIncomeLoss,10-K,2025-12-31,2026-02-27,24480100000.0,Assets,10-K,2025-12-31,2026-02-27,,,,,,12084900000.0,StockholdersEquity,10-K,2025-12-31,2026-02-27,276600000.0,CashAndCashEquivalentsAtCarryingValue,10-K,2025-12-31,2026-02-27,824800000.0,NetCashProvidedByUsedInOperatingActivities,10-K,2025-12-31,2026-02-27,1359400000.0,PaymentsToAcquirePropertyPlantAndEquipment,10-K,2025-12-31,2026-02-27,241500000.0,InterestExpense,10-K,2025-12-31,2026-02-27,10150500000.0,CostOfGoodsAndServicesSold,10-K,2025-12-31,2026-02-27,13982600000.0,PropertyPlantAndEquipmentNet,10-K,2025-12-31,2026-02-27,1049900000.0,DepreciationDepletionAndAmortization,10-K,2025-12-31,2026-02-27,533900000.0,SellingGeneralAndAdministrativeExpense,10-K,2025-12-31,2026-02-27,5237500000.0,AssetsCurrent,10-K,2025-12-31,2026-02-27,3982800000.0,LiabilitiesCurrent,10-K,2025-12-31,2026-02-27,1078600000.0,ReceivablesNetCurrent,10-K,2025-12-31,2026-02-27,3363000000.0,InventoryNet,10-K,2025-12-31,2026-02-27,1171900000.0,AccountsPayableCurrent,10-K,2025-12-31,2026-02-27,3834100000.0,LongTermDebt,10-K,2015-12-31,2016-02-19,759900000.0,ShortTermBorrowings,10-K,2025-12-31,2026-02-27,True,22.190000534057617,-0.10379643259560178,-0.24299343026927656,0.5363379687224983,-0.292410711027443
MPC,Marathon Petroleum,Energy,Oil & Gas Refining & Marketing,S&P 500,NR (to derive from financials),NR,default - no public rating available; derive from leverage/margin post-SEC pull,0001510295,True,132699000000.0,RevenueFromContractWithCustomerExcludingAssessedTax,10-K,2025-12-31,2026-02-26,4047000000.0,NetIncomeLoss,10-K,2025-12-31,2026-02-26,83955000000.0,Assets,10-K,2025-12-31,2026-02-26,59869000000.0,Liabilities,10-K,2025-12-31,2026-02-26,17314000000.0,StockholdersEquity,10-K,2025-12-31,2026-02-26,3672000000.0,CashAndCashEquivalentsAtCarryingValue,10-K,2025-12-31,2026-02-26,8253000000.0,NetCashProvidedByUsedInOperatingActivities,10-K,2025-12-31,2026-02-26,3486000000.0,PaymentsToAcquirePropertyPlantAndEquipment,10-K,2025-12-31,2026-02-26,1276000000.0,InterestAndDebtExpense,10-K,2025-12-31,2026-02-26,119446000000.0,CostOfGoodsAndServicesSold,10-K,2025-12-31,2026-02-26,37397000000.0,PropertyPlantAndEquipmentAndFinanceLeaseRightOfUseAssetAfterAccumulatedDepreciationAndAmortization,10-K,2025-12-31,2026-02-26,3251000000.0,DepreciationDepletionAndAmortization,10-K,2025-12-31,2026-02-26,3349000000.0,SellingGeneralAndAdministrativeExpense,10-K,2025-12-31,2026-02-26,24780000000.0,AssetsCurrent,10-K,2025-12-31,2026-02-26,19678000000.0,LiabilitiesCurrent,10-K,2025-12-31,2026-02-26,10317000000.0,AccountsReceivableNetCurrent,10-K,2025-12-31,2026-02-26,10129000000.0,InventoryNet,10-K,2025-12-31,2026-02-26,12974000000.0,AccountsPayableCurrent,10-K,2025-12-31,2026-02-26,3299000000.0,LongTermDebt,10-K,2011-12-31,2012-02-29,15000000.0,LongTermDebtCurrent,10-K,2011-12-31,2012-02-29,True,244.8699951171875,0.09994609867944515,0.20482316664778466,0.394989784635967,-0.06003613704712718
MPWR,Monolithic Power Systems,Industrials,,Nasdaq 100; S&P 500,NR (to derive from financials),NR,default - no public rating available; derive from leverage/margin post-SEC pull,0001280452,True,2790459000.0,RevenueFromContractWithCustomerExcludingAssessedTax,10-K,2025-12-31,2026-02-27,621483000.0,NetIncomeLoss,10-K,2025-12-31,2026-02-27,4194199000.0,Assets,10-K,2025-12-31,2026-02-27,662702000.0,Liabilities,10-K,2025-12-31,2026-02-27,3531497000.0,StockholdersEquity,10-K,2025-12-31,2026-02-27,1099302000.0,CashAndCashEquivalentsAtCarryingValue,10-K,2025-12-31,2026-02-27,838202000.0,NetCashProvidedByUsedInOperatingActivities,10-K,2025-12-31,2026-02-27,172013000.0,PaymentsToAcquirePropertyPlantAndEquipment,10-K,2025-12-31,2026-02-27,,,,,,1250718000.0,CostOfRevenue,10-K,2025-12-31,2026-02-27,627689000.0,PropertyPlantAndEquipmentNet,10-K,2025-12-31,2026-02-27,52513000.0,DepreciationDepletionAndAmortization,10-K,2025-12-31,2026-02-27,428842000.0,SellingGeneralAndAdministrativeExpense,10-K,2025-12-31,2026-02-27,2183802000.0,AssetsCurrent,10-K,2025-12-31,2026-02-27,369365000.0,LiabilitiesCurrent,10-K,2025-12-31,2026-02-27,255626000.0,AccountsReceivableNetCurrent,10-K,2025-12-31,2026-02-27,564649000.0,InventoryNet,10-K,2025-12-31,2026-02-27,138272000.0,AccountsPayableCurrent,10-K,2025-12-31,2026-02-27,,,,,,,,,,,True,1600.8399658203125,0.18243527324914965,0.32985167996425635,0.5330411112024291,-0.031173789164949173
MRK,Merck,Healthcare,,Dow; S&P 500,A / AA bucket,AA,demo_bucket_to_refresh,0000310158,True,65011000000.0,Revenues,10-K,2025-12-31,2026-02-24,18254000000.0,NetIncomeLoss,10-K,2025-12-31,2026-02-24,136866000000.0,Assets,10-K,2025-12-31,2026-02-24,,,,,,52606000000.0,StockholdersEquity,10-K,2025-12-31,2026-02-24,14565000000.0,CashAndCashEquivalentsAtCarryingValue,10-K,2025-12-31,2026-02-24,16472000000.0,NetCashProvidedByUsedInOperatingActivities,10-K,2025-12-31,2026-02-24,4112000000.0,PaymentsToAcquirePropertyPlantAndEquipment,10-K,2025-12-31,2026-02-24,1146000000.0,InterestExpense,10-K,2023-12-31,2024-02-26,16382000000.0,CostOfGoodsAndServicesSold,10-K,2025-12-31,2026-02-24,25316000000.0,PropertyPlantAndEquipmentNet,10-K,2025-12-31,2026-02-24,3045000000.0,Depreciation,10-K,2025-12-31,2026-02-24,10733000000.0,SellingGeneralAndAdministrativeExpense,10-K,2025-12-31,2026-02-24,43516000000.0,AssetsCurrent,10-K,2025-12-31,2026-02-24,28327000000.0,LiabilitiesCurrent,10-K,2025-12-31,2026-02-24,11775000000.0,AccountsReceivableNetCurrent,10-K,2025-12-31,2026-02-24,6658000000.0,InventoryNet,10-K,2025-12-31,2026-02-24,4404000000.0,AccountsPayableCurrent,10-K,2025-12-31,2026-02-24,46750000000.0,LongTermDebtNoncurrent,10-K,2025-12-31,2026-02-24,2300000000.0,LongTermDebtCurrent,10-K,2025-12-31,2026-02-24,True,111.37999725341797,-0.08268819854170617,-0.04628168205850769,0.24869669735418265,-0.09579479641600552
MRNA,Moderna,Healthcare,Biotechnology,S&P 500,NR (to derive from financials),NR,default - no public rating available; derive from leverage/margin post-SEC pull,0001682852,True,1944000000.0,RevenueFromContractWithCustomerExcludingAssessedTax,10-K,2025-12-31,2026-02-20,-2822000000.0,NetIncomeLoss,10-K,2025-12-31,2026-02-20,12338000000.0,Assets,10-K,2025-12-31,2026-02-20,3688000000.0,Liabilities,10-K,2025-12-31,2026-02-20,8650000000.0,StockholdersEquity,10-K,2025-12-31,2026-02-20,2595000000.0,CashAndCashEquivalentsAtCarryingValue,10-K,2025-12-31,2026-02-20,-1873000000.0,NetCashProvidedByUsedInOperatingActivities,10-K,2025-12-31,2026-02-20,192000000.0,PaymentsToAcquirePropertyPlantAndEquipment,10-K,2025-12-31,2026-02-20,,,,,,868000000.0,CostOfGoodsAndServicesSold,10-K,2025-12-31,2026-02-20,2134000000.0,PropertyPlantAndEquipmentAndFinanceLeaseRightOfUseAssetAfterAccumulatedDepreciationAndAmortization,10-K,2025-12-31,2026-02-20,211000000.0,DepreciationDepletionAndAmortization,10-K,2025-12-31,2026-02-20,1018000000.0,GeneralAndAdministrativeExpense,10-K,2025-12-31,2026-02-20,6544000000.0,AssetsCurrent,10-K,2025-12-31,2026-02-20,1987000000.0,LiabilitiesCurrent,10-K,2025-12-31,2026-02-20,184000000.0,AccountsReceivableNetCurrent,10-K,2025-12-31,2026-02-20,153000000.0,InventoryNet,10-K,2025-12-31,2026-02-20,317000000.0,AccountsPayableCurrent,10-K,2025-12-31,2026-02-20,590000000.0,LongTermDebtNoncurrent,10-K,2025-12-31,2026-02-20,,,,,,True,54.349998474121094,0.06652275216938452,0.2955899281445631,0.6407532814641976,-0.05968859530239168
MRSH,Marsh McLennan,Financials,Insurance Brokers,S&P 500,NR (to derive from financials),NR,default - no public rating available; derive from leverage/margin post-SEC pull,0000062709,True,26981000000.0,RevenueFromContractWithCustomerExcludingAssessedTax,10-K,2025-12-31,2026-02-09,4160000000.0,NetIncomeLoss,10-K,2025-12-31,2026-02-09,58710000000.0,Assets,10-K,2025-12-31,2026-02-09,,,,,,15315000000.0,StockholdersEquityIncludingPortionAttributableToNoncontrollingInterest,10-K,2025-12-31,2026-02-09,2687000000.0,CashAndCashEquivalentsAtCarryingValue,10-K,2025-12-31,2026-02-09,5292000000.0,NetCashProvidedByUsedInOperatingActivities,10-K,2025-12-31,2026-02-09,291000000.0,PaymentsToAcquirePropertyPlantAndEquipment,10-K,2025-12-31,2026-02-09,578000000.0,InterestExpense,10-K,2023-12-31,2024-02-12,,,,,,829000000.0,PropertyPlantAndEquipmentNet,10-K,2025-12-31,2026-02-09,361000000.0,DepreciationDepletionAndAmortization,10-K,2025-12-31,2026-02-09,,,,,,23200000000.0,AssetsCurrent,10-K,2025-12-31,2026-02-09,21060000000.0,LiabilitiesCurrent,10-K,2025-12-31,2026-02-09,7670000000.0,ReceivablesNetCurrent,10-K,2025-12-31,2026-02-09,,,,,,3652000000.0,AccountsPayableAndAccruedLiabilitiesCurrent,10-K,2025-12-31,2026-02-09,19587000000.0,LongTermDebt,10-K,2025-12-31,2026-02-09,1267000000.0,LongTermDebtCurrent,10-K,2025-12-31,2026-02-09,True,163.25,-0.02914061299045234,-0.04119437740984022,0.30190684740648815,-0.13523055704842235
MRVL,Marvell Technology,Industrials,,Nasdaq 100,NR (to derive from financials),NR,default - no public rating available; derive from leverage/margin post-SEC pull,0001835632,True,8194600000.0,RevenueFromContractWithCustomerExcludingAssessedTax,10-K,2026-01-31,2026-03-11,2670100000.0,NetIncomeLoss,10-K,2026-01-31,2026-03-11,22285300000.0,Assets,10-K,2026-01-31,2026-03-11,7976900000.0,Liabilities,10-K,2026-01-31,2026-03-11,14308400000.0,StockholdersEquity,10-K,2026-01-31,2026-03-11,2638800000.0,CashAndCashEquivalentsAtCarryingValue,10-K,2026-01-31,2026-03-11,1750500000.0,NetCashProvidedByUsedInOperatingActivities,10-K,2026-01-31,2026-03-11,354100000.0,PaymentsToAcquirePropertyPlantAndEquipment,10-K,2026-01-31,2026-03-11,211700000.0,InterestExpense,10-K,2024-02-03,2024-03-13,4013900000.0,CostOfGoodsAndServicesSold,10-K,2026-01-31,2026-03-11,935000000.0,PropertyPlantAndEquipmentNet,10-K,2026-01-31,2026-03-11,221700000.0,Depreciation,10-K,2026-01-31,2026-03-11,767100000.0,SellingGeneralAndAdministrativeExpense,10-K,2026-01-31,2026-03-11,6460600000.0,AssetsCurrent,10-K,2026-01-31,2026-03-11,3220500000.0,LiabilitiesCurrent,10-K,2026-01-31,2026-03-11,2186600000.0,AccountsReceivableNetCurrent,10-K,2026-01-31,2026-03-11,1388000000.0,InventoryNet,10-K,2026-01-31,2026-03-11,1073800000.0,AccountsPayableCurrent,10-K,2026-01-31,2026-03-11,4470600000.0,LongTermDebt,10-K,2026-01-31,2026-03-11,499800000.0,ShortTermBorrowings,10-K,2026-01-31,2026-03-11,True,170.1300048828125,0.3240718936062601,1.0669722485648676,0.6705805975557705,-0.011733889545685994
MS,Morgan Stanley,Financials,Investment Banking & Brokerage,S&P 500,A- bucket,A-,demo_bucket_to_refresh,0000895421,True,59063000000.0,InterestAndDividendIncomeOperating,10-K,2025-12-31,2026-02-19,16861000000.0,NetIncomeLoss,10-K,2025-12-31,2026-02-19,1420270000000.0,Assets,10-K,2025-12-31,2026-02-19,1307618000000.0,Liabilities,10-K,2025-12-31,2026-02-19,111632000000.0,StockholdersEquity,10-K,2025-12-31,2026-02-19,111695000000.0,CashAndCashEquivalentsAtCarryingValue,10-K,2025-12-31,2026-02-19,-17889000000.0,NetCashProvidedByUsedInOperatingActivities,10-K,2025-12-31,2026-02-19,,,,,,42051000000.0,InterestExpense,10-K,2023-12-31,2024-02-22,,,,,,6373000000.0,PropertyPlantAndEquipmentNet,10-K,2015-12-31,2016-02-23,4658000000.0,DepreciationAndAmortization,10-K,2025-12-31,2026-02-19,,,,,,,,,,,,,,,,,,,,,,,,,,,,,,,341681000000.0,LongTermDebt,10-K,2025-12-31,2026-02-19,24241000000.0,LongTermDebtCurrent,10-K,2020-12-31,2022-02-24,True,193.08999633789062,0.09281506264559036,0.06458821610297494,0.3304360511930249,-0.0013447621278367405
MSCI,MSCI Inc.,Financials,Financial Exchanges & Data,S&P 500,NR (to derive from financials),NR,default - no public rating available; derive from leverage/margin post-SEC pull,0001408198,True,3134459000.0,RevenueFromContractWithCustomerExcludingAssessedTax,10-K,2025-12-31,2026-02-06,1202305000.0,NetIncomeLoss,10-K,2025-12-31,2026-02-06,5702459000.0,Assets,10-K,2025-12-31,2026-02-06,8356999000.0,Liabilities,10-K,2025-12-31,2026-02-06,-2654540000.0,StockholdersEquity,10-K,2025-12-31,2026-02-06,515332000.0,CashAndCashEquivalentsAtCarryingValue,10-K,2025-12-31,2026-02-06,1588446000.0,NetCashProvidedByUsedInOperatingActivities,10-K,2025-12-31,2026-02-06,39319000.0,PaymentsToAcquirePropertyPlantAndEquipment,10-K,2025-12-31,2026-02-06,186679000.0,InterestExpense,10-K,2023-12-31,2024-02-09,95903000.0,CostOfRevenue,10-K,2021-12-31,2022-02-11,87299000.0,PropertyPlantAndEquipmentNet,10-K,2025-12-31,2026-02-06,23405000.0,DepreciationDepletionAndAmortization,10-K,2025-12-31,2026-02-06,180216000.0,GeneralAndAdministrativeExpense,10-K,2025-12-31,2026-02-06,1644769000.0,AssetsCurrent,10-K,2025-12-31,2026-02-06,1829713000.0,LiabilitiesCurrent,10-K,2025-12-31,2026-02-06,663236000.0,AccountsReceivableNetCurrent,10-K,2022-12-31,2023-02-10,,,,,,15339000.0,AccountsPayableCurrent,10-K,2025-12-31,2026-02-06,6202119000.0,LongTermDebt,10-K,2025-12-31,2026-02-06,0.0,LongTermDebtCurrent,10-K,2024-12-31,2025-02-07,True,585.4199829101562,0.09122428463899968,0.0506571974269443,0.2986416599466813,-0.05926024660146678
MSFT,Microsoft,Technology,,Dow; Nasdaq 100; S&P 500,AAA / AA bucket,AAA,demo_bucket_to_refresh,0000789019,True,281724000000.0,RevenueFromContractWithCustomerExcludingAssessedTax,10-K,2025-06-30,2025-07-30,101832000000.0,NetIncomeLoss,10-K,2025-06-30,2025-07-30,619003000000.0,Assets,10-K,2025-06-30,2025-07-30,275524000000.0,Liabilities,10-K,2025-06-30,2025-07-30,343479000000.0,StockholdersEquity,10-K,2025-06-30,2025-07-30,30242000000.0,CashAndCashEquivalentsAtCarryingValue,10-K,2025-06-30,2025-07-30,136162000000.0,NetCashProvidedByUsedInOperatingActivities,10-K,2025-06-30,2025-07-30,64551000000.0,PaymentsToAcquirePropertyPlantAndEquipment,10-K,2025-06-30,2025-07-30,2935000000.0,InterestExpense,10-K,2024-06-30,2024-07-30,87831000000.0,CostOfGoodsAndServicesSold,10-K,2025-06-30,2025-07-30,204966000000.0,PropertyPlantAndEquipmentNet,10-K,2025-06-30,2025-07-30,22000000000.0,Depreciation,10-K,2025-06-30,2025-07-30,7223000000.0,GeneralAndAdministrativeExpense,10-K,2025-06-30,2025-07-30,191131000000.0,AssetsCurrent,10-K,2025-06-30,2025-07-30,141218000000.0,LiabilitiesCurrent,10-K,2025-06-30,2025-07-30,69905000000.0,AccountsReceivableNetCurrent,10-K,2025-06-30,2025-07-30,938000000.0,InventoryNet,10-K,2025-06-30,2025-07-30,27724000000.0,AccountsPayableCurrent,10-K,2025-06-30,2025-07-30,43151000000.0,LongTermDebt,10-K,2025-06-30,2025-07-30,2999000000.0,LongTermDebtCurrent,10-K,2025-06-30,2025-07-30,True,415.1199951171875,0.11931404692368797,0.005965841398102745,0.2756332900717692,-0.18447744428608803
MSI,Motorola Solutions,Technology,Communications Equipment,S&P 500,NR (to derive from financials),NR,default - no public rating available; derive from leverage/margin post-SEC pull,0000068505,True,11682000000.0,RevenueFromContractWithCustomerExcludingAssessedTax,10-K,2025-12-31,2026-02-12,2154000000.0,NetIncomeLoss,10-K,2025-12-31,2026-02-12,19389000000.0,Assets,10-K,2025-12-31,2026-02-12,,,,,,2410000000.0,StockholdersEquity,10-K,2025-12-31,2026-02-12,1165000000.0,CashAndCashEquivalentsAtCarryingValue,10-K,2025-12-31,2026-02-12,2837000000.0,NetCashProvidedByUsedInOperatingActivities,10-K,2025-12-31,2026-02-12,265000000.0,PaymentsToAcquireProductiveAssets,10-K,2025-12-31,2026-02-12,360000000.0,InterestExpense,10-K,2025-12-31,2026-02-12,5647000000.0,CostOfGoodsAndServicesSold,10-K,2025-12-31,2026-02-12,1165000000.0,PropertyPlantAndEquipmentNet,10-K,2025-12-31,2026-02-12,425000000.0,DepreciationDepletionAndAmortization,10-K,2025-12-31,2026-02-12,1870000000.0,SellingGeneralAndAdministrativeExpense,10-K,2025-12-31,2026-02-12,6300000000.0,AssetsCurrent,10-K,2025-12-31,2026-02-12,6078000000.0,LiabilitiesCurrent,10-K,2025-12-31,2026-02-12,2200000000.0,AccountsReceivableNetCurrent,10-K,2025-12-31,2026-02-12,983000000.0,InventoryNet,10-K,2025-12-31,2026-02-12,1134000000.0,AccountsPayableCurrent,10-K,2025-12-31,2026-02-12,8413000000.0,LongTermDebtNoncurrent,10-K,2025-12-31,2026-02-12,749000000.0,ShortTermBorrowings,10-K,2025-12-31,2026-02-12,True,383.989990234375,-0.11459801223742982,-0.08894066427638736,0.3318395920907771,-0.20798878269081977
MSTR,MicroStrategy,Industrials,,Nasdaq 100,NR (to derive from financials),NR,default - no public rating available; derive from leverage/margin post-SEC pull,0001050446,True,477233000.0,RevenueFromContractWithCustomerExcludingAssessedTax,10-K,2025-12-31,2026-02-19,-3848152000.0,NetIncomeLoss,10-K,2025-12-31,2026-02-19,61641082000.0,Assets,10-K,2025-12-31,2026-02-19,10598110000.0,Liabilities,10-K,2025-12-31,2026-02-19,44123458000.0,StockholdersEquity,10-K,2025-12-31,2026-02-19,2301470000.0,CashAndCashEquivalentsAtCarryingValue,10-K,2025-12-31,2026-02-19,-67241000.0,NetCashProvidedByUsedInOperatingActivities,10-K,2025-12-31,2026-02-19,8212000.0,PaymentsToAcquirePropertyPlantAndEquipment,10-K,2025-12-31,2026-02-19,2391000.0,InterestExpense,10-Q,2021-03-31,2021-04-29,149417000.0,CostOfGoodsAndServicesSold,10-K,2025-12-31,2026-02-19,28858000.0,PropertyPlantAndEquipmentNet,10-K,2025-12-31,2026-02-19,25517000.0,DepreciationDepletionAndAmortization,10-K,2025-12-31,2026-02-19,151909000.0,GeneralAndAdministrativeExpense,10-K,2025-12-31,2026-02-19,2564137000.0,AssetsCurrent,10-K,2025-12-31,2026-02-19,456492000.0,LiabilitiesCurrent,10-K,2025-12-31,2026-02-19,205748000.0,AccountsReceivableNetCurrent,10-K,2025-12-31,2026-02-19,,,,,,33684000.0,AccountsPayableAndAccruedLiabilitiesCurrent,10-K,2018-12-31,2019-02-20,8190155000.0,LongTermDebt,10-K,2025-12-31,2026-02-19,31313000.0,LongTermDebtCurrent,10-K,2025-12-31,2026-02-19,True,187.58999633789062,0.4582555754659452,0.3550273983654888,0.6962051530118749,-0.22461041616577704
MTB,M&T Bank,Financials,Regional Banks,S&P 500,NR (to derive from financials),NR,default - no public rating available; derive from leverage/margin post-SEC pull,0000036270,True,1657000000.0,RevenueFromContractWithCustomerExcludingAssessedTax,10-K,2025-12-31,2026-02-18,2851000000.0,NetIncomeLoss,10-K,2025-12-31,2026-02-18,213510000000.0,Assets,10-K,2025-12-31,2026-02-18,184333000000.0,Liabilities,10-K,2025-12-31,2026-02-18,29177000000.0,StockholdersEquity,10-K,2025-12-31,2026-02-18,18769000000.0,CashCashEquivalentsRestrictedCashAndRestrictedCashEquivalents,10-K,2025-12-31,2026-02-18,3003000000.0,NetCashProvidedByUsedInOperatingActivities,10-K,2025-12-31,2026-02-18,256000000.0,PaymentsToAcquireProductiveAssets,10-K,2023-12-31,2024-02-21,3109000000.0,InterestExpense,10-K,2023-12-31,2024-02-21,,,,,,1629000000.0,PropertyPlantAndEquipmentNet,10-K,2025-12-31,2026-02-18,323000000.0,DepreciationDepletionAndAmortization,10-K,2025-12-31,2026-02-18,,,,,,,,,,,,,,,,,,,,,,,,,,,,,,,10911000000.0,LongTermDebt,10-K,2025-12-31,2026-02-18,2149000000.0,ShortTermBorrowings,10-K,2025-12-31,2026-02-18,True,212.13999938964844,-0.0353764952895288,-0.09580214317963387,0.23727127984641466,-0.10248831033380634
MTD,Mettler Toledo,Healthcare,Life Sciences Tools & Services,S&P 500,NR (to derive from financials),NR,default - no public rating available; derive from leverage/margin post-SEC pull,0001037646,True,4026399000.0,Revenues,10-K,2025-12-31,2026-02-06,869193000.0,NetIncomeLoss,10-K,2025-12-31,2026-02-06,3712646000.0,Assets,10-K,2025-12-31,2026-02-06,3736282000.0,Liabilities,10-K,2025-12-31,2026-02-06,-23636000.0,StockholdersEquity,10-K,2025-12-31,2026-02-06,66888000.0,CashCashEquivalentsRestrictedCashAndRestrictedCashEquivalents,10-K,2025-12-31,2026-02-06,955772000.0,NetCashProvidedByUsedInOperatingActivities,10-K,2025-12-31,2026-02-06,107124000.0,PaymentsToAcquirePropertyPlantAndEquipment,10-K,2025-12-31,2026-02-06,68515000.0,InterestExpense,10-K,2025-12-31,2026-02-06,833793000.0,CostOfGoodsSold,10-K,2017-12-31,2018-02-09,845636000.0,PropertyPlantAndEquipmentNet,10-K,2025-12-31,2026-02-06,51141000.0,Depreciation,10-K,2025-12-31,2026-02-06,998314000.0,SellingGeneralAndAdministrativeExpense,10-K,2025-12-31,2026-02-06,1362667000.0,AssetsCurrent,10-K,2025-12-31,2026-02-06,1198116000.0,LiabilitiesCurrent,10-K,2025-12-31,2026-02-06,778243000.0,AccountsReceivableNetCurrent,10-K,2025-12-31,2026-02-06,387228000.0,InventoryNet,10-K,2025-12-31,2026-02-06,266628000.0,AccountsPayableCurrent,10-K,2025-12-31,2026-02-06,2088241000.0,LongTermDebt,10-K,2025-12-31,2026-02-06,,,,,,True,1124.4599609375,-0.15135738398202692,-0.1856932123273618,0.41527763700320525,-0.25335656475038815
MU,Micron Technology,Industrials,,Nasdaq 100; S&P 500,BBB bucket,BBB,demo_bucket_to_refresh,0000723125,True,37378000000.0,RevenueFromContractWithCustomerExcludingAssessedTax,10-K,2025-08-28,2025-10-03,8539000000.0,NetIncomeLoss,10-K,2025-08-28,2025-10-03,82798000000.0,Assets,10-K,2025-08-28,2025-10-03,28633000000.0,Liabilities,10-K,2025-08-28,2025-10-03,54165000000.0,StockholdersEquity,10-K,2025-08-28,2025-10-03,9642000000.0,CashAndCashEquivalentsAtCarryingValue,10-K,2025-08-28,2025-10-03,17525000000.0,NetCashProvidedByUsedInOperatingActivities,10-K,2025-08-28,2025-10-03,15857000000.0,PaymentsToAcquirePropertyPlantAndEquipment,10-K,2025-08-28,2025-10-03,388000000.0,InterestExpense,10-K,2023-08-31,2023-10-06,22505000000.0,CostOfGoodsAndServicesSold,10-K,2025-08-28,2025-10-03,46590000000.0,PropertyPlantAndEquipmentAndFinanceLeaseRightOfUseAssetAfterAccumulatedDepreciationAndAmortization,10-K,2025-08-28,2025-10-03,8352000000.0,DepreciationDepletionAndAmortization,10-K,2025-08-28,2025-10-03,1205000000.0,SellingGeneralAndAdministrativeExpense,10-K,2025-08-28,2025-10-03,28841000000.0,AssetsCurrent,10-K,2025-08-28,2025-10-03,11454000000.0,LiabilitiesCurrent,10-K,2025-08-28,2025-10-03,7163000000.0,AccountsReceivableNetCurrent,10-K,2025-08-28,2025-10-03,8355000000.0,InventoryNet,10-K,2025-08-28,2025-10-03,9649000000.0,AccountsPayableAndAccruedLiabilitiesCurrent,10-K,2025-08-28,2025-10-03,11533000000.0,LongTermDebt,10-K,2025-08-28,2025-10-03,224000000.0,LongTermDebtCurrent,10-K,2012-08-30,2012-10-29,True,746.8099975585938,0.7756247273143102,0.9481714042653873,0.7681088188053712,0.0
NCLH,Norwegian Cruise Line Holdings,Consumer Discretionary,"Hotels, Resorts & Cruise Lines",S&P 500,NR (to derive from financials),NR,default - no public rating available; derive from leverage/margin post-SEC pull,0001513761,True,5396175000.0,Revenues,10-K,2017-12-31,2018-02-27,423246000.0,NetIncomeLoss,10-K,2025-12-31,2026-03-02,22541401000.0,Assets,10-K,2025-12-31,2026-03-02,20331513000.0,Liabilities,10-K,2025-12-31,2026-03-02,2209888000.0,StockholdersEquity,10-K,2025-12-31,2026-03-02,209893000.0,CashAndCashEquivalentsAtCarryingValue,10-K,2025-12-31,2026-03-02,2089746000.0,NetCashProvidedByUsedInOperatingActivities,10-K,2025-12-31,2026-03-02,3259606000.0,PaymentsToAcquirePropertyPlantAndEquipment,10-K,2025-12-31,2026-03-02,727500000.0,InterestExpense,10-K,2023-12-31,2024-02-28,5639163000.0,CostOfGoodsAndServicesSold,10-K,2025-12-31,2026-03-02,19068807000.0,PropertyPlantAndEquipmentNet,10-K,2025-12-31,2026-03-02,1162108000.0,DepreciationDepletionAndAmortization,10-K,2025-12-31,2026-03-02,1548806000.0,SellingGeneralAndAdministrativeExpense,10-K,2025-12-31,2026-03-02,1138541000.0,AssetsCurrent,10-K,2025-12-31,2026-03-02,5452577000.0,LiabilitiesCurrent,10-K,2025-12-31,2026-03-02,291659000.0,AccountsReceivableNetCurrent,10-K,2025-12-31,2026-03-02,138181000.0,InventoryNet,10-K,2025-12-31,2026-03-02,169655000.0,AccountsPayableCurrent,10-K,2025-12-31,2026-03-02,1552480000.0,LongTermDebt,10-K,2020-12-31,2021-02-26,,,,,,True,17.079999923706055,-0.14428854172678895,-0.25251642719633693,0.642059714840382,-0.3173461386406109
NDAQ,"Nasdaq, Inc.",Financials,Financial Exchanges & Data,S&P 500,NR (to derive from financials),NR,default - no public rating available; derive from leverage/margin post-SEC pull,0001120193,True,8262000000.0,RevenueFromContractWithCustomerExcludingAssessedTax,10-K,2025-12-31,2026-02-12,1788000000.0,NetIncomeLoss,10-K,2025-12-31,2026-02-12,31053000000.0,Assets,10-K,2025-12-31,2026-02-12,18821000000.0,Liabilities,10-K,2025-12-31,2026-02-12,12227000000.0,StockholdersEquity,10-K,2025-12-31,2026-02-12,604000000.0,CashAndCashEquivalentsAtCarryingValue,10-K,2025-12-31,2026-02-12,2255000000.0,NetCashProvidedByUsedInOperatingActivities,10-K,2025-12-31,2026-02-12,266000000.0,PaymentsToAcquirePropertyPlantAndEquipment,10-K,2025-12-31,2026-02-12,284000000.0,InterestExpense,10-K,2023-12-31,2024-02-21,3013000000.0,CostOfGoodsAndServicesSold,10-K,2025-12-31,2026-02-12,728000000.0,PropertyPlantAndEquipmentNet,10-K,2025-12-31,2026-02-12,145000000.0,DepreciationDepletionAndAmortization,10-K,2025-12-31,2026-02-12,75000000.0,GeneralAndAdministrativeExpense,10-K,2025-12-31,2026-02-12,8003000000.0,AssetsCurrent,10-K,2025-12-31,2026-02-12,7961000000.0,LiabilitiesCurrent,10-K,2025-12-31,2026-02-12,943000000.0,ReceivablesNetCurrent,10-K,2025-12-31,2026-02-12,,,,,,280000000.0,AccountsPayableAndAccruedLiabilitiesCurrent,10-K,2025-12-31,2026-02-12,8573000000.0,LongTermDebt,10-K,2025-12-31,2026-02-12,431000000.0,ShortTermBorrowings,10-K,2025-12-31,2026-02-12,True,88.91000366210938,0.06914381609893927,0.03350589749415689,0.29145244567831097,-0.11674035872267641
NDSN,Nordson Corporation,Industrials,Industrial Machinery & Supplies & Components,S&P 500,NR (to derive from financials),NR,default - no public rating available; derive from leverage/margin post-SEC pull,0000072331,True,2791687000.0,RevenueFromContractWithCustomerExcludingAssessedTax,10-K,2025-10-31,2025-12-17,484474000.0,NetIncomeLoss,10-K,2025-10-31,2025-12-17,5917681000.0,Assets,10-K,2025-10-31,2025-12-17,,,,,,3043571000.0,StockholdersEquity,10-K,2025-10-31,2025-12-17,108442000.0,CashAndCashEquivalentsAtCarryingValue,10-K,2025-10-31,2025-12-17,719175000.0,NetCashProvidedByUsedInOperatingActivities,10-K,2025-10-31,2025-12-17,58060000.0,PaymentsToAcquirePropertyPlantAndEquipment,10-K,2025-10-31,2025-12-17,59505000.0,InterestExpense,10-K,2023-10-31,2023-12-20,1251903000.0,CostOfGoodsAndServicesSold,10-K,2025-10-31,2025-12-17,516914000.0,PropertyPlantAndEquipmentNet,10-K,2025-10-31,2025-12-17,79264000.0,DepreciationDepletionAndAmortization,10-K,2025-10-31,2025-12-17,815514000.0,SellingGeneralAndAdministrativeExpense,10-K,2025-10-31,2025-12-17,1242851000.0,AssetsCurrent,10-K,2025-10-31,2025-12-17,758260000.0,LiabilitiesCurrent,10-K,2025-10-31,2025-12-17,587843000.0,ReceivablesNetCurrent,10-K,2025-10-31,2025-12-17,444814000.0,InventoryNet,10-K,2025-10-31,2025-12-17,121006000.0,AccountsPayableCurrent,10-K,2025-10-31,2025-12-17,1996254000.0,LongTermDebt,10-K,2025-10-31,2025-12-17,315000000.0,LongTermDebtCurrent,10-K,2025-10-31,2025-12-17,True,283.5299987792969,0.029969485747543656,-0.023547211978193427,0.22060769268540745,-0.049745542558374045
NEE,NextEra Energy,Utilities,Multi-Utilities,S&P 500,A / BBB+ bucket,A,demo_bucket_to_refresh,0000753308,True,14256000000.0,Revenues,10-K,2012-12-31,2013-02-28,6835000000.0,NetIncomeLoss,10-K,2025-12-31,2026-02-13,212721000000.0,Assets,10-K,2025-12-31,2026-02-13,146242000000.0,Liabilities,10-K,2025-12-31,2026-02-13,54608000000.0,StockholdersEquity,10-K,2025-12-31,2026-02-13,2812000000.0,CashAndCashEquivalentsAtCarryingValue,10-K,2025-12-31,2026-02-13,12485000000.0,NetCashProvidedByUsedInOperatingActivities,10-K,2025-12-31,2026-02-13,,,,,,,,,,,,,,,,156197000000.0,PropertyPlantAndEquipmentNet,10-K,2025-12-31,2026-02-13,6580000000.0,DepreciationAndAmortization,10-K,2025-12-31,2026-02-13,,,,,,13584000000.0,AssetsCurrent,10-K,2025-12-31,2026-02-13,22817000000.0,LiabilitiesCurrent,10-K,2025-12-31,2026-02-13,4018000000.0,AccountsReceivableNetCurrent,10-K,2025-12-31,2026-02-13,2420000000.0,InventoryNet,10-K,2025-12-31,2026-02-13,,,,,,89556000000.0,LongTermDebtNoncurrent,10-K,2025-12-31,2026-02-13,3500000000.0,LongTermDebtCurrent,10-K,2025-12-31,2026-02-13,True,93.0999984741211,-0.010416702145621182,0.047550441059077464,0.2520538313608398,-0.04883529743999826
NEM,Newmont,Materials,Gold,S&P 500,NR (to derive from financials),NR,default - no public rating available; derive from leverage/margin post-SEC pull,0001164727,True,22669000000.0,RevenueFromContractWithCustomerExcludingAssessedTax,10-K,2025-12-31,2026-02-19,7085000000.0,NetIncomeLoss,10-K,2025-12-31,2026-02-19,57121000000.0,Assets,10-K,2025-12-31,2026-02-19,23079000000.0,Liabilities,10-K,2025-12-31,2026-02-19,33867000000.0,StockholdersEquity,10-K,2025-12-31,2026-02-19,7647000000.0,CashAndCashEquivalentsAtCarryingValue,10-K,2025-12-31,2026-02-19,10334000000.0,NetCashProvidedByUsedInOperatingActivities,10-K,2025-12-31,2026-02-19,3035000000.0,PaymentsToAcquireProductiveAssets,10-K,2025-12-31,2026-02-19,249000000.0,InterestExpense,10-K,2012-12-31,2013-02-22,,,,,,33310000000.0,PropertyPlantAndEquipmentAndFinanceLeaseRightOfUseAssetAfterAccumulatedDepreciationAndAmortization,10-K,2025-12-31,2026-02-19,2521000000.0,DepreciationDepletionAndAmortization,10-K,2025-12-31,2026-02-19,382000000.0,GeneralAndAdministrativeExpense,10-K,2025-12-31,2026-02-19,13066000000.0,AssetsCurrent,10-K,2025-12-31,2026-02-19,5712000000.0,LiabilitiesCurrent,10-K,2025-12-31,2026-02-19,1067000000.0,AccountsReceivableNetCurrent,10-K,2025-12-31,2026-02-19,700000000.0,InventoryNet,10-K,2014-12-31,2015-02-20,816000000.0,AccountsPayableCurrent,10-K,2025-12-31,2026-02-19,5115000000.0,LongTermDebt,10-K,2025-12-31,2026-02-19,0.0,LongTermDebtCurrent,10-K,2025-12-31,2026-02-19,True,116.51000213623047,-0.03631099532044879,-0.0330010144776941,0.5179357365564798,-0.11522703913436949
NFLX,"Netflix, Inc.",Industrials,,Nasdaq 100; S&P 500,BBB / BB bucket,BBB,demo_bucket_to_refresh,0001065280,True,45183036000.0,Revenues,10-K,2025-12-31,2026-01-23,10981201000.0,NetIncomeLoss,10-K,2025-12-31,2026-01-23,55596993000.0,Assets,10-K,2025-12-31,2026-01-23,28981505000.0,Liabilities,10-K,2025-12-31,2026-01-23,26615488000.0,StockholdersEquity,10-K,2025-12-31,2026-01-23,9033681000.0,CashAndCashEquivalentsAtCarryingValue,10-K,2025-12-31,2026-01-23,10149273000.0,NetCashProvidedByUsedInOperatingActivities,10-K,2025-12-31,2026-01-23,688220000.0,PaymentsToAcquirePropertyPlantAndEquipment,10-K,2025-12-31,2026-01-23,699826000.0,InterestExpense,10-K,2023-12-31,2024-01-26,23275329000.0,CostOfRevenue,10-K,2025-12-31,2026-01-23,2004350000.0,PropertyPlantAndEquipmentNet,10-K,2025-12-31,2026-01-23,333389000.0,DepreciationDepletionAndAmortization,10-K,2025-12-31,2026-01-23,1888408000.0,GeneralAndAdministrativeExpense,10-K,2025-12-31,2026-01-23,13020191000.0,AssetsCurrent,10-K,2025-12-31,2026-01-23,10980930000.0,LiabilitiesCurrent,10-K,2025-12-31,2026-01-23,,,,,,,,,,,900612000.0,AccountsPayableCurrent,10-K,2025-12-31,2026-01-23,13463971000.0,LongTermDebtNoncurrent,10-K,2025-12-31,2026-01-23,998865000.0,ShortTermBorrowings,10-K,2025-12-31,2026-01-23,True,87.48999786376953,-0.15066502233380963,0.07389218795711283,0.4498707943312886,-0.24414688670609475
NI,NiSource,Utilities,Multi-Utilities,S&P 500,NR (to derive from financials),NR,default - no public rating available; derive from leverage/margin post-SEC pull,0001111711,True,6522800000.0,RevenueFromContractWithCustomerExcludingAssessedTax,10-K,2025-12-31,2026-02-11,929500000.0,NetIncomeLoss,10-K,2025-12-31,2026-02-11,35858700000.0,Assets,10-K,2025-12-31,2026-02-11,,,,,,9450100000.0,StockholdersEquity,10-K,2025-12-31,2026-02-11,110100000.0,CashAndCashEquivalentsAtCarryingValue,10-K,2025-12-31,2026-02-11,2362300000.0,NetCashProvidedByUsedInOperatingActivities,10-K,2025-12-31,2026-02-11,2782300000.0,PaymentsToAcquirePropertyPlantAndEquipment,10-K,2025-12-31,2026-02-11,489600000.0,InterestExpense,10-K,2023-12-31,2024-02-21,1534800000.0,CostOfRevenue,10-K,2019-12-31,2020-02-28,28688200000.0,PropertyPlantAndEquipmentNet,10-K,2025-12-31,2026-02-11,1167600000.0,DepreciationDepletionAndAmortization,10-K,2025-12-31,2026-02-11,,,,,,2377200000.0,AssetsCurrent,10-K,2025-12-31,2026-02-11,3457400000.0,LiabilitiesCurrent,10-K,2025-12-31,2026-02-11,1197500000.0,AccountsReceivableNetCurrent,10-K,2025-12-31,2026-02-11,,,,,,1124500000.0,AccountsPayableCurrent,10-K,2025-12-31,2026-02-11,6427700000.0,LongTermDebt,10-K,2015-12-31,2016-02-18,736000000.0,ShortTermBorrowings,10-K,2025-12-31,2026-02-11,True,46.720001220703125,-0.021587225909656116,0.05765428706294595,0.1865477300001477,-0.03231146640506333
NKE,Nike,Consumer Discretionary,,Dow; S&P 500,A bucket,A,demo_bucket_to_refresh,0000320187,True,46309000000.0,RevenueFromContractWithCustomerExcludingAssessedTax,10-K,2025-05-31,2025-07-17,3219000000.0,NetIncomeLoss,10-K,2025-05-31,2025-07-17,36579000000.0,Assets,10-K,2025-05-31,2025-07-17,,,,,,13213000000.0,StockholdersEquity,10-K,2025-05-31,2025-07-17,7464000000.0,CashAndCashEquivalentsAtCarryingValue,10-K,2025-05-31,2025-07-17,3698000000.0,NetCashProvidedByUsedInOperatingActivities,10-K,2025-05-31,2025-07-17,430000000.0,PaymentsToAcquirePropertyPlantAndEquipment,10-K,2025-05-31,2025-07-17,,,,,,26519000000.0,CostOfGoodsAndServicesSold,10-K,2025-05-31,2025-07-17,4828000000.0,PropertyPlantAndEquipmentNet,10-K,2025-05-31,2025-07-17,775000000.0,DepreciationDepletionAndAmortization,10-K,2025-05-31,2025-07-17,16088000000.0,SellingGeneralAndAdministrativeExpense,10-K,2025-05-31,2025-07-17,23362000000.0,AssetsCurrent,10-K,2025-05-31,2025-07-17,10566000000.0,LiabilitiesCurrent,10-K,2025-05-31,2025-07-17,4717000000.0,AccountsReceivableNetCurrent,10-K,2025-05-31,2025-07-17,7489000000.0,InventoryFinishedGoodsNetOfReserves,10-K,2025-05-31,2025-07-17,3479000000.0,AccountsPayableCurrent,10-K,2025-05-31,2025-07-17,7961000000.0,LongTermDebt,10-K,2025-05-31,2025-07-17,5000000.0,ShortTermBorrowings,10-K,2025-05-31,2025-07-17,True,44.13999938964844,0.035664019142584547,-0.28804709174510057,0.40500518285387577,-0.34445295389565733
NOC,Northrop Grumman,Aerospace & Defense,Aerospace & Defense,S&P 500,BBB+ / A- bucket,A-,demo_bucket_to_refresh,0001133421,True,41954000000.0,Revenues,10-K,2025-12-31,2026-01-27,4182000000.0,NetIncomeLoss,10-K,2025-12-31,2026-01-27,51377000000.0,Assets,10-K,2025-12-31,2026-01-27,34703000000.0,Liabilities,10-K,2025-12-31,2026-01-27,16674000000.0,StockholdersEquity,10-K,2025-12-31,2026-01-27,4403000000.0,CashAndCashEquivalentsAtCarryingValue,10-K,2025-12-31,2026-01-27,4757000000.0,NetCashProvidedByUsedInOperatingActivities,10-K,2025-12-31,2026-01-27,1450000000.0,PaymentsToAcquirePropertyPlantAndEquipment,10-K,2025-12-31,2026-01-27,665000000.0,InterestAndDebtExpense,10-K,2025-12-31,2026-01-27,12271000000.0,CostOfGoodsSold,10-K,2017-12-31,2018-01-29,10972000000.0,PropertyPlantAndEquipmentNet,10-K,2025-12-31,2026-01-27,1472000000.0,DepreciationDepletionAndAmortization,10-K,2025-12-31,2026-01-27,4033000000.0,GeneralAndAdministrativeExpense,10-K,2025-12-31,2026-01-27,15287000000.0,AssetsCurrent,10-K,2025-12-31,2026-01-27,13882000000.0,LiabilitiesCurrent,10-K,2025-12-31,2026-01-27,1375000000.0,AccountsReceivableNetCurrent,10-K,2025-12-31,2026-01-27,1309000000.0,InventoryNet,10-K,2025-12-31,2026-01-27,3240000000.0,AccountsPayableCurrent,10-K,2025-12-31,2026-01-27,15696000000.0,LongTermDebt,10-K,2025-12-31,2026-01-27,534000000.0,LongTermDebtCurrent,10-K,2025-12-31,2026-01-27,True,549.52001953125,-0.1843616352816606,-0.21022322313216601,0.29399730106290417,-0.28449779230150585
NOW,ServiceNow,Technology,Systems Software,S&P 500,A- shown,A-,screenshot,0001373715,True,13278000000.0,RevenueFromContractWithCustomerExcludingAssessedTax,10-K,2025-12-31,2026-01-29,1748000000.0,NetIncomeLoss,10-K,2025-12-31,2026-01-29,26038000000.0,Assets,10-K,2025-12-31,2026-01-29,13074000000.0,Liabilities,10-K,2025-12-31,2026-01-29,12964000000.0,StockholdersEquity,10-K,2025-12-31,2026-01-29,3726000000.0,CashAndCashEquivalentsAtCarryingValue,10-K,2025-12-31,2026-01-29,5444000000.0,NetCashProvidedByUsedInOperatingActivities,10-K,2025-12-31,2026-01-29,868000000.0,PaymentsToAcquirePropertyPlantAndEquipment,10-K,2025-12-31,2026-01-29,27000000.0,InterestExpense,10-K,2022-12-31,2023-01-31,2983000000.0,CostOfRevenue,10-K,2025-12-31,2026-01-29,2289000000.0,PropertyPlantAndEquipmentNet,10-K,2025-12-31,2026-01-29,738000000.0,DepreciationDepletionAndAmortization,10-K,2025-12-31,2026-01-29,1123000000.0,GeneralAndAdministrativeExpense,10-K,2025-12-31,2026-01-29,10471000000.0,AssetsCurrent,10-K,2025-12-31,2026-01-29,10443000000.0,LiabilitiesCurrent,10-K,2025-12-31,2026-01-29,2627000000.0,AccountsReceivableNetCurrent,10-K,2025-12-31,2026-01-29,,,,,,204000000.0,AccountsPayableCurrent,10-K,2025-12-31,2026-01-29,1484000000.0,LongTermDebtNoncurrent,10-Q,2021-09-30,2021-10-28,0.0,LongTermDebtCurrent,10-K,2022-12-31,2023-01-31,True,91.18000030517578,0.09855422054428642,-0.12217196597526647,0.6347042442788251,-0.47446080226976006
NRG,NRG Energy,Utilities,Independent Power Producers & Energy Traders,S&P 500,NR (to derive from financials),NR,default - no public rating available; derive from leverage/margin post-SEC pull,0001013871,True,30713000000.0,Revenues,10-K,2025-12-31,2026-02-24,864000000.0,NetIncomeLoss,10-K,2025-12-31,2026-02-24,29140000000.0,Assets,10-K,2025-12-31,2026-02-24,27459000000.0,Liabilities,10-K,2025-12-31,2026-02-24,1681000000.0,StockholdersEquityIncludingPortionAttributableToNoncontrollingInterest,10-K,2025-12-31,2026-02-24,4708000000.0,CashAndCashEquivalentsAtCarryingValue,10-K,2025-12-31,2026-02-24,1913000000.0,NetCashProvidedByUsedInOperatingActivities,10-K,2025-12-31,2026-02-24,1147000000.0,PaymentsToAcquirePropertyPlantAndEquipment,10-K,2025-12-31,2026-02-24,667000000.0,InterestExpense,10-K,2023-12-31,2024-02-28,6540000000.0,CostOfRevenue,10-K,2020-12-31,2021-03-01,3048000000.0,PropertyPlantAndEquipmentNet,10-K,2018-12-31,2019-02-28,1406000000.0,DepreciationDepletionAndAmortization,10-K,2025-12-31,2026-02-24,2602000000.0,SellingGeneralAndAdministrativeExpense,10-K,2025-12-31,2026-02-24,13147000000.0,AssetsCurrent,10-K,2025-12-31,2026-02-24,8029000000.0,LiabilitiesCurrent,10-K,2025-12-31,2026-02-24,4065000000.0,AccountsReceivableNetCurrent,10-K,2025-12-31,2026-02-24,461000000.0,InventoryNet,10-K,2025-12-31,2026-02-24,2834000000.0,AccountsPayableCurrent,10-K,2025-12-31,2026-02-24,10892000000.0,LongTermDebt,10-K,2024-12-31,2025-02-26,777000000.0,LongTermDebtCurrent,10-Q,2025-09-30,2025-11-06,True,138.11000061035156,-0.1556473225280195,-0.11037153228847851,0.49957336838637856,-0.2472262438862759
NSC,Norfolk Southern,Transportation,Rail Transportation,S&P 500,NR (to derive from financials),NR,default - no public rating available; derive from leverage/margin post-SEC pull,0000702165,True,12180000000.0,RevenueFromContractWithCustomerExcludingAssessedTax,10-K,2025-12-31,2026-02-09,2873000000.0,NetIncomeLoss,10-K,2025-12-31,2026-02-09,45236000000.0,Assets,10-K,2025-12-31,2026-02-09,29689000000.0,Liabilities,10-K,2025-12-31,2026-02-09,15547000000.0,StockholdersEquity,10-K,2025-12-31,2026-02-09,1530000000.0,CashAndCashEquivalentsAtCarryingValue,10-K,2025-12-31,2026-02-09,4361000000.0,NetCashProvidedByUsedInOperatingActivities,10-K,2025-12-31,2026-02-09,2204000000.0,PaymentsToAcquirePropertyPlantAndEquipment,10-K,2025-12-31,2026-02-09,807000000.0,InterestExpense,10-K,2024-12-31,2025-02-10,,,,,,36479000000.0,PropertyPlantAndEquipmentNet,10-K,2025-12-31,2026-02-09,1393000000.0,DepreciationDepletionAndAmortization,10-K,2025-12-31,2026-02-09,,,,,,3198000000.0,AssetsCurrent,10-K,2025-12-31,2026-02-09,3775000000.0,LiabilitiesCurrent,10-K,2025-12-31,2026-02-09,988000000.0,AccountsReceivableNetCurrent,10-K,2025-12-31,2026-02-09,,,,,,1863000000.0,AccountsPayableCurrent,10-K,2025-12-31,2026-02-09,9736000000.0,LongTermDebt,10-K,2017-12-31,2018-02-05,0.0,ShortTermBorrowings,10-K,2023-12-31,2024-02-05,True,312.010009765625,0.0576120346647071,0.024989776613362658,0.2305496143591104,-0.025137274372249885
NTAP,NetApp,Technology,"Technology Hardware, Storage & Peripherals",S&P 500,NR (to derive from financials),NR,default - no public rating available; derive from leverage/margin post-SEC pull,0001002047,True,6572000000.0,RevenueFromContractWithCustomerExcludingAssessedTax,10-K,2025-04-25,2025-06-09,1186000000.0,NetIncomeLoss,10-K,2025-04-25,2025-06-09,10823000000.0,Assets,10-K,2025-04-25,2025-06-09,9783000000.0,Liabilities,10-K,2025-04-25,2025-06-09,1040000000.0,StockholdersEquity,10-K,2025-04-25,2025-06-09,2742000000.0,CashAndCashEquivalentsAtCarryingValue,10-K,2025-04-25,2025-06-09,1506000000.0,NetCashProvidedByUsedInOperatingActivities,10-K,2025-04-25,2025-06-09,168000000.0,PaymentsToAcquirePropertyPlantAndEquipment,10-K,2025-04-25,2025-06-09,64000000.0,InterestExpense,10-K,2024-04-26,2024-06-10,1959000000.0,CostOfGoodsAndServicesSold,10-K,2025-04-25,2025-06-09,563000000.0,PropertyPlantAndEquipmentNet,10-K,2025-04-25,2025-06-09,196000000.0,DepreciationDepletionAndAmortization,10-K,2025-04-25,2025-06-09,311000000.0,GeneralAndAdministrativeExpense,10-K,2025-04-25,2025-06-09,5851000000.0,AssetsCurrent,10-K,2025-04-25,2025-06-09,4662000000.0,LiabilitiesCurrent,10-K,2025-04-25,2025-06-09,1246000000.0,AccountsReceivableNetCurrent,10-K,2025-04-25,2025-06-09,186000000.0,InventoryNet,10-K,2025-04-25,2025-06-09,511000000.0,AccountsPayableCurrent,10-K,2025-04-25,2025-06-09,3235000000.0,LongTermDebt,10-K,2025-04-25,2025-06-09,750000000.0,LongTermDebtCurrent,10-K,2025-04-25,2025-06-09,True,118.0,0.23006358411982064,0.1439468910878552,0.34402384332355934,-0.0017326798654982989
NTRS,Northern Trust,Financials,Asset Management & Custody Banks,S&P 500,NR (to derive from financials),NR,default - no public rating available; derive from leverage/margin post-SEC pull,0000073124,True,8086400000.0,Revenues,10-K,2025-12-31,2026-02-24,1736900000.0,NetIncomeLoss,10-K,2025-12-31,2026-02-24,177132700000.0,Assets,10-K,2025-12-31,2026-02-24,164174800000.0,Liabilities,10-K,2025-12-31,2026-02-24,12957900000.0,StockholdersEquity,10-K,2025-12-31,2026-02-24,5873100000.0,CashCashEquivalentsRestrictedCashAndRestrictedCashEquivalents,10-K,2025-12-31,2026-02-24,5533500000.0,NetCashProvidedByUsedInOperatingActivities,10-K,2025-12-31,2026-02-24,74000000.0,PaymentsToAcquirePropertyPlantAndEquipment,10-K,2025-12-31,2026-02-24,5343000000.0,InterestExpense,10-K,2023-12-31,2024-02-27,,,,,,464600000.0,PropertyPlantAndEquipmentNet,10-K,2025-12-31,2026-02-24,,,,,,,,,,,,,,,,,,,,,,,,,,,,,,,,,,,,1421600000.0,LongTermDebt,10-K,2012-12-31,2013-02-26,,,,,,True,160.41000366210938,0.05373453435031861,0.04204971742340091,0.3057845547570683,-0.06597182641586485
NUE,Nucor,Materials,Steel,S&P 500,NR (to derive from financials),NR,default - no public rating available; derive from leverage/margin post-SEC pull,0000073309,True,32494000000.0,RevenueFromContractWithCustomerExcludingAssessedTax,10-K,2025-12-31,2026-02-25,1744000000.0,NetIncomeLoss,10-K,2025-12-31,2026-02-25,35104000000.0,Assets,10-K,2025-12-31,2026-02-25,12980000000.0,Liabilities,10-K,2025-12-31,2026-02-25,20936000000.0,StockholdersEquity,10-K,2025-12-31,2026-02-25,2260000000.0,CashAndCashEquivalentsAtCarryingValue,10-K,2025-12-31,2026-02-25,3234000000.0,NetCashProvidedByUsedInOperatingActivities,10-K,2025-12-31,2026-02-25,3422000000.0,PaymentsToAcquirePropertyPlantAndEquipment,10-K,2025-12-31,2026-02-25,170000000.0,InterestExpense,10-K,2025-12-31,2026-02-25,28616000000.0,CostOfGoodsAndServicesSold,10-K,2025-12-31,2026-02-25,15306000000.0,PropertyPlantAndEquipmentNet,10-K,2025-12-31,2026-02-25,1226000000.0,Depreciation,10-K,2025-12-31,2026-02-25,1219000000.0,SellingGeneralAndAdministrativeExpense,10-K,2025-12-31,2026-02-25,11765000000.0,AssetsCurrent,10-K,2025-12-31,2026-02-25,4004000000.0,LiabilitiesCurrent,10-K,2025-12-31,2026-02-25,3105000000.0,AccountsReceivableNetCurrent,10-K,2025-12-31,2026-02-25,5462000000.0,InventoryNet,10-K,2025-12-31,2026-02-25,1890000000.0,AccountsPayableCurrent,10-K,2025-12-31,2026-02-25,4233276000.0,LongTermDebtNoncurrent,10-K,2018-12-31,2019-02-28,122000000.0,ShortTermBorrowings,10-K,2025-12-31,2026-02-25,True,227.5,0.22232971184400818,0.18228676011127076,0.2907411902334761,-0.028690979359917823
NVDA,Nvidia,Technology,,Dow; Nasdaq 100; S&P 500,A / AA bucket,AA,demo_bucket_to_refresh,0001045810,True,215938000000.0,Revenues,10-K,2026-01-25,2026-02-25,120067000000.0,NetIncomeLoss,10-K,2026-01-25,2026-02-25,206803000000.0,Assets,10-K,2026-01-25,2026-02-25,49510000000.0,Liabilities,10-K,2026-01-25,2026-02-25,157293000000.0,StockholdersEquity,10-K,2026-01-25,2026-02-25,10605000000.0,CashAndCashEquivalentsAtCarryingValue,10-K,2026-01-25,2026-02-25,102718000000.0,NetCashProvidedByUsedInOperatingActivities,10-K,2026-01-25,2026-02-25,6042000000.0,PaymentsToAcquireProductiveAssets,10-K,2026-01-25,2026-02-25,257000000.0,InterestExpense,10-K,2024-01-28,2024-02-21,62475000000.0,CostOfRevenue,10-K,2026-01-25,2026-02-25,10383000000.0,PropertyPlantAndEquipmentNet,10-K,2026-01-25,2026-02-25,2843000000.0,DepreciationDepletionAndAmortization,10-K,2026-01-25,2026-02-25,4579000000.0,SellingGeneralAndAdministrativeExpense,10-K,2026-01-25,2026-02-25,125605000000.0,AssetsCurrent,10-K,2026-01-25,2026-02-25,32163000000.0,LiabilitiesCurrent,10-K,2026-01-25,2026-02-25,38466000000.0,AccountsReceivableNetCurrent,10-K,2026-01-25,2026-02-25,21403000000.0,InventoryNet,10-K,2026-01-25,2026-02-25,9812000000.0,AccountsPayableCurrent,10-K,2026-01-25,2026-02-25,8468000000.0,LongTermDebt,10-K,2026-01-25,2026-02-25,999000000.0,LongTermDebtCurrent,10-K,2026-01-25,2026-02-25,True,215.1999969482422,0.14085771816597492,0.13245448954603134,0.3614667824512918,-0.006509411652907748
NVR,"NVR, Inc.",Consumer Discretionary,Homebuilding,S&P 500,NR (to derive from financials),NR,default - no public rating available; derive from leverage/margin post-SEC pull,0000906163,True,10323959000.0,Revenues,10-K,2025-12-31,2026-02-11,1339816000.0,NetIncomeLoss,10-K,2025-12-31,2026-02-11,5856930000.0,Assets,10-K,2025-12-31,2026-02-11,1992061000.0,Liabilities,10-K,2025-12-31,2026-02-11,3864869000.0,StockholdersEquity,10-K,2025-12-31,2026-02-11,1956881000.0,CashCashEquivalentsRestrictedCashAndRestrictedCashEquivalents,10-K,2025-12-31,2026-02-11,1121320000.0,NetCashProvidedByUsedInOperatingActivities,10-K,2025-12-31,2026-02-11,24508000.0,PaymentsToAcquirePropertyPlantAndEquipment,10-K,2025-12-31,2026-02-11,27783000.0,InterestExpense,10-K,2024-12-31,2025-02-12,,,,,,,,,,,24510000.0,DepreciationDepletionAndAmortization,10-K,2025-12-31,2026-02-11,,,,,,,,,,,,,,,,,,,,,,,,,,,,,,,600115000.0,LongTermDebt,10-K,2013-12-31,2014-02-20,,,,,,True,5974.06982421875,-0.11495786845014377,-0.24208572118129346,0.31978041479935554,-0.2622100312799098
NWS,News Corp (Class B),Communication Services,Publishing,S&P 500,NR (to derive from financials),NR,default - no public rating available; derive from leverage/margin post-SEC pull,0001564708,True,8452000000.0,Revenues,10-K,2025-06-30,2025-08-06,1180000000.0,NetIncomeLoss,10-K,2025-06-30,2025-08-06,15504000000.0,Assets,10-K,2025-06-30,2025-08-06,,,,,,8774000000.0,StockholdersEquity,10-K,2025-06-30,2025-08-06,2403000000.0,CashAndCashEquivalentsAtCarryingValue,10-K,2025-06-30,2025-08-06,978000000.0,NetCashProvidedByUsedInOperatingActivitiesContinuingOperations,10-K,2025-06-30,2025-08-06,407000000.0,PaymentsToAcquirePropertyPlantAndEquipment,10-K,2025-06-30,2025-08-06,,,,,,,,,,,1331000000.0,PropertyPlantAndEquipmentNet,10-K,2025-06-30,2025-08-06,459000000.0,DepreciationAndAmortization,10-K,2025-06-30,2025-08-06,3301000000.0,SellingGeneralAndAdministrativeExpense,10-K,2025-06-30,2025-08-06,4811000000.0,AssetsCurrent,10-K,2025-06-30,2025-08-06,2608000000.0,LiabilitiesCurrent,10-K,2025-06-30,2025-08-06,1562000000.0,AccountsReceivableNetCurrent,10-K,2025-06-30,2025-08-06,327000000.0,InventoryNet,10-K,2025-06-30,2025-08-06,335000000.0,AccountsPayableCurrent,10-K,2025-06-30,2025-08-06,1962000000.0,LongTermDebt,10-K,2025-06-30,2025-08-06,25000000.0,LongTermDebtCurrent,10-K,2025-06-30,2025-08-06,True,31.309999465942383,0.1079263698640538,0.19624852622859468,0.23726526504399092,0.0
NWSA,News Corp (Class A),Communication Services,Publishing,S&P 500,NR (to derive from financials),NR,default - no public rating available; derive from leverage/margin post-SEC pull,0001564708,True,8452000000.0,Revenues,10-K,2025-06-30,2025-08-06,1180000000.0,NetIncomeLoss,10-K,2025-06-30,2025-08-06,15504000000.0,Assets,10-K,2025-06-30,2025-08-06,,,,,,8774000000.0,StockholdersEquity,10-K,2025-06-30,2025-08-06,2403000000.0,CashAndCashEquivalentsAtCarryingValue,10-K,2025-06-30,2025-08-06,978000000.0,NetCashProvidedByUsedInOperatingActivitiesContinuingOperations,10-K,2025-06-30,2025-08-06,407000000.0,PaymentsToAcquirePropertyPlantAndEquipment,10-K,2025-06-30,2025-08-06,,,,,,,,,,,1331000000.0,PropertyPlantAndEquipmentNet,10-K,2025-06-30,2025-08-06,459000000.0,DepreciationAndAmortization,10-K,2025-06-30,2025-08-06,3301000000.0,SellingGeneralAndAdministrativeExpense,10-K,2025-06-30,2025-08-06,4811000000.0,AssetsCurrent,10-K,2025-06-30,2025-08-06,2608000000.0,LiabilitiesCurrent,10-K,2025-06-30,2025-08-06,1562000000.0,AccountsReceivableNetCurrent,10-K,2025-06-30,2025-08-06,327000000.0,InventoryNet,10-K,2025-06-30,2025-08-06,335000000.0,AccountsPayableCurrent,10-K,2025-06-30,2025-08-06,1962000000.0,LongTermDebt,10-K,2025-06-30,2025-08-06,25000000.0,LongTermDebtCurrent,10-K,2025-06-30,2025-08-06,True,27.020000457763672,0.10375820927385959,0.19317998146166482,0.23558543451338818,-0.0007396618745003636
NXPI,NXP Semiconductors,Industrials,,Nasdaq 100; S&P 500,NR (to derive from financials),NR,default - no public rating available; derive from leverage/margin post-SEC pull,0001413447,True,12269000000.0,RevenueFromContractWithCustomerExcludingAssessedTax,10-K,2025-12-31,2026-02-19,2021000000.0,NetIncomeLoss,10-K,2025-12-31,2026-02-19,26560000000.0,Assets,10-K,2025-12-31,2026-02-19,15839000000.0,Liabilities,10-Q,2026-03-29,2026-04-28,10056000000.0,StockholdersEquity,10-K,2025-12-31,2026-02-19,3267000000.0,CashAndCashEquivalentsAtCarryingValue,10-K,2025-12-31,2026-02-19,2820000000.0,NetCashProvidedByUsedInOperatingActivities,10-K,2025-12-31,2026-02-19,397000000.0,PaymentsToAcquirePropertyPlantAndEquipment,10-K,2025-12-31,2026-02-19,466000000.0,InterestExpense,10-K,2025-12-31,2026-02-19,5553000000.0,CostOfRevenue,10-K,2025-12-31,2026-02-19,2977000000.0,PropertyPlantAndEquipmentNet,10-K,2025-12-31,2026-02-19,832000000.0,DepreciationDepletionAndAmortization,10-K,2025-12-31,2026-02-19,1204000000.0,SellingGeneralAndAdministrativeExpense,10-K,2025-12-31,2026-02-19,7940000000.0,AssetsCurrent,10-K,2025-12-31,2026-02-19,3881000000.0,LiabilitiesCurrent,10-K,2025-12-31,2026-02-19,1055000000.0,AccountsReceivableNetCurrent,10-K,2025-12-31,2026-02-19,2577000000.0,InventoryNet,10-K,2025-12-31,2026-02-19,997000000.0,AccountsPayableCurrent,10-K,2025-12-31,2026-02-19,11040000000.0,LongTermDebt,10-K,2025-12-31,2026-02-19,1250000000.0,LongTermDebtCurrent,10-K,2025-12-31,2026-02-19,True,294.75,0.4422371534088838,0.2943063945251505,0.6312711726504855,-0.028990242618525897
O,Realty Income,Real Estate,Retail REITs,S&P 500,NR (to derive from financials),NR,default - no public rating available; derive from leverage/margin post-SEC pull,0000726728,True,5749377000.0,Revenues,10-K,2025-12-31,2026-02-25,1058590000.0,NetIncomeLoss,10-K,2025-12-31,2026-02-25,72795612000.0,Assets,10-K,2025-12-31,2026-02-25,32671644000.0,Liabilities,10-K,2025-12-31,2026-02-25,39438695000.0,StockholdersEquity,10-K,2025-12-31,2026-02-25,434842000.0,CashAndCashEquivalentsAtCarryingValue,10-K,2025-12-31,2026-02-25,3994754000.0,NetCashProvidedByUsedInOperatingActivities,10-K,2025-12-31,2026-02-25,,,,,,730423000.0,InterestExpense,10-K,2023-12-31,2024-02-21,,,,,,,,,,,2524200000.0,DepreciationDepletionAndAmortization,10-K,2025-12-31,2026-02-25,202554000.0,GeneralAndAdministrativeExpense,10-K,2025-12-31,2026-02-25,,,,,,,,,,,,,,,,,,,,,,,,,,3975000000.0,LongTermDebt,10-K,2016-12-31,2017-02-23,,,,,,True,61.91999816894531,-0.02452908551216837,-0.005906579584859517,0.1700195888293633,-0.07544264898018749
ODFL,Old Dominion Freight Line,Industrials,,Nasdaq 100; S&P 500,NR (to derive from financials),NR,default - no public rating available; derive from leverage/margin post-SEC pull,0000878927,True,3358112000.0,SalesRevenueServicesNet,10-K,2017-12-31,2018-02-27,1023703000.0,NetIncomeLoss,10-K,2025-12-31,2026-02-24,5470160000.0,Assets,10-K,2025-12-31,2026-02-24,1159103000.0,Liabilities,10-K,2025-12-31,2026-02-24,4311057000.0,StockholdersEquity,10-K,2025-12-31,2026-02-24,120091000.0,CashAndCashEquivalentsAtCarryingValue,10-K,2025-12-31,2026-02-24,1370133000.0,NetCashProvidedByUsedInOperatingActivities,10-K,2025-12-31,2026-02-24,415034000.0,PaymentsToAcquireProductiveAssets,10-K,2025-12-31,2026-02-24,296000.0,InterestAndDebtExpense,10-K,2025-12-31,2026-02-24,,,,,,4504204000.0,PropertyPlantAndEquipmentNet,10-K,2025-12-31,2026-02-24,364683000.0,DepreciationAndAmortization,10-K,2025-12-31,2026-02-24,,,,,,694833000.0,AssetsCurrent,10-K,2025-12-31,2026-02-24,483906000.0,LiabilitiesCurrent,10-K,2025-12-31,2026-02-24,471947000.0,AccountsReceivableNetCurrent,10-K,2025-12-31,2026-02-24,,,,,,62696000.0,AccountsPayableCurrent,10-K,2025-12-31,2026-02-24,45000000.0,LongTermDebt,10-K,2018-12-31,2019-02-27,20000000.0,LongTermDebtCurrent,10-K,2025-12-31,2026-02-24,True,198.3300018310547,-0.048092171725124144,0.012732558687664541,0.42983953147589987,-0.11625522034916802
OKE,Oneok,Energy,Oil & Gas Storage & Transportation,S&P 500,NR (to derive from financials),NR,default - no public rating available; derive from leverage/margin post-SEC pull,0001039684,True,33629000000.0,RevenueFromContractWithCustomerExcludingAssessedTax,10-K,2025-12-31,2026-02-24,3393000000.0,NetIncomeLoss,10-K,2025-12-31,2026-02-24,66641000000.0,Assets,10-K,2025-12-31,2026-02-24,,,,,,22485000000.0,StockholdersEquity,10-K,2025-12-31,2026-02-24,78000000.0,CashAndCashEquivalentsAtCarryingValue,10-K,2025-12-31,2026-02-24,5599000000.0,NetCashProvidedByUsedInOperatingActivities,10-K,2025-12-31,2026-02-24,3152000000.0,PaymentsToAcquirePropertyPlantAndEquipment,10-K,2025-12-31,2026-02-24,866000000.0,InterestExpense,10-K,2023-12-31,2024-02-27,23373000000.0,CostOfRevenue,10-K,2025-12-31,2026-02-24,47861000000.0,PropertyPlantAndEquipmentNet,10-K,2025-12-31,2026-02-24,1514000000.0,DepreciationDepletionAndAmortization,10-K,2025-12-31,2026-02-24,,,,,,4488000000.0,AssetsCurrent,10-K,2025-12-31,2026-02-24,6365000000.0,LiabilitiesCurrent,10-K,2025-12-31,2026-02-24,3010000000.0,ReceivablesNetCurrent,10-K,2025-12-31,2026-02-24,948000000.0,InventoryNet,10-K,2025-12-31,2026-02-24,2838000000.0,AccountsPayableCurrent,10-K,2025-12-31,2026-02-24,30755000000.0,LongTermDebtNoncurrent,10-K,2025-12-31,2026-02-24,820000000.0,ShortTermBorrowings,10-K,2025-12-31,2026-02-24,True,85.16000366210938,-0.0003420231452677669,0.03669577446396577,0.28402183763614497,-0.08279569980829427
OMC,Omnicom Group,Communication Services,Advertising,S&P 500,NR (to derive from financials),NR,default - no public rating available; derive from leverage/margin post-SEC pull,0000029989,True,17271900000.0,Revenues,10-K,2025-12-31,2026-02-20,-54500000.0,NetIncomeLoss,10-K,2025-12-31,2026-02-20,54415300000.0,Assets,10-K,2025-12-31,2026-02-20,,,,,,12045800000.0,StockholdersEquity,10-K,2025-12-31,2026-02-20,6881100000.0,CashCashEquivalentsRestrictedCashAndRestrictedCashEquivalents,10-K,2025-12-31,2026-02-20,2938200000.0,NetCashProvidedByUsedInOperatingActivities,10-K,2025-12-31,2026-02-20,149800000.0,PaymentsToAcquirePropertyPlantAndEquipment,10-K,2025-12-31,2026-02-20,263400000.0,InterestExpense,10-K,2025-12-31,2026-02-20,15804800000.0,CostOfGoodsAndServicesSold,10-K,2025-12-31,2026-02-20,1010300000.0,PropertyPlantAndEquipmentAndFinanceLeaseRightOfUseAssetAfterAccumulatedDepreciationAndAmortization,10-K,2025-12-31,2026-02-20,276700000.0,DepreciationAndAmortization,10-K,2025-12-31,2026-02-20,745700000.0,SellingGeneralAndAdministrativeExpense,10-K,2025-12-31,2026-02-20,27465400000.0,AssetsCurrent,10-K,2025-12-31,2026-02-20,29538200000.0,LiabilitiesCurrent,10-K,2025-12-31,2026-02-20,14398000000.0,AccountsReceivableNetCurrent,10-K,2025-12-31,2026-02-20,,,,,,20659500000.0,AccountsPayableCurrent,10-K,2025-12-31,2026-02-20,9272900000.0,LongTermDebt,10-K,2025-12-31,2026-02-20,62000000.0,ShortTermBorrowings,10-K,2025-12-31,2026-02-20,True,77.05999755859375,0.030627270540872775,0.10005464110097728,0.406523989129655,-0.09290365885430818
ON,ON Semiconductor,Technology,Semiconductors,S&P 500,NR (to derive from financials),NR,default - no public rating available; derive from leverage/margin post-SEC pull,0001097864,True,5995400000.0,RevenueFromContractWithCustomerExcludingAssessedTax,10-K,2025-12-31,2026-02-09,121000000.0,NetIncomeLoss,10-K,2025-12-31,2026-02-09,12524100000.0,Assets,10-K,2025-12-31,2026-02-09,4832200000.0,Liabilities,10-K,2025-12-31,2026-02-09,7673300000.0,StockholdersEquity,10-K,2025-12-31,2026-02-09,2147600000.0,CashAndCashEquivalentsAtCarryingValue,10-K,2025-12-31,2026-02-09,1759800000.0,NetCashProvidedByUsedInOperatingActivities,10-K,2025-12-31,2026-02-09,341200000.0,PaymentsToAcquirePropertyPlantAndEquipment,10-K,2025-12-31,2026-02-09,74800000.0,InterestExpense,10-K,2023-12-31,2024-02-05,4011500000.0,CostOfRevenue,10-K,2025-12-31,2026-02-09,3369000000.0,PropertyPlantAndEquipmentNet,10-K,2025-12-31,2026-02-09,686000000.0,DepreciationDepletionAndAmortization,10-K,2025-12-31,2026-02-09,348900000.0,GeneralAndAdministrativeExpense,10-K,2025-12-31,2026-02-09,5823100000.0,AssetsCurrent,10-K,2025-12-31,2026-02-09,1287700000.0,LiabilitiesCurrent,10-K,2025-12-31,2026-02-09,908000000.0,ReceivablesNetCurrent,10-K,2025-12-31,2026-02-09,1989600000.0,InventoryNet,10-K,2025-12-31,2026-02-09,572300000.0,AccountsPayableCurrent,10-K,2025-12-31,2026-02-09,2980500000.0,LongTermDebt,10-K,2025-12-31,2026-02-09,0.0,LongTermDebtCurrent,10-K,2024-12-31,2025-02-10,True,103.19999694824219,0.503277416670399,0.5852534464999537,0.5588055457877379,-0.02429800299131135
ORCL,Oracle Corporation,Technology,Application Software,S&P 500,A shown,A,screenshot,0001341439,True,57399000000.0,Revenues,10-K,2025-05-31,2025-06-18,12443000000.0,NetIncomeLoss,10-K,2025-05-31,2025-06-18,168361000000.0,Assets,10-K,2025-05-31,2025-06-18,,,,,,20451000000.0,StockholdersEquity,10-K,2025-05-31,2025-06-18,10786000000.0,CashAndCashEquivalentsAtCarryingValue,10-K,2025-05-31,2025-06-18,20821000000.0,NetCashProvidedByUsedInOperatingActivities,10-K,2025-05-31,2025-06-18,21215000000.0,PaymentsToAcquirePropertyPlantAndEquipment,10-K,2025-05-31,2025-06-18,3578000000.0,InterestExpense,10-K,2025-05-31,2025-06-18,2888000000.0,CostOfServices,10-K,2018-05-31,2018-06-22,43522000000.0,PropertyPlantAndEquipmentNet,10-K,2025-05-31,2025-06-18,3867000000.0,Depreciation,10-K,2025-05-31,2025-06-18,1602000000.0,GeneralAndAdministrativeExpense,10-K,2025-05-31,2025-06-18,24579000000.0,AssetsCurrent,10-K,2025-05-31,2025-06-18,32643000000.0,LiabilitiesCurrent,10-K,2025-05-31,2025-06-18,8558000000.0,AccountsReceivableNetCurrent,10-K,2025-05-31,2025-06-18,303000000.0,InventoryNet,10-K,2025-05-31,2025-06-18,5113000000.0,AccountsPayableCurrent,10-K,2025-05-31,2025-06-18,0.0,LongTermDebt,10-K,2022-05-31,2022-06-21,,,,,,True,195.9499969482422,0.41900211561143563,0.2557275096770031,0.5754390990941181,-0.19132837462959118
ORLY,O'Reilly Automotive,Industrials,,Nasdaq 100; S&P 500,NR (to derive from financials),NR,default - no public rating available; derive from leverage/margin post-SEC pull,0000898173,True,17781992000.0,RevenueFromContractWithCustomerExcludingAssessedTax,10-K,2025-12-31,2026-02-27,2538209000.0,NetIncomeLoss,10-K,2025-12-31,2026-02-27,16538253000.0,Assets,10-K,2025-12-31,2026-02-27,,,,,,-763352000.0,StockholdersEquity,10-K,2025-12-31,2026-02-27,193793000.0,CashAndCashEquivalentsAtCarryingValue,10-K,2025-12-31,2026-02-27,2761993000.0,NetCashProvidedByUsedInOperatingActivities,10-K,2025-12-31,2026-02-27,1168815000.0,PaymentsToAcquirePropertyPlantAndEquipment,10-K,2025-12-31,2026-02-27,,,,,,8607851000.0,CostOfGoodsAndServicesSold,10-K,2025-12-31,2026-02-27,6257425000.0,PropertyPlantAndEquipmentNet,10-K,2025-12-31,2026-02-27,511230000.0,DepreciationDepletionAndAmortization,10-K,2025-12-31,2026-02-27,5713529000.0,SellingGeneralAndAdministrativeExpense,10-K,2025-12-31,2026-02-27,6744277000.0,AssetsCurrent,10-K,2025-12-31,2026-02-27,8775821000.0,LiabilitiesCurrent,10-K,2025-12-31,2026-02-27,389793000.0,AccountsReceivableNetCurrent,10-K,2025-12-31,2026-02-27,5731385000.0,InventoryNet,10-K,2025-12-31,2026-02-27,7103684000.0,AccountsPayableCurrent,10-K,2025-12-31,2026-02-27,6016904000.0,LongTermDebtNoncurrent,10-K,2025-12-31,2026-02-27,25000.0,LongTermDebtCurrent,10-K,2014-12-31,2015-02-27,True,92.95999908447266,-0.0005376094033905376,0.0025884152352226852,0.2855870189261692,-0.08593901795510916
OTIS,Otis Worldwide,Industrials,Industrial Machinery & Supplies & Components,S&P 500,NR (to derive from financials),NR,default - no public rating available; derive from leverage/margin post-SEC pull,0001781335,True,14431000000.0,RevenueFromContractWithCustomerExcludingAssessedTax,10-K,2025-12-31,2026-02-05,1384000000.0,NetIncomeLoss,10-K,2025-12-31,2026-02-05,10653000000.0,Assets,10-K,2025-12-31,2026-02-05,15924000000.0,Liabilities,10-K,2025-12-31,2026-02-05,-5392000000.0,StockholdersEquity,10-K,2025-12-31,2026-02-05,1096000000.0,CashAndCashEquivalentsAtCarryingValue,10-K,2025-12-31,2026-02-05,1596000000.0,NetCashProvidedByUsedInOperatingActivities,10-K,2025-12-31,2026-02-05,152000000.0,PaymentsToAcquireProductiveAssets,10-K,2025-12-31,2026-02-05,5000000.0,InterestExpense,10-Q,2020-03-31,2020-05-08,,,,,,743000000.0,PropertyPlantAndEquipmentNet,10-K,2025-12-31,2026-02-05,113000000.0,Depreciation,10-K,2025-12-31,2026-02-05,1979000000.0,SellingGeneralAndAdministrativeExpense,10-K,2025-12-31,2026-02-05,6501000000.0,AssetsCurrent,10-K,2025-12-31,2026-02-05,7656000000.0,LiabilitiesCurrent,10-K,2025-12-31,2026-02-05,3688000000.0,AccountsReceivableNetCurrent,10-K,2025-12-31,2026-02-05,613000000.0,InventoryNet,10-K,2025-12-31,2026-02-05,2142000000.0,AccountsPayableCurrent,10-K,2025-12-31,2026-02-05,7741000000.0,LongTermDebt,10-K,2025-12-31,2026-02-05,215000000.0,ShortTermBorrowings,10-K,2025-12-31,2026-02-05,True,74.81999969482422,-0.06416507128498095,-0.15829707797084402,0.26288408412250236,-0.20081181905801837
OXY,Occidental Petroleum,Energy,Oil & Gas Exploration & Production,S&P 500,BBB / BB bucket,BBB,demo_bucket_to_refresh,0000797468,True,21593000000.0,Revenues,10-K,2025-12-31,2026-02-18,2369000000.0,ProfitLoss,10-K,2025-12-31,2026-02-18,84186000000.0,Assets,10-K,2025-12-31,2026-02-18,,,,,,36034000000.0,StockholdersEquity,10-K,2025-12-31,2026-02-18,1968000000.0,CashAndCashEquivalentsAtCarryingValue,10-K,2025-12-31,2026-02-18,10532000000.0,NetCashProvidedByUsedInOperatingActivities,10-K,2025-12-31,2026-02-18,6427000000.0,PaymentsToAcquirePropertyPlantAndEquipment,10-K,2025-12-31,2026-02-18,1079000000.0,InterestAndDebtExpense,10-K,2025-12-31,2026-02-18,3121000000.0,CostOfGoodsAndServicesSold,10-K,2024-12-31,2025-02-18,63643000000.0,PropertyPlantAndEquipmentAndFinanceLeaseRightOfUseAssetAfterAccumulatedDepreciationAndAmortization,10-K,2025-12-31,2026-02-18,7533000000.0,DepreciationDepletionAndAmortization,10-K,2025-12-31,2026-02-18,986000000.0,SellingGeneralAndAdministrativeExpense,10-K,2025-12-31,2026-02-18,8827000000.0,AssetsCurrent,10-K,2025-12-31,2026-02-18,9428000000.0,LiabilitiesCurrent,10-K,2025-12-31,2026-02-18,2575000000.0,AccountsReceivableNetCurrent,10-K,2025-12-31,2026-02-18,1823000000.0,InventoryNet,10-K,2025-12-31,2026-02-18,3285000000.0,AccountsPayableCurrent,10-K,2025-12-31,2026-02-18,21397000000.0,LongTermDebt,10-K,2025-12-31,2026-02-18,440000000.0,LongTermDebtCurrent,10-K,2020-12-31,2021-02-26,True,53.029998779296875,-0.08521653160914544,0.1419157328950602,0.4303895939283691,-0.19942632111251868
PANW,Palo Alto Networks,Industrials,,Nasdaq 100; S&P 500,NR (to derive from financials),NR,default - no public rating available; derive from leverage/margin post-SEC pull,0001327567,True,9221500000.0,RevenueFromContractWithCustomerExcludingAssessedTax,10-K,2025-07-31,2025-08-29,1133900000.0,NetIncomeLoss,10-K,2025-07-31,2025-08-29,23576200000.0,Assets,10-K,2025-07-31,2025-08-29,15751800000.0,Liabilities,10-K,2025-07-31,2025-08-29,7824400000.0,StockholdersEquity,10-K,2025-07-31,2025-08-29,2268600000.0,CashAndCashEquivalentsAtCarryingValue,10-K,2025-07-31,2025-08-29,3716000000.0,NetCashProvidedByUsedInOperatingActivities,10-K,2025-07-31,2025-08-29,246200000.0,PaymentsToAcquireProductiveAssets,10-K,2025-07-31,2025-08-29,8300000.0,InterestExpense,10-K,2024-07-31,2024-09-06,2451600000.0,CostOfGoodsAndServicesSold,10-K,2025-07-31,2025-08-29,387300000.0,PropertyPlantAndEquipmentNet,10-K,2025-07-31,2025-08-29,343400000.0,DepreciationDepletionAndAmortization,10-K,2025-07-31,2025-08-29,442700000.0,GeneralAndAdministrativeExpense,10-K,2025-07-31,2025-08-29,7522800000.0,AssetsCurrent,10-K,2025-07-31,2025-08-29,7988000000.0,LiabilitiesCurrent,10-K,2025-07-31,2025-08-29,2965000000.0,AccountsReceivableNetCurrent,10-K,2025-07-31,2025-08-29,113400000.0,InventoryNet,10-K,2025-07-31,2025-08-29,232200000.0,AccountsPayableCurrent,10-K,2025-07-31,2025-08-29,1991500000.0,LongTermDebt,10-K,2023-07-31,2023-09-01,,,,,,True,207.8800048828125,0.3348745301869376,0.2522891860410392,0.4575717532263447,-0.047601590627536994
PAYX,Paychex,Industrials,,Nasdaq 100; S&P 500,NR (to derive from financials),NR,default - no public rating available; derive from leverage/margin post-SEC pull,0000723531,True,5571700000.0,Revenues,10-K,2025-05-31,2025-07-11,1657300000.0,ProfitLoss,10-K,2025-05-31,2025-07-11,16564100000.0,Assets,10-K,2025-05-31,2025-07-11,12436100000.0,Liabilities,10-K,2025-05-31,2025-07-11,4128000000.0,StockholdersEquity,10-K,2025-05-31,2025-07-11,1628600000.0,CashAndCashEquivalentsAtCarryingValue,10-K,2025-05-31,2025-07-11,1900900000.0,NetCashProvidedByUsedInOperatingActivities,10-K,2025-05-31,2025-07-11,191800000.0,PaymentsToAcquirePropertyPlantAndEquipment,10-K,2025-05-31,2025-07-11,37300000.0,InterestExpense,10-K,2024-05-31,2024-07-11,1540400000.0,CostOfRevenue,10-K,2025-05-31,2025-07-11,511500000.0,PropertyPlantAndEquipmentNet,10-K,2025-05-31,2025-07-11,209500000.0,DepreciationDepletionAndAmortization,10-K,2025-05-31,2025-07-11,1823600000.0,SellingGeneralAndAdministrativeExpense,10-K,2025-05-31,2025-07-11,8916500000.0,AssetsCurrent,10-K,2025-05-31,2025-07-11,6956300000.0,LiabilitiesCurrent,10-K,2025-05-31,2025-07-11,1330500000.0,AccountsNotesAndLoansReceivableNetCurrent,10-K,2025-05-31,2025-07-11,,,,,,129800000.0,AccountsPayableCurrent,10-K,2025-05-31,2025-07-11,4948200000.0,LongTermDebt,10-K,2025-05-31,2025-07-11,18600000.0,ShortTermBorrowings,10-K,2025-05-31,2025-07-11,True,93.93000030517578,0.09769779876319462,-0.04240999274161361,0.31174725843247525,-0.1867459919394563
PCAR,Paccar,Industrials,,Nasdaq 100; S&P 500,NR (to derive from financials),NR,default - no public rating available; derive from leverage/margin post-SEC pull,0000075362,True,28444800000.0,Revenues,10-K,2025-12-31,2026-02-18,2375800000.0,NetIncomeLoss,10-K,2025-12-31,2026-02-18,44336200000.0,Assets,10-K,2025-12-31,2026-02-18,,,,,,19264000000.0,StockholdersEquity,10-K,2025-12-31,2026-02-18,3435900000.0,CashAndCashEquivalentsAtCarryingValue,10-K,2018-12-31,2019-02-21,4415800000.0,NetCashProvidedByUsedInOperatingActivities,10-K,2025-12-31,2026-02-18,743000000.0,PaymentsToAcquirePropertyPlantAndEquipment,10-K,2025-12-31,2026-02-18,,,,,,22736700000.0,CostOfGoodsAndServicesSold,10-K,2025-12-31,2026-02-18,4505300000.0,PropertyPlantAndEquipmentNet,10-K,2025-12-31,2026-02-18,398200000.0,DepreciationDepletionAndAmortization,10-K,2025-12-31,2026-02-18,735800000.0,SellingGeneralAndAdministrativeExpense,10-K,2025-12-31,2026-02-18,,,,,,,,,,,,,,,,1976000000.0,InventoryNet,10-Q,2021-12-31,2022-10-28,,,,,,,,,,,,,,,,True,114.30999755859375,-0.10126585923092535,-0.09942143685980054,0.28674761729990805,-0.11716094122266651
PCG,PG&E Corporation,Utilities,Multi-Utilities,S&P 500,BB / B bucket,BB,demo_bucket_to_refresh,0001004980,True,24935000000.0,Revenues,10-K,2025-12-31,2026-02-12,2703000000.0,ProfitLoss,10-K,2025-12-31,2026-02-12,141611000000.0,Assets,10-K,2025-12-31,2026-02-12,,,,,,32540000000.0,StockholdersEquity,10-K,2025-12-31,2026-02-12,713000000.0,CashAndCashEquivalentsAtCarryingValue,10-K,2025-12-31,2026-02-12,8716000000.0,NetCashProvidedByUsedInOperatingActivities,10-K,2025-12-31,2026-02-12,11787000000.0,PaymentsToAcquirePropertyPlantAndEquipment,10-K,2025-12-31,2026-02-12,2850000000.0,InterestExpense,10-K,2023-12-31,2024-02-22,,,,,,96348000000.0,PropertyPlantAndEquipmentAndFinanceLeaseRightOfUseAssetAfterAccumulatedDepreciationAndAmortization,10-K,2025-12-31,2026-02-12,,,,,,,,,,,15830000000.0,AssetsCurrent,10-K,2025-12-31,2026-02-12,16300000000.0,LiabilitiesCurrent,10-K,2025-12-31,2026-02-12,2267000000.0,AccountsReceivableNetCurrent,10-K,2025-12-31,2026-02-12,75000000.0,InventoryNet,10-K,2025-12-31,2026-02-12,1975000000.0,AccountsPayableCurrent,10-K,2018-12-31,2019-02-28,57387000000.0,LongTermDebt,10-K,2025-12-31,2026-02-12,2675000000.0,ShortTermBorrowings,10-K,2025-12-31,2026-02-12,True,16.06999969482422,-0.13322551773093427,-0.014305905443043665,0.24596075510717957,-0.15666676843016125
PDD,PDD Holdings,Industrials,,Nasdaq 100,NR (to derive from financials),NR,default - no public rating available; derive from leverage/margin post-SEC pull,0001737806,True,61753116000.0,RevenueFromContractWithCustomerExcludingAssessedTax,20-F,2025-12-31,2026-04-29,13991297000.0,NetIncomeLoss,20-F,2025-12-31,2026-04-29,90095139000.0,Assets,20-F,2025-12-31,2026-04-29,30981848000.0,Liabilities,20-F,2025-12-31,2026-04-29,59113291000.0,StockholdersEquity,20-F,2025-12-31,2026-04-29,15572577000.0,CashAndCashEquivalentsAtCarryingValue,20-F,2025-12-31,2026-04-29,15292029000.0,NetCashProvidedByUsedInOperatingActivities,20-F,2025-12-31,2026-04-29,6597000.0,PaymentsToAcquirePropertyPlantAndEquipment,20-F,2020-12-31,2021-04-30,6195000.0,InterestExpense,20-F,2023-12-31,2024-04-25,26998292000.0,CostOfRevenue,20-F,2025-12-31,2026-04-29,186762000.0,PropertyPlantAndEquipmentNet,20-F,2025-12-31,2026-04-29,86011000.0,DepreciationAndAmortization,20-F,2025-12-31,2026-04-29,1166540000.0,GeneralAndAdministrativeExpense,20-F,2025-12-31,2026-04-29,74213136000.0,AssetsCurrent,20-F,2025-12-31,2026-04-29,30564007000.0,LiabilitiesCurrent,20-F,2025-12-31,2026-04-29,,,,,,2228000.0,InventoryNet,20-F,2021-12-31,2022-04-25,4670742000.0,AccountsPayableCurrent,20-F,2025-12-31,2026-04-29,,,,,,,,,,,True,98.77999877929688,-0.013876404263321263,-0.06431752330354734,0.31725224398338353,-0.2848765996707203
PEG,Public Service Enterprise Group,Utilities,Electric Utilities,S&P 500,NR (to derive from financials),NR,default - no public rating available; derive from leverage/margin post-SEC pull,0000788784,True,12168000000.0,Revenues,10-K,2025-12-31,2026-02-26,2111000000.0,NetIncomeLoss,10-K,2025-12-31,2026-02-26,57576000000.0,Assets,10-K,2025-12-31,2026-02-26,,,,,,16982000000.0,StockholdersEquityIncludingPortionAttributableToNoncontrollingInterest,10-K,2025-12-31,2026-02-26,132000000.0,CashAndCashEquivalentsAtCarryingValue,10-K,2025-12-31,2026-02-26,3298000000.0,NetCashProvidedByUsedInOperatingActivities,10-K,2025-12-31,2026-02-26,3272000000.0,PaymentsToAcquirePropertyPlantAndEquipment,10-K,2025-12-31,2026-02-26,1005000000.0,InterestExpense,10-K,2025-12-31,2026-02-26,3056000000.0,CostOfGoodsAndServicesSold,10-K,2020-12-31,2021-03-01,15440000000.0,PropertyPlantAndEquipmentNet,10-K,2009-12-31,2010-02-25,1158000000.0,DepreciationDepletionAndAmortization,10-K,2018-12-31,2019-02-28,1925000000.0,SellingGeneralAndAdministrativeExpense,10-Q,2009-09-30,2009-10-30,4596000000.0,AssetsCurrent,10-K,2025-12-31,2026-02-26,5740000000.0,LiabilitiesCurrent,10-K,2025-12-31,2026-02-26,1888000000.0,AccountsReceivableNetCurrent,10-K,2025-12-31,2026-02-26,360000000.0,InventoryNet,10-Q,2009-09-30,2009-10-30,1489000000.0,AccountsPayableCurrent,10-K,2025-12-31,2026-02-26,22545000000.0,LongTermDebt,10-K,2025-12-31,2026-02-26,875000000.0,LongTermDebtCurrent,10-K,2025-12-31,2026-02-26,True,77.12999725341797,-0.07217611209235675,-0.042253610525981755,0.20876069634369548,-0.1058096378591934
PEP,PepsiCo,Industrials,,Nasdaq 100; S&P 500,A+ / AA bucket,AA,demo_bucket_to_refresh,0000077476,True,93925000000.0,Revenues,10-K,2025-12-27,2026-02-03,8240000000.0,NetIncomeLoss,10-K,2025-12-27,2026-02-03,107399000000.0,Assets,10-K,2025-12-27,2026-02-03,86852000000.0,Liabilities,10-K,2025-12-27,2026-02-03,20406000000.0,StockholdersEquity,10-K,2025-12-27,2026-02-03,9159000000.0,CashAndCashEquivalentsAtCarryingValue,10-K,2025-12-27,2026-02-03,12087000000.0,NetCashProvidedByUsedInOperatingActivities,10-K,2025-12-27,2026-02-03,4415000000.0,PaymentsToAcquireProductiveAssets,10-K,2025-12-27,2026-02-03,1121000000.0,InterestExpense,10-K,2025-12-27,2026-02-03,43066000000.0,CostOfGoodsAndServicesSold,10-K,2025-12-27,2026-02-03,29905000000.0,PropertyPlantAndEquipmentNet,10-K,2025-12-27,2026-02-03,3451000000.0,DepreciationDepletionAndAmortization,10-K,2025-12-27,2026-02-03,37368000000.0,SellingGeneralAndAdministrativeExpense,10-K,2025-12-27,2026-02-03,27949000000.0,AssetsCurrent,10-K,2025-12-27,2026-02-03,32764000000.0,LiabilitiesCurrent,10-K,2025-12-27,2026-02-03,11506000000.0,AccountsNotesAndLoansReceivableNetCurrent,10-K,2025-12-27,2026-02-03,5845000000.0,InventoryNet,10-K,2025-12-27,2026-02-03,11704000000.0,AccountsPayableCurrent,10-K,2025-12-27,2026-02-03,46351000000.0,LongTermDebt,10-K,2025-12-27,2026-02-03,2200000000.0,LongTermDebtCurrent,10-K,2014-12-27,2015-02-12,True,154.6199951171875,-0.015535479939734254,-0.06288589509165299,0.19109464455970618,-0.08498221195861333
PFE,Pfizer,Healthcare,Pharmaceuticals,S&P 500,A bucket,A,demo_bucket_to_refresh,0000078003,True,62579000000.0,Revenues,10-K,2025-12-31,2026-02-26,7771000000.0,NetIncomeLoss,10-K,2025-12-31,2026-02-26,208160000000.0,Assets,10-K,2025-12-31,2026-02-26,121385000000.0,Liabilities,10-K,2025-12-31,2026-02-26,86476000000.0,StockholdersEquity,10-K,2025-12-31,2026-02-26,1142000000.0,CashAndCashEquivalentsAtCarryingValue,10-K,2025-12-31,2026-02-26,11704000000.0,NetCashProvidedByUsedInOperatingActivities,10-K,2025-12-31,2026-02-26,2629000000.0,PaymentsToAcquirePropertyPlantAndEquipment,10-K,2025-12-31,2026-02-26,2671000000.0,InterestExpense,10-K,2025-12-31,2026-02-26,16067000000.0,CostOfGoodsAndServicesSold,10-K,2025-12-31,2026-02-26,19317000000.0,PropertyPlantAndEquipmentNet,10-K,2025-12-31,2026-02-26,6592000000.0,DepreciationDepletionAndAmortization,10-K,2025-12-31,2026-02-26,13794000000.0,SellingGeneralAndAdministrativeExpense,10-K,2025-12-31,2026-02-26,42898000000.0,AssetsCurrent,10-K,2025-12-31,2026-02-26,36984000000.0,LiabilitiesCurrent,10-K,2025-12-31,2026-02-26,11874000000.0,AccountsReceivableNetCurrent,10-K,2025-12-31,2026-02-26,10654000000.0,InventoryNet,10-K,2025-12-31,2026-02-26,5240000000.0,AccountsPayableCurrent,10-K,2025-12-31,2026-02-26,61641000000.0,LongTermDebtNoncurrent,10-K,2025-12-31,2026-02-26,2997000000.0,LongTermDebtCurrent,10-K,2025-12-31,2026-02-26,True,25.68000030517578,-0.030316011726048697,-0.03497618532747249,0.2024284274221984,-0.08567794023831277
PFG,Principal Financial Group,Financials,Life & Health Insurance,S&P 500,NR (to derive from financials),NR,default - no public rating available; derive from leverage/margin post-SEC pull,0001126328,True,15625500000.0,Revenues,10-K,2025-12-31,2026-02-18,1185100000.0,NetIncomeLoss,10-K,2025-12-31,2026-02-18,341376500000.0,Assets,10-K,2025-12-31,2026-02-18,328985200000.0,Liabilities,10-K,2025-12-31,2026-02-18,11883900000.0,StockholdersEquity,10-K,2025-12-31,2026-02-18,4431000000.0,CashAndCashEquivalentsAtCarryingValue,10-K,2025-12-31,2026-02-18,4536700000.0,NetCashProvidedByUsedInOperatingActivities,10-K,2025-12-31,2026-02-18,,,,,,,,,,,,,,,,701400000.0,PropertyPlantAndEquipmentAndFinanceLeaseRightOfUseAssetAfterAccumulatedDepreciationAndAmortization,10-K,2025-12-31,2026-02-18,202900000.0,DepreciationAndAmortization,10-K,2023-12-31,2024-02-20,,,,,,,,,,,,,,,,,,,,,,,,,,,,,,,3926300000.0,LongTermDebt,10-K,2025-12-31,2026-02-18,27700000.0,ShortTermBorrowings,10-K,2025-12-31,2026-02-18,True,100.5,0.09477120543598505,0.057063303255415754,0.24670646342687155,-0.010339763862169948
PG,Procter & Gamble,Consumer Staples,,Dow; S&P 500,AA / A bucket,AA,demo_bucket_to_refresh,0000080424,True,84284000000.0,Revenues,10-K,2025-06-30,2025-08-04,15974000000.0,NetIncomeLoss,10-K,2025-06-30,2025-08-04,125231000000.0,Assets,10-K,2025-06-30,2025-08-04,72946000000.0,Liabilities,10-K,2025-06-30,2025-08-04,52284000000.0,StockholdersEquityIncludingPortionAttributableToNoncontrollingInterest,10-K,2025-06-30,2025-08-04,9556000000.0,CashCashEquivalentsRestrictedCashAndRestrictedCashEquivalents,10-K,2025-06-30,2025-08-04,17817000000.0,NetCashProvidedByUsedInOperatingActivities,10-K,2025-06-30,2025-08-04,3773000000.0,PaymentsToAcquirePropertyPlantAndEquipment,10-K,2025-06-30,2025-08-04,756000000.0,InterestExpense,10-K,2023-06-30,2023-08-04,41164000000.0,CostOfGoodsAndServicesSold,10-K,2025-06-30,2025-08-04,23897000000.0,PropertyPlantAndEquipmentNet,10-K,2025-06-30,2025-08-04,2847000000.0,DepreciationDepletionAndAmortization,10-K,2025-06-30,2025-08-04,22669000000.0,SellingGeneralAndAdministrativeExpense,10-K,2025-06-30,2025-08-04,25392000000.0,AssetsCurrent,10-K,2025-06-30,2025-08-04,36058000000.0,LiabilitiesCurrent,10-K,2025-06-30,2025-08-04,6185000000.0,AccountsReceivableNetCurrent,10-K,2025-06-30,2025-08-04,7551000000.0,InventoryNet,10-K,2025-06-30,2025-08-04,15227000000.0,AccountsPayableCurrent,10-K,2025-06-30,2025-08-04,24995000000.0,LongTermDebtNoncurrent,10-K,2025-06-30,2025-08-04,5377000000.0,LongTermDebtCurrent,10-K,2025-06-30,2025-08-04,True,146.4199981689453,0.016275392769855346,-0.06233686893298518,0.21891205822728899,-0.11768807299633566
PGR,Progressive Corporation,Financials,Property & Casualty Insurance,S&P 500,NR (to derive from financials),NR,default - no public rating available; derive from leverage/margin post-SEC pull,0000080661,True,87671000000.0,Revenues,10-K,2025-12-31,2026-03-02,11308000000.0,NetIncomeLoss,10-K,2025-12-31,2026-03-02,123039000000.0,Assets,10-K,2025-12-31,2026-03-02,92716000000.0,Liabilities,10-K,2025-12-31,2026-03-02,30323000000.0,StockholdersEquity,10-K,2025-12-31,2026-03-02,138000000.0,CashCashEquivalentsRestrictedCashAndRestrictedCashEquivalents,10-K,2025-12-31,2026-03-02,17548000000.0,NetCashProvidedByUsedInOperatingActivities,10-K,2025-12-31,2026-03-02,348000000.0,PaymentsToAcquirePropertyPlantAndEquipment,10-K,2025-12-31,2026-03-02,,,,,,,,,,,783000000.0,PropertyPlantAndEquipmentNet,10-K,2025-12-31,2026-03-02,313000000.0,Depreciation,10-K,2025-12-31,2026-03-02,,,,,,,,,,,,,,,,,,,,,,,,,,,,,,,2707900000.0,LongTermDebt,10-K,2015-12-31,2016-02-29,0.0,LongTermDebtCurrent,10-K,2025-12-31,2026-03-02,True,194.0,-0.0006696794907669057,-0.036866018379867804,0.22241465261486587,-0.12663379414896114
PH,Parker Hannifin,Industrials,Industrial Machinery & Supplies & Components,S&P 500,NR (to derive from financials),NR,default - no public rating available; derive from leverage/margin post-SEC pull,0000076334,True,19850000000.0,RevenueFromContractWithCustomerExcludingAssessedTax,10-K,2025-06-30,2025-08-22,3532000000.0,ProfitLoss,10-K,2025-06-30,2025-08-22,29494000000.0,Assets,10-K,2025-06-30,2025-08-22,15803000000.0,Liabilities,10-K,2025-06-30,2025-08-22,13682000000.0,StockholdersEquity,10-K,2025-06-30,2025-08-22,467000000.0,CashAndCashEquivalentsAtCarryingValue,10-K,2025-06-30,2025-08-22,3776000000.0,NetCashProvidedByUsedInOperatingActivities,10-K,2025-06-30,2025-08-22,435000000.0,PaymentsToAcquirePropertyPlantAndEquipment,10-K,2025-06-30,2025-08-22,573894000.0,InterestExpense,10-K,2023-06-30,2023-08-24,12535000000.0,CostOfGoodsAndServicesSold,10-K,2025-06-30,2025-08-22,2937000000.0,PropertyPlantAndEquipmentNet,10-K,2025-06-30,2025-08-22,354000000.0,Depreciation,10-K,2025-06-30,2025-08-22,3255000000.0,SellingGeneralAndAdministrativeExpense,10-K,2025-06-30,2025-08-22,6950000000.0,AssetsCurrent,10-K,2025-06-30,2025-08-22,5819000000.0,LiabilitiesCurrent,10-K,2025-06-30,2025-08-22,2910000000.0,AccountsReceivableNetCurrent,10-K,2025-06-30,2025-08-22,2839000000.0,InventoryNet,10-K,2025-06-30,2025-08-22,2126000000.0,AccountsPayableCurrent,10-K,2025-06-30,2025-08-22,7501000000.0,LongTermDebt,10-K,2025-06-30,2025-08-22,3763175000.0,LongTermDebtCurrent,10-K,2023-06-30,2023-08-24,True,878.8300170898438,-0.10507048274510133,-0.10017018257755861,0.3121569735635897,-0.13900370499708192
PHM,PulteGroup,Consumer Discretionary,Homebuilding,S&P 500,NR (to derive from financials),NR,default - no public rating available; derive from leverage/margin post-SEC pull,0000822416,True,17311953000.0,RevenueFromContractWithCustomerExcludingAssessedTax,10-K,2025-12-31,2026-02-04,2218730000.0,NetIncomeLoss,10-K,2025-12-31,2026-02-04,18048423000.0,Assets,10-K,2025-12-31,2026-02-04,5062981000.0,Liabilities,10-K,2025-12-31,2026-02-04,12985442000.0,StockholdersEquity,10-K,2025-12-31,2026-02-04,1980869000.0,CashAndCashEquivalentsAtCarryingValue,10-K,2025-12-31,2026-02-04,1871249000.0,NetCashProvidedByUsedInOperatingActivities,10-K,2025-12-31,2026-02-04,122716000.0,PaymentsToAcquirePropertyPlantAndEquipment,10-K,2025-12-31,2026-02-04,605000.0,InterestExpense,10-K,2025-12-31,2026-02-04,2527301000.0,CostOfGoodsAndServicesSold,10-Q,2026-03-31,2026-04-23,238614000.0,PropertyPlantAndEquipmentNet,10-K,2025-12-31,2026-02-04,112507000.0,DepreciationAndAmortization,10-K,2025-12-31,2026-02-04,1573928000.0,SellingGeneralAndAdministrativeExpense,10-K,2025-12-31,2026-02-04,,,,,,,,,,,6200000.0,AccountsReceivableNetCurrent,10-K,2019-12-31,2020-01-30,,,,,,,,,,,43900000.0,LongTermDebt,10-K,2025-12-31,2026-02-04,,,,,,True,117.55000305175781,-0.023103122554589794,-0.11006490123418855,0.33894541199376443,-0.1736763199633935
PKG,Packaging Corporation of America,Materials,Paper & Plastic Packaging Products & Materials,S&P 500,NR (to derive from financials),NR,default - no public rating available; derive from leverage/margin post-SEC pull,0000075677,True,8989300000.0,RevenueFromContractWithCustomerExcludingAssessedTax,10-K,2025-12-31,2026-02-26,774100000.0,NetIncomeLoss,10-K,2025-12-31,2026-02-26,10725500000.0,Assets,10-K,2025-12-31,2026-02-26,,,,,,4598000000.0,StockholdersEquity,10-K,2025-12-31,2026-02-26,529000000.0,CashAndCashEquivalentsAtCarryingValue,10-K,2025-12-31,2026-02-26,1557500000.0,NetCashProvidedByUsedInOperatingActivities,10-K,2025-12-31,2026-02-26,828900000.0,PaymentsToAcquirePropertyPlantAndEquipment,10-K,2025-12-31,2026-02-26,,,,,,7099700000.0,CostOfGoodsAndServicesSold,10-K,2025-12-31,2026-02-26,4985100000.0,PropertyPlantAndEquipmentNet,10-K,2025-12-31,2026-02-26,652800000.0,DepreciationDepletionAndAmortization,10-K,2025-12-31,2026-02-26,634200000.0,SellingGeneralAndAdministrativeExpense,10-K,2025-12-31,2026-02-26,3213700000.0,AssetsCurrent,10-K,2025-12-31,2026-02-26,1015100000.0,LiabilitiesCurrent,10-K,2025-12-31,2026-02-26,1255800000.0,AccountsReceivableNetCurrent,10-K,2025-12-31,2026-02-26,1243200000.0,InventoryNet,10-K,2025-12-31,2026-02-26,471400000.0,AccountsPayableCurrent,10-K,2025-12-31,2026-02-26,3992500000.0,LongTermDebt,10-K,2025-12-31,2026-02-26,0.0,LongTermDebtCurrent,10-K,2024-12-31,2025-02-27,True,224.58999633789062,0.08823525062623294,-0.0536244520819712,0.29873970951235623,-0.08282528146046753
PLD,Prologis,Real Estate,Industrial REITs,S&P 500,NR (to derive from financials),NR,default - no public rating available; derive from leverage/margin post-SEC pull,0001045609,True,8790127000.0,Revenues,10-K,2025-12-31,2026-02-13,3328231000.0,NetIncomeLoss,10-K,2025-12-31,2026-02-13,98724256000.0,Assets,10-K,2025-12-31,2026-02-13,40970248000.0,Liabilities,10-K,2025-12-31,2026-02-13,53193178000.0,StockholdersEquity,10-K,2025-12-31,2026-02-13,1145647000.0,CashAndCashEquivalentsAtCarryingValue,10-K,2025-12-31,2026-02-13,5008434000.0,NetCashProvidedByUsedInOperatingActivities,10-K,2025-12-31,2026-02-13,,,,,,1002344000.0,InterestExpense,10-K,2025-12-31,2026-02-13,,,,,,221704000.0,PropertyPlantAndEquipmentNet,10-K,2025-12-31,2026-02-13,2626028000.0,DepreciationAndAmortization,10-K,2025-12-31,2026-02-13,469114000.0,GeneralAndAdministrativeExpense,10-K,2025-12-31,2026-02-13,,,,,,,,,,,,,,,,,,,,,,,,,,35037073000.0,LongTermDebt,10-K,2025-12-31,2026-02-13,,,,,,True,144.08999633789062,0.050295165636660366,0.058050774343471945,0.21665648000472756,-0.006960783756993383
PLTR,Palantir Technologies,Industrials,,Nasdaq 100; S&P 500,NR (to derive from financials),NR,default - no public rating available; derive from leverage/margin post-SEC pull,0001321655,True,4475446000.0,RevenueFromContractWithCustomerExcludingAssessedTax,10-K,2025-12-31,2026-02-17,1625033000.0,NetIncomeLoss,10-K,2025-12-31,2026-02-17,8900392000.0,Assets,10-K,2025-12-31,2026-02-17,1412381000.0,Liabilities,10-K,2025-12-31,2026-02-17,7387268000.0,StockholdersEquity,10-K,2025-12-31,2026-02-17,1423796000.0,CashAndCashEquivalentsAtCarryingValue,10-K,2025-12-31,2026-02-17,2134473000.0,NetCashProvidedByUsedInOperatingActivities,10-K,2025-12-31,2026-02-17,33882000.0,PaymentsToAcquirePropertyPlantAndEquipment,10-K,2025-12-31,2026-02-17,3470000.0,InterestExpense,10-K,2023-12-31,2024-02-20,789177000.0,CostOfRevenue,10-K,2025-12-31,2026-02-17,51960000.0,PropertyPlantAndEquipmentNet,10-K,2025-12-31,2026-02-17,26145000.0,DepreciationDepletionAndAmortization,10-K,2025-12-31,2026-02-17,657718000.0,GeneralAndAdministrativeExpense,10-K,2025-12-31,2026-02-17,8358174000.0,AssetsCurrent,10-K,2025-12-31,2026-02-17,1175581000.0,LiabilitiesCurrent,10-K,2025-12-31,2026-02-17,1042065000.0,AccountsReceivableNetCurrent,10-K,2025-12-31,2026-02-17,,,,,,8064000.0,AccountsPayableCurrent,10-K,2025-12-31,2026-02-17,0.0,LongTermDebtNoncurrent,10-K,2021-12-31,2022-02-24,,,,,,True,137.8000030517578,0.0760581421119233,-0.03575677334970506,0.5130219740525775,-0.29031259024960465
PM,Philip Morris International,Consumer Staples,Tobacco,S&P 500,NR (to derive from financials),NR,default - no public rating available; derive from leverage/margin post-SEC pull,0001413329,True,40648000000.0,RevenueFromContractWithCustomerExcludingAssessedTax,10-K,2025-12-31,2026-02-06,11348000000.0,NetIncomeLoss,10-K,2025-12-31,2026-02-06,69185000000.0,Assets,10-K,2025-12-31,2026-02-06,77213000000.0,Liabilities,10-K,2025-12-31,2026-02-06,-9994000000.0,StockholdersEquity,10-K,2025-12-31,2026-02-06,4872000000.0,CashAndCashEquivalentsAtCarryingValue,10-K,2025-12-31,2026-02-06,12233000000.0,NetCashProvidedByUsedInOperatingActivities,10-K,2025-12-31,2026-02-06,1569000000.0,PaymentsToAcquirePropertyPlantAndEquipment,10-K,2025-12-31,2026-02-06,1526000000.0,InterestExpense,10-K,2023-12-31,2024-02-08,13366000000.0,CostOfGoodsAndServicesSold,10-K,2025-12-31,2026-02-06,8397000000.0,PropertyPlantAndEquipmentAndFinanceLeaseRightOfUseAssetAfterAccumulatedDepreciationAndAmortization,10-K,2025-12-31,2026-02-06,1996000000.0,DepreciationDepletionAndAmortization,10-K,2025-12-31,2026-02-06,164000000.0,GeneralAndAdministrativeExpense,10-K,2017-12-31,2018-02-13,24363000000.0,AssetsCurrent,10-K,2025-12-31,2026-02-06,25427000000.0,LiabilitiesCurrent,10-K,2025-12-31,2026-02-06,4572000000.0,AccountsReceivableNetCurrent,10-K,2025-12-31,2026-02-06,11478000000.0,InventoryNet,10-K,2025-12-31,2026-02-06,4407000000.0,AccountsPayableCurrent,10-K,2025-12-31,2026-02-06,17034000000.0,LongTermDebt,10-K,2011-12-31,2012-02-24,168000000.0,ShortTermBorrowings,10-K,2025-12-31,2026-02-06,True,170.99000549316406,0.06569030068801962,-0.05122134286119473,0.32035775149257795,-0.09106208971668972
PNC,PNC Financial Services,Financials,Diversified Banks,S&P 500,NR (to derive from financials),NR,default - no public rating available; derive from leverage/margin post-SEC pull,0000713676,True,23099000000.0,Revenues,10-K,2025-12-31,2026-02-20,6997000000.0,ProfitLoss,10-K,2025-12-31,2026-02-20,573572000000.0,Assets,10-K,2025-12-31,2026-02-20,512936000000.0,Liabilities,10-K,2025-12-31,2026-02-20,60585000000.0,StockholdersEquity,10-K,2025-12-31,2026-02-20,39713000000.0,CashCashEquivalentsRestrictedCashAndRestrictedCashEquivalents,10-K,2025-12-31,2026-02-20,4384000000.0,NetCashProvidedByUsedInOperatingActivities,10-K,2025-12-31,2026-02-20,,,,,,10392000000.0,InterestExpense,10-K,2023-12-31,2024-02-21,,,,,,8935000000.0,PropertyPlantAndEquipmentNet,10-K,2025-12-31,2026-02-20,381000000.0,DepreciationAndAmortization,10-K,2025-12-31,2026-02-20,,,,,,,,,,,,,,,,,,,,,,,,,,,,,,,57101000000.0,LongTermDebt,10-K,2025-12-31,2026-02-20,,,,,,True,216.85000610351562,-0.011821924821605823,-0.09310718470095436,0.2419184213727983,-0.09882951366091597
PNR,Pentair,Industrials,Industrial Machinery & Supplies & Components,S&P 500,NR (to derive from financials),NR,default - no public rating available; derive from leverage/margin post-SEC pull,0000077360,True,4176000000.0,RevenueFromContractWithCustomerExcludingAssessedTax,10-K,2025-12-31,2026-02-24,653800000.0,NetIncomeLoss,10-K,2025-12-31,2026-02-24,6868800000.0,Assets,10-K,2025-12-31,2026-02-24,2999600000.0,Liabilities,10-K,2025-12-31,2026-02-24,3869200000.0,StockholdersEquityIncludingPortionAttributableToNoncontrollingInterest,10-K,2025-12-31,2026-02-24,101600000.0,CashCashEquivalentsRestrictedCashAndRestrictedCashEquivalents,10-K,2025-12-31,2026-02-24,814800000.0,NetCashProvidedByUsedInOperatingActivities,10-K,2025-12-31,2026-02-24,68800000.0,PaymentsToAcquirePropertyPlantAndEquipment,10-K,2025-12-31,2026-02-24,30100000.0,InterestExpense,10-K,2019-12-31,2020-02-25,2485700000.0,CostOfGoodsAndServicesSold,10-K,2025-12-31,2026-02-24,376800000.0,PropertyPlantAndEquipmentNet,10-K,2025-12-31,2026-02-24,59600000.0,Depreciation,10-K,2025-12-31,2026-02-24,736900000.0,SellingGeneralAndAdministrativeExpense,10-K,2025-12-31,2026-02-24,1541800000.0,AssetsCurrent,10-K,2025-12-31,2026-02-24,959300000.0,LiabilitiesCurrent,10-K,2025-12-31,2026-02-24,,,,,,632600000.0,InventoryNet,10-K,2025-12-31,2026-02-24,301500000.0,AccountsPayableCurrent,10-K,2025-12-31,2026-02-24,1638600000.0,LongTermDebt,10-K,2025-12-31,2026-02-24,0.0,LongTermDebtCurrent,10-K,2017-12-31,2018-02-27,True,76.81999969482422,-0.1458325945895964,-0.2098600435524689,0.3261643158918041,-0.2892878091337796
PNW,Pinnacle West Capital,Utilities,Multi-Utilities,S&P 500,NR (to derive from financials),NR,default - no public rating available; derive from leverage/margin post-SEC pull,0000764622,True,5339939000.0,Revenues,10-K,2025-12-31,2026-02-25,631643000.0,ProfitLoss,10-K,2025-12-31,2026-02-25,30031599000.0,Assets,10-K,2025-12-31,2026-02-25,,,,,,7046458000.0,StockholdersEquity,10-K,2025-12-31,2026-02-25,6604000.0,CashAndCashEquivalentsAtCarryingValue,10-K,2025-12-31,2026-02-25,1805095000.0,NetCashProvidedByUsedInOperatingActivities,10-K,2025-12-31,2026-02-25,2624618000.0,PaymentsToAcquireProductiveAssets,10-K,2025-12-31,2026-02-25,331323000.0,InterestExpense,10-K,2023-12-31,2024-02-27,1076116000.0,CostOfGoodsAndServicesSold,10-K,2018-12-31,2019-02-22,18358275000.0,PropertyPlantAndEquipmentNet,10-K,2025-12-31,2026-02-25,969615000.0,DepreciationDepletionAndAmortization,10-K,2025-12-31,2026-02-25,,,,,,1703709000.0,AssetsCurrent,10-K,2025-12-31,2026-02-25,3161026000.0,LiabilitiesCurrent,10-K,2025-12-31,2026-02-25,,,,,,,,,,,680203000.0,AccountsPayableCurrent,10-K,2025-12-31,2026-02-25,9205676000.0,LongTermDebtNoncurrent,10-K,2025-12-31,2026-02-25,757005000.0,ShortTermBorrowings,10-K,2025-12-31,2026-02-25,True,99.25,-0.03340058989115735,0.07539506349295966,0.16933107434746683,-0.0413591718173113
PODD,Insulet Corporation,Healthcare,Health Care Equipment,S&P 500,NR (to derive from financials),NR,default - no public rating available; derive from leverage/margin post-SEC pull,0001145197,True,2708100000.0,Revenues,10-K,2025-12-31,2026-02-18,247100000.0,NetIncomeLoss,10-K,2025-12-31,2026-02-18,3190400000.0,Assets,10-K,2025-12-31,2026-02-18,1675200000.0,Liabilities,10-K,2025-12-31,2026-02-18,1515200000.0,StockholdersEquity,10-K,2025-12-31,2026-02-18,716100000.0,CashCashEquivalentsRestrictedCashAndRestrictedCashEquivalents,10-K,2025-12-31,2026-02-18,569300000.0,NetCashProvidedByUsedInOperatingActivities,10-K,2025-12-31,2026-02-18,191600000.0,PaymentsToAcquirePropertyPlantAndEquipment,10-K,2025-12-31,2026-02-18,36200000.0,InterestExpense,10-K,2023-12-31,2024-02-23,768200000.0,CostOfGoodsAndServicesSold,10-K,2025-12-31,2026-02-18,819500000.0,PropertyPlantAndEquipmentAndFinanceLeaseRightOfUseAssetAfterAccumulatedDepreciationAndAmortization,10-K,2025-12-31,2026-02-18,90400000.0,DepreciationDepletionAndAmortization,10-K,2025-12-31,2026-02-18,1165000000.0,SellingGeneralAndAdministrativeExpense,10-K,2025-12-31,2026-02-18,1914000000.0,AssetsCurrent,10-K,2025-12-31,2026-02-18,680100000.0,LiabilitiesCurrent,10-K,2025-12-31,2026-02-18,140900000.0,AccountsReceivableNetCurrent,10-K,2022-12-31,2023-02-24,452600000.0,InventoryNet,10-K,2025-12-31,2026-02-18,75000000.0,AccountsPayableCurrent,10-K,2025-12-31,2026-02-18,1401800000.0,LongTermDebt,10-K,2022-12-31,2023-02-24,18400000.0,LongTermDebtCurrent,10-K,2025-12-31,2026-02-18,True,154.16000366210938,-0.21718372317256374,-0.37223602612603857,0.4907493438913781,-0.5549139329543689
POOL,Pool Corporation,Consumer Discretionary,Distributors,S&P 500,NR (to derive from financials),NR,default - no public rating available; derive from leverage/margin post-SEC pull,0000945841,True,5289396000.0,Revenues,10-K,2025-12-31,2026-02-26,406404000.0,NetIncomeLoss,10-K,2025-12-31,2026-02-26,3626126000.0,Assets,10-K,2025-12-31,2026-02-26,2440897000.0,Liabilities,10-K,2025-12-31,2026-02-26,1185229000.0,StockholdersEquity,10-K,2025-12-31,2026-02-26,104963000.0,CashCashEquivalentsRestrictedCashAndRestrictedCashEquivalents,10-K,2025-12-31,2026-02-26,365850000.0,NetCashProvidedByUsedInOperatingActivities,10-K,2025-12-31,2026-02-26,56334000.0,PaymentsToAcquirePropertyPlantAndEquipment,10-K,2025-12-31,2026-02-26,7964000.0,InterestExpense,10-K,2011-12-31,2012-02-29,3716938000.0,CostOfRevenue,10-K,2025-12-31,2026-02-26,267065000.0,PropertyPlantAndEquipmentNet,10-K,2025-12-31,2026-02-26,42678000.0,Depreciation,10-K,2025-12-31,2026-02-26,992254000.0,SellingGeneralAndAdministrativeExpense,10-K,2025-12-31,2026-02-26,1969864000.0,AssetsCurrent,10-K,2025-12-31,2026-02-26,880285000.0,LiabilitiesCurrent,10-K,2025-12-31,2026-02-26,136063000.0,ReceivablesNetCurrent,10-K,2025-12-31,2026-02-26,1454672000.0,InventoryNet,10-K,2025-12-31,2026-02-26,652619000.0,AccountsPayableCurrent,10-K,2025-12-31,2026-02-26,1186424000.0,LongTermDebtNoncurrent,10-K,2025-12-31,2026-02-26,13029000.0,ShortTermBorrowings,10-K,2025-12-31,2026-02-26,True,187.77000427246094,-0.12628541681251426,-0.2806122114923908,0.43565096836255696,-0.3042225679018935
PPG,PPG Industries,Materials,Specialty Chemicals,S&P 500,NR (to derive from financials),NR,default - no public rating available; derive from leverage/margin post-SEC pull,0000079879,True,15875000000.0,RevenueFromContractWithCustomerExcludingAssessedTax,10-K,2025-12-31,2026-02-19,1576000000.0,NetIncomeLoss,10-K,2025-12-31,2026-02-19,22098000000.0,Assets,10-K,2025-12-31,2026-02-19,14001000000.0,Liabilities,10-K,2025-12-31,2026-02-19,7941000000.0,StockholdersEquity,10-K,2025-12-31,2026-02-19,2163000000.0,CashAndCashEquivalentsAtCarryingValue,10-K,2025-12-31,2026-02-19,1941000000.0,NetCashProvidedByUsedInOperatingActivities,10-K,2025-12-31,2026-02-19,778000000.0,PaymentsToAcquirePropertyPlantAndEquipment,10-K,2025-12-31,2026-02-19,247000000.0,InterestExpense,10-K,2023-12-31,2024-02-15,9316000000.0,CostOfGoodsAndServicesSold,10-K,2025-12-31,2026-02-19,4005000000.0,PropertyPlantAndEquipmentNet,10-K,2025-12-31,2026-02-19,528000000.0,DepreciationAndAmortization,10-K,2025-12-31,2026-02-19,3439000000.0,SellingGeneralAndAdministrativeExpense,10-K,2025-12-31,2026-02-19,7959000000.0,AssetsCurrent,10-K,2025-12-31,2026-02-19,4900000000.0,LiabilitiesCurrent,10-K,2025-12-31,2026-02-19,2783000000.0,AccountsReceivableNetCurrent,10-K,2025-12-31,2026-02-19,1996000000.0,InventoryNet,10-K,2025-12-31,2026-02-19,3957000000.0,AccountsPayableAndAccruedLiabilitiesCurrent,10-K,2025-12-31,2026-02-19,7297000000.0,LongTermDebt,10-K,2025-12-31,2026-02-19,4000000.0,ShortTermBorrowings,10-K,2025-12-31,2026-02-19,True,109.61000061035156,-0.006525887870514557,-0.13598285004257604,0.385083734210821,-0.1620557615336592
PPL,PPL Corporation,Utilities,Electric Utilities,S&P 500,NR (to derive from financials),NR,default - no public rating available; derive from leverage/margin post-SEC pull,0000922224,True,9042000000.0,Revenues,10-K,2025-12-31,2026-02-20,1181000000.0,NetIncomeLoss,10-K,2025-12-31,2026-02-20,45244000000.0,Assets,10-K,2025-12-31,2026-02-20,,,,,,14881000000.0,StockholdersEquityIncludingPortionAttributableToNoncontrollingInterest,10-K,2025-12-31,2026-02-20,1071000000.0,CashAndCashEquivalentsAtCarryingValue,10-K,2025-12-31,2026-02-20,2629000000.0,NetCashProvidedByUsedInOperatingActivities,10-K,2025-12-31,2026-02-20,4030000000.0,PaymentsToAcquirePropertyPlantAndEquipment,10-K,2025-12-31,2026-02-20,808000000.0,InterestExpense,10-K,2025-12-31,2026-02-20,,,,,,36132000000.0,PropertyPlantAndEquipmentNet,10-K,2025-12-31,2026-02-20,1312000000.0,Depreciation,10-K,2025-12-31,2026-02-20,,,,,,3931000000.0,AssetsCurrent,10-K,2025-12-31,2026-02-20,4546000000.0,LiabilitiesCurrent,10-K,2025-12-31,2026-02-20,1108000000.0,AccountsReceivableNetCurrent,10-K,2025-12-31,2026-02-20,551000000.0,InventoryNet,10-K,2025-12-31,2026-02-20,1559000000.0,AccountsPayableCurrent,10-K,2025-12-31,2026-02-20,18894000000.0,LongTermDebt,10-K,2025-12-31,2026-02-20,456000000.0,ShortTermBorrowings,10-K,2025-12-31,2026-02-20,True,35.90999984741211,-0.09432538548644842,0.013989549012485947,0.19068634563532855,-0.09796537029248786
PRU,Prudential Financial,Financials,Life & Health Insurance,S&P 500,NR (to derive from financials),NR,default - no public rating available; derive from leverage/margin post-SEC pull,0001137774,True,60774000000.0,Revenues,10-K,2025-12-31,2026-02-12,3576000000.0,NetIncomeLoss,10-K,2025-12-31,2026-02-12,773740000000.0,Assets,10-K,2025-12-31,2026-02-12,738159000000.0,Liabilities,10-K,2025-12-31,2026-02-12,32438000000.0,StockholdersEquity,10-K,2025-12-31,2026-02-12,19712000000.0,CashAndCashEquivalentsAtCarryingValue,10-K,2025-12-31,2026-02-12,6271000000.0,NetCashProvidedByUsedInOperatingActivities,10-K,2025-12-31,2026-02-12,,,,,,2030000000.0,InterestExpense,10-K,2024-12-31,2025-02-13,,,,,,,,,,,128000000.0,DepreciationDepletionAndAmortization,10-K,2025-12-31,2026-02-12,13012000000.0,GeneralAndAdministrativeExpense,10-K,2025-12-31,2026-02-12,,,,,,,,,,,,,,,,,,,,,,,,,,18856000000.0,LongTermDebtNoncurrent,10-K,2025-12-31,2026-02-12,,,,,,True,100.80999755859375,0.04035083561552488,-0.00022071255273325985,0.24253186849565286,-0.1393409435890275
PSA,Public Storage,Real Estate,Self-Storage REITs,S&P 500,NR (to derive from financials),NR,default - no public rating available; derive from leverage/margin post-SEC pull,0001393311,True,4824113000.0,Revenues,10-K,2025-12-31,2026-02-12,1784348000.0,NetIncomeLoss,10-K,2025-12-31,2026-02-12,20208604000.0,Assets,10-K,2025-12-31,2026-02-12,10866770000.0,Liabilities,10-K,2025-12-31,2026-02-12,9248128000.0,StockholdersEquity,10-K,2025-12-31,2026-02-12,318095000.0,CashAndCashEquivalentsAtCarryingValue,10-K,2025-12-31,2026-02-12,3186449000.0,NetCashProvidedByUsedInOperatingActivities,10-K,2025-12-31,2026-02-12,,,,,,304495000.0,InterestExpense,10-K,2025-12-31,2026-02-12,172584000.0,CostOfRevenue,10-K,2019-12-31,2020-02-25,,,,,,1151840000.0,DepreciationDepletionAndAmortization,10-K,2025-12-31,2026-02-12,106682000.0,GeneralAndAdministrativeExpense,10-K,2025-12-31,2026-02-12,,,,,,,,,,,,,,,,,,,,,,,,,,10253881000.0,LongTermDebt,10-K,2025-12-31,2026-02-12,700000000.0,ShortTermBorrowings,10-K,2013-12-31,2015-02-25,True,311.0400085449219,0.05437291032176916,0.08763232368935525,0.2523822283533357,-0.003619838018407484
PSKY,Paramount Skydance Corporation,Communication Services,Movies & Entertainment,S&P 500,NR (to derive from financials),NR,default - no public rating available; derive from leverage/margin post-SEC pull,0002041610,True,12269000000.0,RevenueFromContractWithCustomerExcludingAssessedTax,10-K,2025-12-31,2026-02-25,-586000000.0,NetIncomeLoss,10-K,2025-12-31,2026-02-25,43342000000.0,Assets,10-K,2025-12-31,2026-02-25,,,,,,11693000000.0,StockholdersEquity,10-K,2025-12-31,2026-02-25,3274000000.0,CashAndCashEquivalentsAtCarryingValue,10-K,2025-12-31,2026-02-25,485000000.0,NetCashProvidedByUsedInOperatingActivities,10-K,2025-12-31,2026-02-25,162000000.0,PaymentsToAcquirePropertyPlantAndEquipment,10-K,2025-12-31,2026-02-25,,,,,,,,,,,2195000000.0,PropertyPlantAndEquipmentNet,10-K,2025-12-31,2026-02-25,590000000.0,DepreciationAndAmortization,10-K,2025-12-31,2026-02-25,2594000000.0,SellingGeneralAndAdministrativeExpense,10-K,2025-12-31,2026-02-25,13320000000.0,AssetsCurrent,10-K,2025-12-31,2026-02-25,10599000000.0,LiabilitiesCurrent,10-K,2025-12-31,2026-02-25,6615000000.0,AccountsReceivableNetCurrent,10-K,2025-12-31,2026-02-25,,,,,,906000000.0,AccountsPayableCurrent,10-K,2025-12-31,2026-02-25,,,,,,,,,,,True,11.09000015258789,0.044256146148165865,0.043758630702209755,0.6996989294150928,-0.331538077016289
PSX,Phillips 66,Energy,Oil & Gas Refining & Marketing,S&P 500,NR (to derive from financials),NR,default - no public rating available; derive from leverage/margin post-SEC pull,0001534701,True,132376000000.0,RevenueFromContractWithCustomerExcludingAssessedTax,10-K,2025-12-31,2026-02-20,4403000000.0,NetIncomeLoss,10-K,2025-12-31,2026-02-20,73680000000.0,Assets,10-K,2025-12-31,2026-02-20,43439000000.0,Liabilities,10-K,2025-12-31,2026-02-20,29093000000.0,StockholdersEquity,10-K,2025-12-31,2026-02-20,1116000000.0,CashAndCashEquivalentsAtCarryingValue,10-K,2025-12-31,2026-02-20,4962000000.0,NetCashProvidedByUsedInOperatingActivities,10-K,2025-12-31,2026-02-20,,,,,,1039000000.0,InterestAndDebtExpense,10-K,2025-12-31,2026-02-20,116093000000.0,CostOfGoodsAndServicesSold,10-K,2025-12-31,2026-02-20,39097000000.0,PropertyPlantAndEquipmentAndFinanceLeaseRightOfUseAssetAfterAccumulatedDepreciationAndAmortization,10-K,2025-12-31,2026-02-20,3251000000.0,DepreciationDepletionAndAmortization,10-K,2025-12-31,2026-02-20,2437000000.0,SellingGeneralAndAdministrativeExpense,10-K,2025-12-31,2026-02-20,17271000000.0,AssetsCurrent,10-K,2025-12-31,2026-02-20,13326000000.0,LiabilitiesCurrent,10-K,2025-12-31,2026-02-20,9771000000.0,AccountsReceivableNetCurrent,10-K,2025-12-31,2026-02-20,5097000000.0,InventoryNet,10-K,2025-12-31,2026-02-20,10748000000.0,AccountsPayableCurrent,10-K,2022-12-31,2023-02-22,1100000000.0,LongTermDebt,10-K,2015-03-02,2016-02-19,1000000000.0,LongTermDebtCurrent,10-K,2016-12-31,2017-02-17,True,171.55999755859375,0.07729982768347732,0.09822486455525303,0.34107248679681806,-0.08880391613079641
PTC,PTC Inc.,Technology,Application Software,S&P 500,NR (to derive from financials),NR,default - no public rating available; derive from leverage/margin post-SEC pull,0000857005,True,2739226000.0,RevenueFromContractWithCustomerExcludingAssessedTax,10-K,2025-09-30,2025-11-21,733997000.0,NetIncomeLoss,10-K,2025-09-30,2025-11-21,6617172000.0,Assets,10-K,2025-09-30,2025-11-21,2790943000.0,Liabilities,10-K,2025-09-30,2025-11-21,3826229000.0,StockholdersEquity,10-K,2025-09-30,2025-11-21,184415000.0,CashAndCashEquivalentsAtCarryingValue,10-K,2025-09-30,2025-11-21,867696000.0,NetCashProvidedByUsedInOperatingActivities,10-K,2025-09-30,2025-11-21,11008000.0,PaymentsToAcquirePropertyPlantAndEquipment,10-K,2025-09-30,2025-11-21,77019000.0,InterestExpense,10-K,2025-09-30,2025-11-21,444983000.0,CostOfGoodsAndServicesSold,10-K,2025-09-30,2025-11-21,60843000.0,PropertyPlantAndEquipmentNet,10-K,2025-09-30,2025-11-21,102504000.0,DepreciationDepletionAndAmortization,10-K,2025-09-30,2025-11-21,226058000.0,GeneralAndAdministrativeExpense,10-K,2025-09-30,2025-11-21,1383367000.0,AssetsCurrent,10-K,2025-09-30,2025-11-21,1237404000.0,LiabilitiesCurrent,10-K,2025-09-30,2025-11-21,1001085000.0,AccountsReceivableNetCurrent,10-K,2025-09-30,2025-11-21,,,,,,11504000.0,AccountsPayableCurrent,10-K,2025-09-30,2025-11-21,1172434000.0,LongTermDebt,10-K,2025-09-30,2025-11-21,25000000.0,LongTermDebtCurrent,10-K,2025-09-30,2025-11-21,True,146.64999389648438,0.09899573751041157,-0.08194573147951889,0.3317925568400022,-0.18350875007996403
PWR,Quanta Services,Industrials,Construction & Engineering,S&P 500,NR (to derive from financials),NR,default - no public rating available; derive from leverage/margin post-SEC pull,0001050915,True,28479697000.0,RevenueFromContractWithCustomerExcludingAssessedTax,10-K,2025-12-31,2026-02-19,1028378000.0,NetIncomeLoss,10-K,2025-12-31,2026-02-19,24926901000.0,Assets,10-K,2025-12-31,2026-02-19,15899027000.0,Liabilities,10-K,2025-12-31,2026-02-19,8938249000.0,StockholdersEquity,10-K,2025-12-31,2026-02-19,439508000.0,CashAndCashEquivalentsAtCarryingValue,10-K,2025-12-31,2026-02-19,2229970000.0,NetCashProvidedByUsedInOperatingActivities,10-K,2025-12-31,2026-02-19,609154000.0,PaymentsToAcquirePropertyPlantAndEquipment,10-K,2025-12-31,2026-02-19,186913000.0,InterestExpense,10-K,2023-12-31,2024-02-22,24204616000.0,CostOfGoodsAndServicesSold,10-K,2025-12-31,2026-02-19,3455204000.0,PropertyPlantAndEquipmentAndFinanceLeaseRightOfUseAssetAfterAccumulatedDepreciationAndAmortization,10-K,2025-12-31,2026-02-19,411538000.0,Depreciation,10-K,2025-12-31,2026-02-19,2189209000.0,SellingGeneralAndAdministrativeExpense,10-K,2025-12-31,2026-02-19,9903417000.0,AssetsCurrent,10-K,2025-12-31,2026-02-19,8716198000.0,LiabilitiesCurrent,10-K,2025-12-31,2026-02-19,6847091000.0,AccountsReceivableNetCurrent,10-K,2025-12-31,2026-02-19,370372000.0,InventoryNet,10-K,2025-12-31,2026-02-19,4579458000.0,AccountsPayableAndAccruedLiabilitiesCurrent,10-K,2025-12-31,2026-02-19,1072756000.0,LongTermDebt,10-K,2018-12-31,2019-02-28,0.0,ShortTermBorrowings,10-K,2022-12-31,2023-02-23,True,745.0,0.27272109239335696,0.4481233898393562,0.4518838877200759,-0.05124546729002477
PYPL,PayPal,Industrials,,Nasdaq 100; S&P 500,A shown,A,screenshot,0001633917,True,33172000000.0,Revenues,10-K,2025-12-31,2026-02-03,5233000000.0,NetIncomeLoss,10-K,2025-12-31,2026-02-03,80173000000.0,Assets,10-K,2025-12-31,2026-02-03,59917000000.0,Liabilities,10-K,2025-12-31,2026-02-03,20256000000.0,StockholdersEquity,10-K,2025-12-31,2026-02-03,8049000000.0,CashAndCashEquivalentsAtCarryingValue,10-K,2025-12-31,2026-02-03,6416000000.0,NetCashProvidedByUsedInOperatingActivities,10-K,2025-12-31,2026-02-03,852000000.0,PaymentsToAcquirePropertyPlantAndEquipment,10-K,2025-12-31,2026-02-03,347000000.0,InterestExpense,10-K,2023-12-31,2024-02-08,,,,,,1700000000.0,PropertyPlantAndEquipmentNet,10-K,2025-12-31,2026-02-03,963000000.0,DepreciationDepletionAndAmortization,10-K,2025-12-31,2026-02-03,1979000000.0,GeneralAndAdministrativeExpense,10-K,2025-12-31,2026-02-03,59759000000.0,AssetsCurrent,10-K,2025-12-31,2026-02-03,46443000000.0,LiabilitiesCurrent,10-K,2025-12-31,2026-02-03,840000000.0,AccountsReceivableNetCurrent,10-K,2025-12-31,2026-02-03,,,,,,240000000.0,AccountsPayableCurrent,10-K,2025-12-31,2026-02-03,9987000000.0,LongTermDebtNoncurrent,10-K,2025-12-31,2026-02-03,,,,,,True,45.369998931884766,0.0028735024004176157,0.10588977954122969,0.3831274986818445,-0.3232556702466932
Q,Qnity Electronics,Technology,Semiconductor Materials & Equipment,S&P 500,NR (to derive from financials),NR,default - no public rating available; derive from leverage/margin post-SEC pull,0002058873,True,4754000000.0,RevenueFromContractWithCustomerExcludingAssessedTax,10-K,2025-12-31,2026-02-26,729000000.0,ProfitLoss,10-K,2025-12-31,2026-02-26,14070000000.0,Assets,10-K,2025-12-31,2026-02-26,6704000000.0,Liabilities,10-K,2025-12-31,2026-02-26,7095000000.0,StockholdersEquity,10-K,2025-12-31,2026-02-26,915000000.0,CashAndCashEquivalentsAtCarryingValue,10-K,2025-12-31,2026-02-26,1273000000.0,NetCashProvidedByUsedInOperatingActivities,10-K,2025-12-31,2026-02-26,285000000.0,PaymentsToAcquireProductiveAssets,10-K,2025-12-31,2026-02-26,65000000.0,InterestAndDebtExpense,10-K,2025-12-31,2026-02-26,2559000000.0,CostOfGoodsAndServicesSold,10-K,2025-12-31,2026-02-26,1701000000.0,PropertyPlantAndEquipmentAndFinanceLeaseRightOfUseAssetAfterAccumulatedDepreciationAndAmortization,10-K,2025-12-31,2026-02-26,376000000.0,DepreciationDepletionAndAmortization,10-K,2025-12-31,2026-02-26,620000000.0,SellingGeneralAndAdministrativeExpense,10-K,2025-12-31,2026-02-26,2638000000.0,AssetsCurrent,10-K,2025-12-31,2026-02-26,1356000000.0,LiabilitiesCurrent,10-K,2025-12-31,2026-02-26,656000000.0,AccountsReceivableNetCurrent,10-K,2025-12-31,2026-02-26,661000000.0,InventoryNet,10-K,2025-12-31,2026-02-26,680000000.0,AccountsPayableCurrent,10-K,2025-12-31,2026-02-26,4100000000.0,LongTermDebt,10-K,2025-12-31,2026-02-26,,,,,,True,147.3300018310547,0.12766941227556505,0.40137376565083693,0.5555241304393209,-0.014119382868578834
QCOM,Qualcomm,Industrials,,Nasdaq 100; S&P 500,NR (to derive from financials),NR,default - no public rating available; derive from leverage/margin post-SEC pull,0000804328,True,44284000000.0,Revenues,10-K,2025-09-28,2025-11-05,5541000000.0,NetIncomeLoss,10-K,2025-09-28,2025-11-05,50143000000.0,Assets,10-K,2025-09-28,2025-11-05,28937000000.0,Liabilities,10-K,2025-09-28,2025-11-05,21206000000.0,StockholdersEquityIncludingPortionAttributableToNoncontrollingInterest,10-K,2025-09-28,2025-11-05,5520000000.0,CashAndCashEquivalentsAtCarryingValue,10-K,2025-09-28,2025-11-05,14012000000.0,NetCashProvidedByUsedInOperatingActivities,10-K,2025-09-28,2025-11-05,1192000000.0,PaymentsToAcquireProductiveAssets,10-K,2025-09-28,2025-11-05,664000000.0,InterestExpense,10-K,2025-09-28,2025-11-05,19738000000.0,CostOfRevenue,10-K,2025-09-28,2025-11-05,4690000000.0,PropertyPlantAndEquipmentNet,10-K,2025-09-28,2025-11-05,1602000000.0,DepreciationDepletionAndAmortization,10-K,2025-09-28,2025-11-05,3110000000.0,SellingGeneralAndAdministrativeExpense,10-K,2025-09-28,2025-11-05,25754000000.0,AssetsCurrent,10-K,2025-09-28,2025-11-05,9144000000.0,LiabilitiesCurrent,10-K,2025-09-28,2025-11-05,2855000000.0,AccountsReceivableNetCurrent,10-K,2025-09-28,2025-11-05,6526000000.0,InventoryNet,10-K,2025-09-28,2025-11-05,2791000000.0,AccountsPayableCurrent,10-K,2025-09-28,2025-11-05,14811000000.0,LongTermDebt,10-K,2025-09-28,2025-11-05,0.0,LongTermDebtCurrent,10-K,2025-09-28,2025-11-05,True,219.08999633789062,0.7108386733932754,0.5871062474804714,0.5233237924360203,0.0
RCL,Royal Caribbean Group,Consumer Discretionary,"Hotels, Resorts & Cruise Lines",S&P 500,NR (to derive from financials),NR,default - no public rating available; derive from leverage/margin post-SEC pull,0000884887,True,17935000000.0,RevenueFromContractWithCustomerExcludingAssessedTax,10-K,2025-12-31,2026-02-11,4268000000.0,NetIncomeLoss,10-K,2025-12-31,2026-02-11,41619000000.0,Assets,10-K,2025-12-31,2026-02-11,31374000000.0,Liabilities,10-K,2025-12-31,2026-02-11,10037000000.0,StockholdersEquity,10-K,2025-12-31,2026-02-11,825000000.0,CashAndCashEquivalentsAtCarryingValue,10-K,2025-12-31,2026-02-11,6465000000.0,NetCashProvidedByUsedInOperatingActivities,10-K,2025-12-31,2026-02-11,5229000000.0,PaymentsToAcquirePropertyPlantAndEquipment,10-K,2025-12-31,2026-02-11,1402000000.0,InterestExpense,10-K,2023-12-31,2024-02-21,9083000000.0,CostOfGoodsAndServicesSold,10-K,2025-12-31,2026-02-11,35696000000.0,PropertyPlantAndEquipmentNet,10-K,2025-12-31,2026-02-11,1718000000.0,DepreciationAndAmortization,10-K,2025-12-31,2026-02-11,2223000000.0,SellingGeneralAndAdministrativeExpense,10-K,2025-12-31,2026-02-11,2211000000.0,AssetsCurrent,10-K,2025-12-31,2026-02-11,12055000000.0,LiabilitiesCurrent,10-K,2025-12-31,2026-02-11,317000000.0,ReceivablesNetCurrent,10-K,2025-12-31,2026-02-11,264000000.0,InventoryNet,10-K,2025-12-31,2026-02-11,953000000.0,AccountsPayableCurrent,10-K,2025-12-31,2026-02-11,8495853000.0,LongTermDebt,10-K,2011-12-31,2012-02-29,638891000.0,LongTermDebtCurrent,10-K,2011-12-31,2012-02-29,True,275.239990234375,-0.00613855778162975,-0.20493541281048977,0.4957621924490711,-0.20493541281048977
REG,Regency Centers,Real Estate,Retail REITs,S&P 500,NR (to derive from financials),NR,default - no public rating available; derive from leverage/margin post-SEC pull,0000910606,True,1553524000.0,Revenues,10-K,2025-12-31,2026-02-13,527460000.0,NetIncomeLoss,10-K,2025-12-31,2026-02-13,13001283000.0,Assets,10-K,2025-12-31,2026-02-13,5819677000.0,Liabilities,10-K,2025-12-31,2026-02-13,6906890000.0,StockholdersEquity,10-K,2025-12-31,2026-02-13,120661000.0,CashCashEquivalentsRestrictedCashAndRestrictedCashEquivalents,10-K,2025-12-31,2026-02-13,827692000.0,NetCashProvidedByUsedInOperatingActivities,10-K,2025-12-31,2026-02-13,,,,,,154249000.0,InterestExpense,10-K,2023-12-31,2024-02-16,,,,,,12728000.0,PropertyPlantAndEquipmentNet,10-K,2025-12-31,2026-02-13,405044000.0,DepreciationDepletionAndAmortization,10-K,2025-12-31,2026-02-13,99407000.0,GeneralAndAdministrativeExpense,10-K,2025-12-31,2026-02-13,,,,,,,,,,,,,,,,,,,,,,,,,,4739301000.0,LongTermDebt,10-K,2025-12-31,2026-02-13,,,,,,True,77.58999633789062,-0.010331698625297925,0.03006572648980521,0.15173086375291203,-0.04351585662193713
REGN,Regeneron Pharmaceuticals,Industrials,,Nasdaq 100; S&P 500,NR (to derive from financials),NR,default - no public rating available; derive from leverage/margin post-SEC pull,0000872589,True,14342900000.0,RevenueFromContractWithCustomerExcludingAssessedTax,10-K,2025-12-31,2026-02-04,4504900000.0,NetIncomeLoss,10-K,2025-12-31,2026-02-04,40558700000.0,Assets,10-K,2025-12-31,2026-02-04,9301800000.0,Liabilities,10-K,2025-12-31,2026-02-04,31256900000.0,StockholdersEquity,10-K,2025-12-31,2026-02-04,3118100000.0,CashAndCashEquivalentsAtCarryingValue,10-K,2025-12-31,2026-02-04,4978900000.0,NetCashProvidedByUsedInOperatingActivities,10-K,2025-12-31,2026-02-04,898400000.0,PaymentsToAcquireProductiveAssets,10-K,2025-12-31,2026-02-04,73000000.0,InterestExpense,10-K,2023-12-31,2024-02-05,402800000.0,CostOfGoodsAndServicesSold,10-K,2019-12-31,2021-02-08,5120400000.0,PropertyPlantAndEquipmentAndFinanceLeaseRightOfUseAssetAfterAccumulatedDepreciationAndAmortization,10-K,2025-12-31,2026-02-04,543700000.0,DepreciationDepletionAndAmortization,10-K,2025-12-31,2026-02-04,2700000000.0,SellingGeneralAndAdministrativeExpense,10-K,2025-12-31,2026-02-04,18021900000.0,AssetsCurrent,10-K,2025-12-31,2026-02-04,4368400000.0,LiabilitiesCurrent,10-K,2025-12-31,2026-02-04,5741100000.0,AccountsReceivableNetCurrent,10-K,2025-12-31,2026-02-04,3200800000.0,InventoryNet,10-K,2025-12-31,2026-02-04,939000000.0,AccountsPayableCurrent,10-K,2025-12-31,2026-02-04,1985900000.0,LongTermDebtNoncurrent,10-K,2025-12-31,2026-02-04,1500000000.0,ShortTermBorrowings,10-Q,2020-06-30,2020-08-05,True,714.8900146484375,-0.04537500592934374,-0.08270121058844526,0.29476385660364207,-0.11882757484948181
RF,Regions Financial Corporation,Financials,Regional Banks,S&P 500,NR (to derive from financials),NR,default - no public rating available; derive from leverage/margin post-SEC pull,0001281761,True,7073000000.0,InterestAndDividendIncomeOperating,10-K,2025-12-31,2026-02-24,2156000000.0,NetIncomeLoss,10-K,2025-12-31,2026-02-24,158814000000.0,Assets,10-K,2025-12-31,2026-02-24,139711000000.0,Liabilities,10-K,2025-12-31,2026-02-24,19043000000.0,StockholdersEquity,10-K,2025-12-31,2026-02-24,10907000000.0,CashCashEquivalentsRestrictedCashAndRestrictedCashEquivalents,10-K,2025-12-31,2026-02-24,2181000000.0,NetCashProvidedByUsedInOperatingActivities,10-K,2025-12-31,2026-02-24,,,,,,1577000000.0,InterestExpense,10-K,2023-12-31,2024-02-23,,,,,,1659000000.0,PropertyPlantAndEquipmentNet,10-K,2025-12-31,2026-02-24,,,,,,,,,,,,,,,,,,,,,,,,,,,,,,,,,,,,4134000000.0,LongTermDebt,10-K,2025-12-31,2026-02-24,750000000.0,ShortTermBorrowings,10-K,2025-12-31,2026-02-24,True,27.6299991607666,0.004727242209694671,-0.09312015155067432,0.26102046359493625,-0.0986874729424132
RJF,Raymond James Financial,Financials,Investment Banking & Brokerage,S&P 500,A- shown,A-,screenshot,0000720005,True,15912000000.0,Revenues,10-K,2025-09-30,2025-11-25,2135000000.0,NetIncomeLoss,10-K,2025-09-30,2025-11-25,88230000000.0,Assets,10-K,2025-09-30,2025-11-25,75726000000.0,Liabilities,10-K,2025-09-30,2025-11-25,12503000000.0,StockholdersEquity,10-K,2025-09-30,2025-11-25,11389000000.0,CashAndCashEquivalentsAtCarryingValue,10-K,2025-09-30,2025-11-25,2434000000.0,NetCashProvidedByUsedInOperatingActivities,10-K,2025-09-30,2025-11-25,188000000.0,PaymentsToAcquirePropertyPlantAndEquipment,10-K,2025-09-30,2025-11-25,1373000000.0,InterestExpense,10-K,2023-09-30,2023-11-21,,,,,,670000000.0,PropertyPlantAndEquipmentNet,10-K,2025-09-30,2025-11-25,68000000.0,Depreciation,10-K,2025-09-30,2025-11-25,,,,,,,,,,,,,,,,,,,,,,,,,,,,,,,1190836000.0,LongTermDebt,10-K,2014-09-30,2014-11-25,3988000.0,LongTermDebtCurrent,10-Q,2011-06-30,2011-08-09,True,154.3300018310547,0.05568095802523154,-0.10803400490105597,0.3038002256396029,-0.10803400490105597
RL,Ralph Lauren Corporation,Consumer Discretionary,"Apparel, Accessories & Luxury Goods",S&P 500,NR (to derive from financials),NR,default - no public rating available; derive from leverage/margin post-SEC pull,0001037038,True,7079000000.0,Revenues,10-K,2025-03-29,2025-05-22,742900000.0,NetIncomeLoss,10-K,2025-03-29,2025-05-22,7047300000.0,Assets,10-K,2025-03-29,2025-05-22,4458800000.0,Liabilities,10-K,2025-03-29,2025-05-22,2588500000.0,StockholdersEquity,10-K,2025-03-29,2025-05-22,1922500000.0,CashAndCashEquivalentsAtCarryingValue,10-K,2025-03-29,2025-05-22,1235100000.0,NetCashProvidedByUsedInOperatingActivities,10-K,2025-03-29,2025-05-22,216200000.0,PaymentsToAcquireProductiveAssets,10-K,2025-03-29,2025-05-22,44100000.0,InterestExpense,10-K,2025-03-29,2025-05-22,2226100000.0,CostOfRevenue,10-K,2025-03-29,2025-05-22,846400000.0,PropertyPlantAndEquipmentNet,10-K,2025-03-29,2025-05-22,219600000.0,DepreciationDepletionAndAmortization,10-K,2025-03-29,2025-05-22,3863000000.0,SellingGeneralAndAdministrativeExpense,10-K,2025-03-29,2025-05-22,3789900000.0,AssetsCurrent,10-K,2025-03-29,2025-05-22,2133700000.0,LiabilitiesCurrent,10-K,2025-03-29,2025-05-22,459500000.0,AccountsReceivableNetCurrent,10-K,2025-03-29,2025-05-22,949600000.0,InventoryNet,10-K,2025-03-29,2025-05-22,436000000.0,AccountsPayableCurrent,10-K,2025-03-29,2025-05-22,742900000.0,LongTermDebtNoncurrent,10-K,2025-03-29,2025-05-22,399700000.0,LongTermDebtCurrent,10-K,2025-03-29,2025-05-22,True,358.45001220703125,-0.05638766732168021,0.03241023964222434,0.38876322533461855,-0.07976478148224142
RMD,ResMed,Healthcare,Health Care Equipment,S&P 500,NR (to derive from financials),NR,default - no public rating available; derive from leverage/margin post-SEC pull,0000943819,True,5146327000.0,RevenueFromContractWithCustomerExcludingAssessedTax,10-K,2025-06-30,2025-08-08,1400723000.0,NetIncomeLoss,10-K,2025-06-30,2025-08-08,8174391000.0,Assets,10-K,2025-06-30,2025-08-08,2206532000.0,Liabilities,10-K,2025-06-30,2025-08-08,5967859000.0,StockholdersEquity,10-K,2025-06-30,2025-08-08,1209450000.0,CashAndCashEquivalentsAtCarryingValue,10-K,2025-06-30,2025-08-08,1751588000.0,NetCashProvidedByUsedInOperatingActivities,10-K,2025-06-30,2025-08-08,89865000.0,PaymentsToAcquirePropertyPlantAndEquipment,10-K,2025-06-30,2025-08-08,23989000.0,InterestExpense,10-K,2021-06-30,2021-08-17,2091357000.0,CostOfGoodsAndServicesSold,10-K,2025-06-30,2025-08-08,550790000.0,PropertyPlantAndEquipmentNet,10-K,2025-06-30,2025-08-08,198473000.0,DepreciationDepletionAndAmortization,10-K,2025-06-30,2025-08-08,991019000.0,SellingGeneralAndAdministrativeExpense,10-K,2025-06-30,2025-08-08,3505605000.0,AssetsCurrent,10-K,2025-06-30,2025-08-08,1019120000.0,LiabilitiesCurrent,10-K,2025-06-30,2025-08-08,939492000.0,AccountsReceivableNetCurrent,10-K,2025-06-30,2025-08-08,927711000.0,InventoryNet,10-K,2025-06-30,2025-08-08,278157000.0,AccountsPayableCurrent,10-K,2025-06-30,2025-08-08,658392000.0,LongTermDebt,10-K,2025-06-30,2025-08-08,9900000.0,ShortTermBorrowings,10-K,2025-06-30,2025-08-08,True,206.75999450683594,-0.09660506436866334,-0.24902543949577904,0.264141455993071,-0.24902543949577904
ROK,Rockwell Automation,Industrials,Electrical Components & Equipment,S&P 500,NR (to derive from financials),NR,default - no public rating available; derive from leverage/margin post-SEC pull,0001024478,True,8342000000.0,RevenueFromContractWithCustomerExcludingAssessedTax,10-K,2025-09-30,2025-11-12,869000000.0,NetIncomeLoss,10-K,2025-09-30,2025-11-12,11219000000.0,Assets,10-K,2025-09-30,2025-11-12,,,,,,3654000000.0,StockholdersEquity,10-K,2025-09-30,2025-11-12,468000000.0,CashAndCashEquivalentsAtCarryingValue,10-K,2025-09-30,2025-11-12,1544000000.0,NetCashProvidedByUsedInOperatingActivities,10-K,2025-09-30,2025-11-12,186000000.0,PaymentsToAcquireProductiveAssets,10-K,2025-09-30,2025-11-12,135300000.0,InterestExpense,10-K,2023-09-30,2023-11-08,4326000000.0,CostOfGoodsAndServicesSold,10-K,2025-09-30,2025-11-12,797000000.0,PropertyPlantAndEquipmentNet,10-K,2025-09-30,2025-11-12,325000000.0,DepreciationDepletionAndAmortization,10-K,2025-09-30,2025-11-12,1914000000.0,SellingGeneralAndAdministrativeExpense,10-K,2025-09-30,2025-11-12,3911000000.0,AssetsCurrent,10-K,2025-09-30,2025-11-12,3445000000.0,LiabilitiesCurrent,10-K,2025-09-30,2025-11-12,1931000000.0,ReceivablesNetCurrent,10-K,2025-09-30,2025-11-12,1247000000.0,InventoryNet,10-K,2025-09-30,2025-11-12,930000000.0,AccountsPayableCurrent,10-K,2025-09-30,2025-11-12,2614000000.0,LongTermDebtNoncurrent,10-K,2025-09-30,2025-11-12,608000000.0,ShortTermBorrowings,10-K,2025-09-30,2025-11-12,True,453.8900146484375,0.1461869056778724,0.10910763887775499,0.3832672969400959,-0.011886342402372185
ROL,"Rollins, Inc.",Industrials,Environmental & Facilities Services,S&P 500,NR (to derive from financials),NR,default - no public rating available; derive from leverage/margin post-SEC pull,0000084839,True,3761050000.0,RevenueFromContractWithCustomerExcludingAssessedTax,10-K,2025-12-31,2026-02-12,526705000.0,NetIncomeLoss,10-K,2025-12-31,2026-02-12,3140523000.0,Assets,10-K,2025-12-31,2026-02-12,1766202000.0,Liabilities,10-K,2025-12-31,2026-02-12,1374321000.0,StockholdersEquity,10-K,2025-12-31,2026-02-12,100004000.0,CashAndCashEquivalentsAtCarryingValue,10-K,2025-12-31,2026-02-12,678107000.0,NetCashProvidedByUsedInOperatingActivities,10-K,2025-12-31,2026-02-12,28086000.0,PaymentsToAcquirePropertyPlantAndEquipment,10-K,2025-12-31,2026-02-12,,,,,,1048592000.0,CostOfGoodsAndServicesSold,10-K,2020-12-31,2021-02-26,126187000.0,PropertyPlantAndEquipmentNet,10-K,2025-12-31,2026-02-12,124744000.0,DepreciationAndAmortization,10-K,2025-12-31,2026-02-12,1133232000.0,SellingGeneralAndAdministrativeExpense,10-K,2025-12-31,2026-02-12,472682000.0,AssetsCurrent,10-K,2025-12-31,2026-02-12,785525000.0,LiabilitiesCurrent,10-K,2025-12-31,2026-02-12,202518000.0,AccountsReceivableNetCurrent,10-K,2025-12-31,2026-02-12,42982000.0,InventoryNet,10-K,2025-12-31,2026-02-12,44361000.0,AccountsPayableCurrent,10-K,2025-12-31,2026-02-12,486147000.0,LongTermDebt,10-K,2025-12-31,2026-02-12,123683000.0,ShortTermBorrowings,10-K,2025-12-31,2026-02-12,True,53.83000183105469,-0.007375949005312243,-0.16042151668517424,0.2964912178207379,-0.17693146976914886
ROP,Roper Technologies,Industrials,,Nasdaq 100; S&P 500,NR (to derive from financials),NR,default - no public rating available; derive from leverage/margin post-SEC pull,0000882835,True,7902500000.0,RevenueFromContractWithCustomerExcludingAssessedTax,10-K,2025-12-31,2026-02-24,1536300000.0,NetIncomeLoss,10-K,2025-12-31,2026-02-24,34577000000.0,Assets,10-K,2025-12-31,2026-02-24,14695500000.0,Liabilities,10-K,2025-12-31,2026-02-24,19881500000.0,StockholdersEquity,10-K,2025-12-31,2026-02-24,297400000.0,CashAndCashEquivalentsAtCarryingValue,10-K,2025-12-31,2026-02-24,2540300000.0,NetCashProvidedByUsedInOperatingActivities,10-K,2025-12-31,2026-02-24,49100000.0,PaymentsToAcquireProductiveAssets,10-K,2018-12-31,2019-02-25,164700000.0,InterestExpense,10-K,2023-12-31,2024-02-22,2430500000.0,CostOfRevenue,10-K,2025-12-31,2026-02-24,156900000.0,PropertyPlantAndEquipmentNet,10-K,2025-12-31,2026-02-24,898200000.0,DepreciationDepletionAndAmortization,10-K,2025-12-31,2026-02-24,3236600000.0,SellingGeneralAndAdministrativeExpense,10-K,2025-12-31,2026-02-24,1928100000.0,AssetsCurrent,10-K,2025-12-31,2026-02-24,3725600000.0,LiabilitiesCurrent,10-K,2025-12-31,2026-02-24,1001000000.0,AccountsReceivableNetCurrent,10-K,2025-12-31,2026-02-24,141700000.0,InventoryNet,10-K,2025-12-31,2026-02-24,177800000.0,AccountsPayableCurrent,10-K,2020-12-31,2021-02-22,9301000000.0,LongTermDebt,10-K,2025-12-31,2026-02-24,705200000.0,LongTermDebtCurrent,10-K,2025-12-31,2026-02-24,True,343.32000732421875,0.0004954493100928214,-0.021366395697526852,0.2541737007836839,-0.2423104503197172
ROST,Ross Stores,Industrials,,Nasdaq 100; S&P 500,NR (to derive from financials),NR,default - no public rating available; derive from leverage/margin post-SEC pull,0000745732,True,22750559000.0,RevenueFromContractWithCustomerExcludingAssessedTax,10-K,2026-01-31,2026-03-31,2145044000.0,NetIncomeLoss,10-K,2026-01-31,2026-03-31,15548737000.0,Assets,10-K,2026-01-31,2026-03-31,,,,,,6187443000.0,StockholdersEquity,10-K,2026-01-31,2026-03-31,4594392000.0,CashAndCashEquivalentsAtCarryingValue,10-K,2026-01-31,2026-03-31,3026883000.0,NetCashProvidedByUsedInOperatingActivities,10-K,2026-01-31,2026-03-31,819275000.0,PaymentsToAcquirePropertyPlantAndEquipment,10-K,2026-01-31,2026-03-31,,,,,,16447256000.0,CostOfGoodsAndServicesSold,10-K,2026-01-31,2026-03-31,4088760000.0,PropertyPlantAndEquipmentNet,10-K,2026-01-31,2026-03-31,509391000.0,DepreciationDepletionAndAmortization,10-K,2026-01-31,2026-03-31,3595946000.0,SellingGeneralAndAdministrativeExpense,10-K,2026-01-31,2026-03-31,7640097000.0,AssetsCurrent,10-K,2026-01-31,2026-03-31,4827180000.0,LiabilitiesCurrent,10-K,2026-01-31,2026-03-31,181301000.0,ReceivablesNetCurrent,10-K,2026-01-31,2026-03-31,2630970000.0,InventoryNet,10-K,2026-01-31,2026-03-31,2386418000.0,AccountsPayableCurrent,10-K,2026-01-31,2026-03-31,1517606000.0,LongTermDebt,10-K,2026-01-31,2026-03-31,499743000.0,LongTermDebtCurrent,10-K,2026-01-31,2026-03-31,True,225.80999755859375,0.02102547395318677,0.1634441638652424,0.25126342310121524,-0.013542466707097245
RSG,Republic Services,Industrials,Environmental & Facilities Services,S&P 500,NR (to derive from financials),NR,default - no public rating available; derive from leverage/margin post-SEC pull,0001060391,True,19027000000.0,Revenues,10-K,2025-12-31,2026-02-18,2139249000.0,NetIncomeLoss,10-K,2025-12-31,2026-02-18,34366000000.0,Assets,10-K,2025-12-31,2026-02-18,,,,,,11968000000.0,StockholdersEquity,10-K,2025-12-31,2026-02-18,76000000.0,CashAndCashEquivalentsAtCarryingValue,10-K,2025-12-31,2026-02-18,4296000000.0,NetCashProvidedByUsedInOperatingActivities,10-K,2025-12-31,2026-02-18,1887000000.0,PaymentsToAcquirePropertyPlantAndEquipment,10-K,2025-12-31,2026-02-18,508200000.0,InterestExpense,10-K,2023-12-31,2024-02-29,9630000000.0,CostOfGoodsAndServicesSold,10-K,2025-12-31,2026-02-18,12639000000.0,PropertyPlantAndEquipmentAndFinanceLeaseRightOfUseAssetAfterAccumulatedDepreciationAndAmortization,10-K,2025-12-31,2026-02-18,1814000000.0,DepreciationDepletionAndAmortization,10-K,2025-12-31,2026-02-18,1710000000.0,SellingGeneralAndAdministrativeExpense,10-K,2025-12-31,2026-02-18,2523000000.0,AssetsCurrent,10-K,2025-12-31,2026-02-18,3928000000.0,LiabilitiesCurrent,10-K,2025-12-31,2026-02-18,1897000000.0,AccountsReceivableNetCurrent,10-K,2025-12-31,2026-02-18,106000000.0,InventoryNet,10-K,2025-12-31,2026-02-18,1374000000.0,AccountsPayableCurrent,10-K,2025-12-31,2026-02-18,13710000000.0,LongTermDebt,10-K,2025-12-31,2026-02-18,,,,,,True,200.02000427246094,-0.0682008717967455,-0.10483675243500457,0.2043093535504622,-0.1364008530245544
RTX,RTX Corporation,Aerospace & Defense,Aerospace & Defense,S&P 500,A / BBB+ bucket,A,demo_bucket_to_refresh,0000101829,True,88603000000.0,RevenueFromContractWithCustomerExcludingAssessedTax,10-K,2025-12-31,2026-02-06,6732000000.0,NetIncomeLoss,10-K,2025-12-31,2026-02-06,171079000000.0,Assets,10-K,2025-12-31,2026-02-06,103941000000.0,Liabilities,10-K,2025-12-31,2026-02-06,65245000000.0,StockholdersEquity,10-K,2025-12-31,2026-02-06,7435000000.0,CashAndCashEquivalentsAtCarryingValue,10-K,2025-12-31,2026-02-06,10567000000.0,NetCashProvidedByUsedInOperatingActivities,10-K,2025-12-31,2026-02-06,2627000000.0,PaymentsToAcquirePropertyPlantAndEquipment,10-K,2025-12-31,2026-02-06,1862000000.0,InterestExpense,10-K,2024-12-31,2025-02-03,31027000000.0,CostOfGoodsSold,10-K,2017-12-31,2018-02-09,16868000000.0,PropertyPlantAndEquipmentNet,10-K,2025-12-31,2026-02-06,4378000000.0,DepreciationDepletionAndAmortization,10-K,2025-12-31,2026-02-06,6095000000.0,SellingGeneralAndAdministrativeExpense,10-K,2025-12-31,2026-02-06,60332000000.0,AssetsCurrent,10-K,2025-12-31,2026-02-06,58784000000.0,LiabilitiesCurrent,10-K,2025-12-31,2026-02-06,14701000000.0,ReceivablesNetCurrent,10-K,2025-12-31,2026-02-06,13364000000.0,InventoryNet,10-K,2025-12-31,2026-02-06,15895000000.0,AccountsPayableCurrent,10-K,2025-12-31,2026-02-06,41078000000.0,LongTermDebt,10-K,2024-12-31,2025-02-03,204000000.0,ShortTermBorrowings,10-K,2025-12-31,2026-02-06,True,176.08999633789062,-0.126364365594413,-0.09947058683986443,0.26493325035670945,-0.17001322917426331
RVTY,Revvity,Healthcare,Health Care Equipment,S&P 500,NR (to derive from financials),NR,default - no public rating available; derive from leverage/margin post-SEC pull,0000031791,True,2856051000.0,RevenueFromContractWithCustomerExcludingAssessedTax,10-K,2025-12-28,2026-02-24,241201000.0,NetIncomeLoss,10-K,2025-12-28,2026-02-24,12168411000.0,Assets,10-K,2025-12-28,2026-02-24,4918051000.0,Liabilities,10-K,2025-12-28,2026-02-24,7250360000.0,StockholdersEquity,10-K,2025-12-28,2026-02-24,919860000.0,CashAndCashEquivalentsAtCarryingValue,10-K,2025-12-28,2026-02-24,582933000.0,NetCashProvidedByUsedInOperatingActivities,10-K,2025-12-28,2026-02-24,73522000.0,PaymentsToAcquirePropertyPlantAndEquipment,10-K,2025-12-28,2026-02-24,49712000.0,InterestExpense,10-K,2021-01-03,2021-03-02,1437057000.0,CostOfGoodsAndServicesSold,10-K,2018-12-30,2019-02-26,479249000.0,PropertyPlantAndEquipmentNet,10-K,2025-12-28,2026-02-24,405340000.0,DepreciationDepletionAndAmortization,10-K,2025-12-28,2026-02-24,991890000.0,SellingGeneralAndAdministrativeExpense,10-K,2025-12-28,2026-02-24,2239747000.0,AssetsCurrent,10-K,2025-12-28,2026-02-24,1331246000.0,LiabilitiesCurrent,10-K,2025-12-28,2026-02-24,744671000.0,AccountsReceivableNetCurrent,10-K,2025-12-28,2026-02-24,379497000.0,InventoryNet,10-K,2025-12-28,2026-02-24,185464000.0,AccountsPayableCurrent,10-K,2025-12-28,2026-02-24,2631236000.0,LongTermDebtNoncurrent,10-K,2025-12-28,2026-02-24,588828000.0,LongTermDebtCurrent,10-K,2025-12-28,2026-02-24,True,101.0,0.125726949730411,-0.016932211301616484,0.4355410250476146,-0.14157936683992733
SATS,EchoStar,Technology & Communications,Wireless Telecommunication Services,S&P 500,NR (to derive from financials),NR,default - no public rating available; derive from leverage/margin post-SEC pull,0001415404,True,15004989000.0,RevenueFromContractWithCustomerExcludingAssessedTax,10-K,2025-12-31,2026-03-02,-14497180000.0,NetIncomeLoss,10-K,2025-12-31,2026-03-02,43016355000.0,Assets,10-K,2025-12-31,2026-03-02,37204357000.0,Liabilities,10-K,2025-12-31,2026-03-02,5765784000.0,StockholdersEquity,10-K,2025-12-31,2026-03-02,1883074000.0,CashAndCashEquivalentsAtCarryingValue,10-K,2025-12-31,2026-03-02,-99374000.0,NetCashProvidedByUsedInOperatingActivities,10-K,2025-12-31,2026-03-02,965730000.0,PaymentsToAcquirePropertyPlantAndEquipment,10-K,2025-12-31,2026-03-02,57170000.0,InterestExpense,10-K,2022-12-31,2023-02-23,212170000.0,CostOfGoodsSold,10-K,2017-12-31,2018-02-22,2243515000.0,PropertyPlantAndEquipmentNet,10-K,2025-12-31,2026-03-02,1585549000.0,DepreciationDepletionAndAmortization,10-K,2025-12-31,2026-03-02,2380253000.0,SellingGeneralAndAdministrativeExpense,10-K,2025-12-31,2026-03-02,5133171000.0,AssetsCurrent,10-K,2025-12-31,2026-03-02,12363419000.0,LiabilitiesCurrent,10-K,2025-12-31,2026-03-02,1273849000.0,AccountsReceivableNetCurrent,10-K,2025-12-31,2026-03-02,380647000.0,InventoryNet,10-K,2025-12-31,2026-03-02,541706000.0,AccountsPayableCurrent,10-K,2025-12-31,2026-03-02,1980000000.0,LongTermDebt,10-K,2024-11-30,2024-02-29,0.0,LongTermDebtCurrent,10-K,2021-12-31,2022-02-24,True,127.1500015258789,-0.011198342429592278,0.10382844718278705,0.5385396821002014,-0.058914951139914296
SBAC,SBA Communications,Real Estate,Telecom Tower REITs,S&P 500,NR (to derive from financials),NR,default - no public rating available; derive from leverage/margin post-SEC pull,0001034054,True,2815139000.0,Revenues,10-K,2025-12-31,2026-02-27,1053632000.0,NetIncomeLoss,10-K,2025-12-31,2026-02-27,11575012000.0,Assets,10-K,2025-12-31,2026-02-27,,,,,,-4853519000.0,StockholdersEquity,10-K,2025-12-31,2026-02-27,264568000.0,CashAndCashEquivalentsAtCarryingValue,10-K,2025-12-31,2026-02-27,1291328000.0,NetCashProvidedByUsedInOperatingActivities,10-K,2025-12-31,2026-02-27,224819000.0,PaymentsToAcquirePropertyPlantAndEquipment,10-K,2025-12-31,2026-02-27,196241000.0,InterestExpense,10-K,2012-12-31,2013-02-27,198972000.0,CostOfGoodsAndServicesSold,10-K,2025-12-31,2026-02-27,3401799000.0,PropertyPlantAndEquipmentNet,10-K,2025-12-31,2026-02-27,131800000.0,Depreciation,10-K,2025-12-31,2026-02-27,277611000.0,SellingGeneralAndAdministrativeExpense,10-K,2025-12-31,2026-02-27,773431000.0,AssetsCurrent,10-K,2025-12-31,2026-02-27,2678301000.0,LiabilitiesCurrent,10-K,2025-12-31,2026-02-27,171256000.0,AccountsReceivableNetCurrent,10-K,2025-12-31,2026-02-27,,,,,,73034000.0,AccountsPayableCurrent,10-K,2025-12-31,2026-02-27,12900268000.0,LongTermDebt,10-K,2025-12-31,2026-02-27,1935802000.0,LongTermDebtCurrent,10-K,2025-12-31,2026-02-27,True,218.1699981689453,-0.024938555669518192,0.18971084878503874,0.5016737677251216,-0.024938555669518192
SBUX,Starbucks,Industrials,,Nasdaq 100; S&P 500,BBB / A bucket,A,demo_bucket_to_refresh,0000829224,True,37184400000.0,Revenues,10-K,2025-09-28,2025-11-14,1856400000.0,NetIncomeLoss,10-K,2025-09-28,2025-11-14,32019700000.0,Assets,10-K,2025-09-28,2025-11-14,40108900000.0,Liabilities,10-K,2025-09-28,2025-11-14,-8096600000.0,StockholdersEquity,10-K,2025-09-28,2025-11-14,3219800000.0,CashCashEquivalentsRestrictedCashAndRestrictedCashEquivalents,10-K,2025-09-28,2025-11-14,4747500000.0,NetCashProvidedByUsedInOperatingActivities,10-K,2025-09-28,2025-11-14,2305500000.0,PaymentsToAcquirePropertyPlantAndEquipment,10-K,2025-09-28,2025-11-14,542600000.0,InterestExpense,10-K,2025-09-28,2025-11-14,8526900000.0,CostOfGoodsAndServicesSold,10-K,2019-09-29,2019-11-15,8493500000.0,PropertyPlantAndEquipmentNet,10-K,2025-09-28,2025-11-14,1771500000.0,DepreciationDepletionAndAmortization,10-K,2025-09-28,2025-11-14,2617200000.0,GeneralAndAdministrativeExpense,10-K,2025-09-28,2025-11-14,7382300000.0,AssetsCurrent,10-K,2025-09-28,2025-11-14,10210400000.0,LiabilitiesCurrent,10-K,2025-09-28,2025-11-14,1277500000.0,AccountsReceivableNetCurrent,10-K,2025-09-28,2025-11-14,2185600000.0,InventoryNet,10-K,2025-09-28,2025-11-14,1852800000.0,AccountsPayableCurrent,10-K,2025-09-28,2025-11-14,16074800000.0,LongTermDebt,10-K,2025-09-28,2025-11-14,1498900000.0,LongTermDebtCurrent,10-K,2025-09-28,2025-11-14,True,104.93000030517578,0.08623190437509454,0.06694970465567418,0.3244321532635725,-0.014186415836111133
SCHW,Charles Schwab Corporation,Financials,Investment Banking & Brokerage,S&P 500,A bucket,A,demo_bucket_to_refresh,0000316709,True,23921000000.0,Revenues,10-K,2025-12-31,2026-02-25,8852000000.0,NetIncomeLoss,10-K,2025-12-31,2026-02-25,490995000000.0,Assets,10-K,2025-12-31,2026-02-25,441570000000.0,Liabilities,10-K,2025-12-31,2026-02-25,49425000000.0,StockholdersEquity,10-K,2025-12-31,2026-02-25,46030000000.0,CashAndCashEquivalentsAtCarryingValue,10-K,2025-12-31,2026-02-25,9311000000.0,NetCashProvidedByUsedInOperatingActivities,10-K,2025-12-31,2026-02-25,548000000.0,PaymentsToAcquirePropertyPlantAndEquipment,10-K,2025-12-31,2026-02-25,6684000000.0,InterestExpense,10-K,2023-12-31,2024-02-23,,,,,,3091000000.0,PropertyPlantAndEquipmentAndFinanceLeaseRightOfUseAssetAfterAccumulatedDepreciationAndAmortization,10-K,2025-12-31,2026-02-25,804000000.0,DepreciationAndAmortization,10-K,2023-12-31,2024-02-23,,,,,,,,,,,,,,,,,,,,,,,,,,,,,,,18914000000.0,LongTermDebt,10-K,2021-12-31,2022-02-24,17050000000.0,ShortTermBorrowings,10-K,2022-12-31,2023-02-24,True,88.61000061035156,-0.061941416174637,-0.16772442233570084,0.314639348076357,-0.16772442233570084
SHOP,Shopify,Industrials,,Nasdaq 100,NR (to derive from financials),NR,default - no public rating available; derive from leverage/margin post-SEC pull,0001594805,True,11556000000.0,Revenues,10-K,2025-12-31,2026-02-11,1231000000.0,NetIncomeLoss,10-K,2025-12-31,2026-02-11,15189000000.0,Assets,10-K,2025-12-31,2026-02-11,,,,,,13473000000.0,StockholdersEquity,10-K,2025-12-31,2026-02-11,1545000000.0,CashAndCashEquivalentsAtCarryingValue,10-K,2025-12-31,2026-02-11,2033000000.0,NetCashProvidedByUsedInOperatingActivities,10-K,2025-12-31,2026-02-11,26000000.0,PaymentsToAcquirePropertyPlantAndEquipment,10-K,2025-12-31,2026-02-11,3499000.0,InterestExpense,40-F,2022-12-31,2023-02-16,6001000000.0,CostOfGoodsAndServicesSold,10-K,2025-12-31,2026-02-11,53000000.0,PropertyPlantAndEquipmentNet,10-K,2025-12-31,2026-02-11,31000000.0,DepreciationDepletionAndAmortization,10-K,2025-12-31,2026-02-11,471000000.0,GeneralAndAdministrativeExpense,10-K,2025-12-31,2026-02-11,8296000000.0,AssetsCurrent,10-K,2025-12-31,2026-02-11,1392000000.0,LiabilitiesCurrent,10-K,2025-12-31,2026-02-11,500000000.0,ReceivablesNetCurrent,10-K,2025-12-31,2026-02-11,21000000.0,InventoryNet,10-K,2025-12-31,2026-02-11,1075000000.0,AccountsPayableAndAccruedLiabilitiesCurrent,10-K,2025-12-31,2026-02-11,,,,,,,,,,,True,110.41000366210938,-0.0034298876277445434,-0.06748308919593338,0.6674984220745016,-0.35368493544066526
SHW,Sherwin-Williams,Materials,,Dow; S&P 500,NR (to derive from financials),NR,default - no public rating available; derive from leverage/margin post-SEC pull,0000089800,True,23574300000.0,RevenueFromContractWithCustomerExcludingAssessedTax,10-K,2025-12-31,2026-02-19,2568500000.0,NetIncomeLoss,10-K,2025-12-31,2026-02-19,25901700000.0,Assets,10-K,2025-12-31,2026-02-19,,,,,,4598300000.0,StockholdersEquity,10-K,2025-12-31,2026-02-19,207200000.0,CashAndCashEquivalentsAtCarryingValue,10-K,2025-12-31,2026-02-19,3451600000.0,NetCashProvidedByUsedInOperatingActivities,10-K,2025-12-31,2026-02-19,797600000.0,PaymentsToAcquireProductiveAssets,10-K,2025-12-31,2026-02-19,417500000.0,InterestExpense,10-K,2023-12-31,2024-02-20,12058800000.0,CostOfGoodsAndServicesSold,10-K,2025-12-31,2026-02-19,4137400000.0,PropertyPlantAndEquipmentNet,10-K,2025-12-31,2026-02-19,340300000.0,Depreciation,10-K,2025-12-31,2026-02-19,7695000000.0,SellingGeneralAndAdministrativeExpense,10-K,2025-12-31,2026-02-19,6007400000.0,AssetsCurrent,10-K,2025-12-31,2026-02-19,6920300000.0,LiabilitiesCurrent,10-K,2025-12-31,2026-02-19,2791200000.0,AccountsReceivableNetCurrent,10-K,2025-12-31,2026-02-19,2318200000.0,InventoryNet,10-K,2025-12-31,2026-02-19,2354200000.0,AccountsPayableCurrent,10-K,2025-12-31,2026-02-19,9670800000.0,LongTermDebt,10-K,2025-12-31,2026-02-19,1200500000.0,ShortTermBorrowings,10-K,2025-12-31,2026-02-19,True,316.82000732421875,-0.05739186239042238,-0.1194660320535813,0.28999702662293797,-0.14782458229354944
SJM,J.M. Smucker Company (The),Consumer Staples,Packaged Foods & Meats,S&P 500,NR (to derive from financials),NR,default - no public rating available; derive from leverage/margin post-SEC pull,0000091419,True,7357100000.0,SalesRevenueGoodsNet,10-K,2018-04-30,2018-06-18,-1230800000.0,NetIncomeLoss,10-K,2025-04-30,2025-06-18,17563300000.0,Assets,10-K,2025-04-30,2025-06-18,11480700000.0,Liabilities,10-K,2025-04-30,2025-06-18,6082600000.0,StockholdersEquity,10-K,2025-04-30,2025-06-18,69900000.0,CashCashEquivalentsRestrictedCashAndRestrictedCashEquivalents,10-K,2025-04-30,2025-06-18,1210400000.0,NetCashProvidedByUsedInOperatingActivities,10-K,2025-04-30,2025-06-18,393800000.0,PaymentsToAcquirePropertyPlantAndEquipment,10-K,2025-04-30,2025-06-18,81296000.0,InterestExpense,10-K,2012-04-30,2012-06-25,5341400000.0,CostOfGoodsAndServicesSold,10-K,2025-04-30,2025-06-18,3079600000.0,PropertyPlantAndEquipmentNet,10-K,2025-04-30,2025-06-18,283200000.0,Depreciation,10-K,2025-04-30,2025-06-18,1529000000.0,SellingGeneralAndAdministrativeExpense,10-K,2025-04-30,2025-06-18,2146600000.0,AssetsCurrent,10-K,2025-04-30,2025-06-18,2652000000.0,LiabilitiesCurrent,10-K,2025-04-30,2025-06-18,619000000.0,AccountsReceivableNetCurrent,10-K,2025-04-30,2025-06-18,1209400000.0,InventoryNet,10-K,2025-04-30,2025-06-18,1288700000.0,AccountsPayableCurrent,10-K,2025-04-30,2025-06-18,7036800000.0,LongTermDebt,10-K,2025-04-30,2025-06-18,640800000.0,ShortTermBorrowings,10-K,2025-04-30,2025-06-18,True,99.25,0.0917390386308683,-0.06715692053338196,0.288950666280681,-0.1443965517241379
SLB,Schlumberger,Energy,Oil & Gas Equipment & Services,S&P 500,A / BBB bucket,A,demo_bucket_to_refresh,0000087347,True,35708000000.0,RevenueFromContractWithCustomerExcludingAssessedTax,10-K,2025-12-31,2026-01-23,3374000000.0,NetIncomeLoss,10-K,2025-12-31,2026-01-23,54868000000.0,Assets,10-K,2025-12-31,2026-01-23,27577000000.0,Liabilities,10-K,2025-12-31,2026-01-23,26109000000.0,StockholdersEquity,10-K,2025-12-31,2026-01-23,3130000000.0,CashAndCashEquivalentsAtCarryingValue,10-K,2014-12-31,2015-01-29,6489000000.0,NetCashProvidedByUsedInOperatingActivities,10-K,2025-12-31,2026-01-23,1694000000.0,PaymentsToAcquirePropertyPlantAndEquipment,10-K,2025-12-31,2026-01-23,558000000.0,InterestExpense,10-K,2025-12-31,2026-01-23,8337000000.0,CostOfGoodsSold,10-K,2017-12-31,2018-01-24,7894000000.0,PropertyPlantAndEquipmentNet,10-K,2025-12-31,2026-01-23,2643000000.0,DepreciationDepletionAndAmortization,10-K,2025-12-31,2026-01-23,340000000.0,GeneralAndAdministrativeExpense,10-K,2025-12-31,2026-01-23,19513000000.0,AssetsCurrent,10-K,2025-12-31,2026-01-23,14721000000.0,LiabilitiesCurrent,10-K,2025-12-31,2026-01-23,8689000000.0,ReceivablesNetCurrent,10-K,2025-12-31,2026-01-23,5032000000.0,InventoryNet,10-K,2025-12-31,2026-01-23,11490000000.0,AccountsPayableAndAccruedLiabilitiesCurrent,10-K,2025-12-31,2026-01-23,9742000000.0,LongTermDebtNoncurrent,10-K,2025-12-31,2026-01-23,1178000000.0,ShortTermBorrowings,10-K,2016-12-31,2017-01-25,True,53.27000045776367,0.026001585832601704,0.06023223443896475,0.3575881896885009,-0.06412504969427468
SMCI,Supermicro,Technology,"Technology Hardware, Storage & Peripherals",S&P 500,NR shown,NR,screenshot,0001375365,True,21972042000.0,RevenueFromContractWithCustomerExcludingAssessedTax,10-K,2025-06-30,2025-08-28,1048854000.0,NetIncomeLoss,10-K,2025-06-30,2025-08-28,14018429000.0,Assets,10-K,2025-06-30,2025-08-28,7716558000.0,Liabilities,10-K,2025-06-30,2025-08-28,6301693000.0,StockholdersEquity,10-K,2025-06-30,2025-08-28,5169911000.0,CashAndCashEquivalentsAtCarryingValue,10-K,2025-06-30,2025-08-28,1659524000.0,NetCashProvidedByUsedInOperatingActivities,10-K,2025-06-30,2025-08-28,127214000.0,PaymentsToAcquirePropertyPlantAndEquipment,10-K,2025-06-30,2025-08-28,10491000.0,InterestExpense,10-K,2023-06-30,2023-08-28,19542120000.0,CostOfRevenue,10-K,2025-06-30,2025-08-28,504488000.0,PropertyPlantAndEquipmentNet,10-K,2025-06-30,2025-08-28,41000000.0,DepreciationDepletionAndAmortization,10-K,2025-06-30,2025-08-28,267239000.0,GeneralAndAdministrativeExpense,10-K,2025-06-30,2025-08-28,12301654000.0,AssetsCurrent,10-K,2025-06-30,2025-08-28,2344792000.0,LiabilitiesCurrent,10-K,2025-06-30,2025-08-28,2203942000.0,AccountsReceivableNetCurrent,10-K,2025-06-30,2025-08-28,4680375000.0,InventoryNet,10-K,2025-06-30,2025-08-28,1281977000.0,AccountsPayableCurrent,10-K,2025-06-30,2025-08-28,120179000.0,LongTermDebt,10-K,2023-06-30,2023-08-28,170123000.0,ShortTermBorrowings,10-K,2023-06-30,2023-08-28,True,35.369998931884766,0.4002374747187585,0.05487623679020226,1.0518082801705193,-0.12320280619493973
SNA,Snap-on,Industrials,Industrial Machinery & Supplies & Components,S&P 500,NR (to derive from financials),NR,default - no public rating available; derive from leverage/margin post-SEC pull,0000091440,True,5156100000.0,Revenues,10-K,2026-01-03,2026-02-12,1016900000.0,NetIncomeLoss,10-K,2026-01-03,2026-02-12,8412300000.0,Assets,10-K,2026-01-03,2026-02-12,2455500000.0,Liabilities,10-K,2026-01-03,2026-02-12,5931800000.0,StockholdersEquity,10-K,2026-01-03,2026-02-12,1624500000.0,CashAndCashEquivalentsAtCarryingValue,10-K,2026-01-03,2026-02-12,1081700000.0,NetCashProvidedByUsedInOperatingActivities,10-K,2026-01-03,2026-02-12,,,,,,49900000.0,InterestExpense,10-K,2023-12-30,2024-02-16,1862000000.0,CostOfGoodsAndServicesSold,10-K,2017-12-30,2018-02-15,552300000.0,PropertyPlantAndEquipmentAndFinanceLeaseRightOfUseAssetAfterAccumulatedDepreciationAndAmortization,10-K,2026-01-03,2026-02-12,98500000.0,DepreciationDepletionAndAmortization,10-K,2026-01-03,2026-02-12,,,,,,4402800000.0,AssetsCurrent,10-K,2026-01-03,2026-02-12,918500000.0,LiabilitiesCurrent,10-K,2026-01-03,2026-02-12,881400000.0,AccountsReceivableNetCurrent,10-K,2026-01-03,2026-02-12,1025200000.0,InventoryNet,10-K,2026-01-03,2026-02-12,229100000.0,AccountsPayableCurrent,10-K,2026-01-03,2026-02-12,1202600000.0,LongTermDebt,10-K,2026-01-03,2026-02-12,0.0,LongTermDebtCurrent,10-K,2022-01-01,2022-02-11,True,374.0,-0.015063734336655421,0.022446765988265893,0.2381435440372927,-0.042866282789507326
SNDK,Sandisk,Industrials,,Nasdaq 100; S&P 500,NR (to derive from financials),NR,default - no public rating available; derive from leverage/margin post-SEC pull,0002023554,True,7355000000.0,RevenueFromContractWithCustomerExcludingAssessedTax,10-K,2025-06-27,2025-08-21,-1641000000.0,NetIncomeLoss,10-K,2025-06-27,2025-08-21,12985000000.0,Assets,10-K,2025-06-27,2025-08-21,3769000000.0,Liabilities,10-K,2025-06-27,2025-08-21,9216000000.0,StockholdersEquity,10-K,2025-06-27,2025-08-21,1481000000.0,CashAndCashEquivalentsAtCarryingValue,10-K,2025-06-27,2025-08-21,84000000.0,NetCashProvidedByUsedInOperatingActivities,10-K,2025-06-27,2025-08-21,204000000.0,PaymentsToAcquirePropertyPlantAndEquipment,10-K,2025-06-27,2025-08-21,,,,,,5143000000.0,CostOfGoodsAndServicesSold,10-K,2025-06-27,2025-08-21,619000000.0,PropertyPlantAndEquipmentNet,10-K,2025-06-27,2025-08-21,163000000.0,DepreciationAndAmortization,10-K,2025-06-27,2025-08-21,573000000.0,SellingGeneralAndAdministrativeExpense,10-K,2025-06-27,2025-08-21,5086000000.0,AssetsCurrent,10-K,2025-06-27,2025-08-21,1427000000.0,LiabilitiesCurrent,10-K,2025-06-27,2025-08-21,1068000000.0,AccountsReceivableNetCurrent,10-K,2025-06-27,2025-08-21,2079000000.0,InventoryNet,10-K,2025-06-27,2025-08-21,,,,,,1849000000.0,LongTermDebt,10-K,2025-06-27,2025-08-21,20000000.0,LongTermDebtCurrent,10-K,2025-06-27,2025-08-21,True,1562.3399658203125,0.8342274675036188,1.6779909160776052,0.972976243879911,0.0
SNPS,Synopsys,Industrials,,Nasdaq 100; S&P 500,NR (to derive from financials),NR,default - no public rating available; derive from leverage/margin post-SEC pull,0000883241,True,7054178000.0,RevenueFromContractWithCustomerExcludingAssessedTax,10-K,2025-10-31,2025-12-22,1332220000.0,NetIncomeLoss,10-K,2025-10-31,2025-12-22,48224461000.0,Assets,10-K,2025-10-31,2025-12-22,19897446000.0,Liabilities,10-K,2025-10-31,2025-12-22,28327602000.0,StockholdersEquity,10-K,2025-10-31,2025-12-22,2888030000.0,CashAndCashEquivalentsAtCarryingValue,10-K,2025-10-31,2025-12-22,1518608000.0,NetCashProvidedByUsedInOperatingActivities,10-K,2025-10-31,2025-12-22,169454000.0,PaymentsToAcquirePropertyPlantAndEquipment,10-K,2025-10-31,2025-12-22,1178000.0,InterestExpense,10-K,2023-10-31,2023-12-12,1623549000.0,CostOfRevenue,10-K,2025-10-31,2025-12-22,696693000.0,PropertyPlantAndEquipmentNet,10-K,2025-10-31,2025-12-22,660430000.0,DepreciationDepletionAndAmortization,10-K,2025-10-31,2025-12-22,769648000.0,GeneralAndAdministrativeExpense,10-K,2025-10-31,2025-12-22,6012102000.0,AssetsCurrent,10-K,2025-10-31,2025-12-22,3722494000.0,LiabilitiesCurrent,10-K,2025-10-31,2025-12-22,1505427000.0,AccountsReceivableNetCurrent,10-K,2025-10-31,2025-12-22,365190000.0,InventoryNet,10-K,2025-10-31,2025-12-22,164766000.0,AccountsPayableCurrent,10-K,2025-10-31,2025-12-22,13484515000.0,LongTermDebt,10-K,2025-10-31,2025-12-22,22117000.0,LongTermDebtCurrent,10-K,2025-10-31,2025-12-22,True,516.47998046875,0.31674483308073187,0.17676005388727134,0.44509858350672127,-0.031757345026685035
SO,Southern Company,Utilities,Electric Utilities,S&P 500,BBB+ bucket,BBB+,demo_bucket_to_refresh,0000092122,True,29553000000.0,Revenues,10-K,2025-12-31,2026-02-19,4341000000.0,NetIncomeLoss,10-K,2025-12-31,2026-02-19,155720000000.0,Assets,10-K,2025-12-31,2026-02-19,116853000000.0,Liabilities,10-K,2025-12-31,2026-02-19,36016000000.0,StockholdersEquity,10-K,2025-12-31,2026-02-19,1639000000.0,CashAndCashEquivalentsAtCarryingValue,10-K,2025-12-31,2026-02-19,9802000000.0,NetCashProvidedByUsedInOperatingActivities,10-K,2025-12-31,2026-02-19,12737000000.0,PaymentsToAcquirePropertyPlantAndEquipment,10-K,2025-12-31,2026-02-19,3238000000.0,InterestAndDebtExpense,10-K,2025-12-31,2026-02-19,814000000.0,CostOfGoodsAndServicesSold,10-Q,2021-06-30,2021-07-29,99844000000.0,PropertyPlantAndEquipmentNet,10-K,2023-12-31,2024-02-15,,,,,,,,,,,10917000000.0,AssetsCurrent,10-K,2025-12-31,2026-02-19,16888000000.0,LiabilitiesCurrent,10-K,2025-12-31,2026-02-19,,,,,,,,,,,3710000000.0,AccountsPayableCurrent,10-K,2025-12-31,2026-02-19,,,,,,722000000.0,ShortTermBorrowings,10-K,2025-12-31,2026-02-19,True,91.80000305175781,-0.05506946361391418,0.035142991029439186,0.2022036352902429,-0.0737564071594835
SOLV,Solventum,Healthcare,Health Care Technology,S&P 500,NR (to derive from financials),NR,default - no public rating available; derive from leverage/margin post-SEC pull,0001964738,True,8325000000.0,Revenues,10-K,2025-12-31,2026-02-27,1556000000.0,NetIncomeLoss,10-K,2025-12-31,2026-02-27,14294000000.0,Assets,10-K,2025-12-31,2026-02-27,9245000000.0,Liabilities,10-K,2025-12-31,2026-02-27,5049000000.0,StockholdersEquity,10-K,2025-12-31,2026-02-27,878000000.0,CashAndCashEquivalentsAtCarryingValue,10-K,2025-12-31,2026-02-27,369000000.0,NetCashProvidedByUsedInOperatingActivities,10-K,2025-12-31,2026-02-27,379000000.0,PaymentsToAcquirePropertyPlantAndEquipment,10-K,2025-12-31,2026-02-27,,,,,,,,,,,1326000000.0,PropertyPlantAndEquipmentNet,10-K,2025-12-31,2026-02-27,489000000.0,DepreciationDepletionAndAmortization,10-K,2025-12-31,2026-02-27,3080000000.0,SellingGeneralAndAdministrativeExpense,10-K,2025-12-31,2026-02-27,3859000000.0,AssetsCurrent,10-K,2025-12-31,2026-02-27,3136000000.0,LiabilitiesCurrent,10-K,2025-12-31,2026-02-27,1034000000.0,AccountsReceivableNetCurrent,10-K,2025-12-31,2026-02-27,1066000000.0,InventoryNet,10-K,2025-12-31,2026-02-27,687000000.0,AccountsPayableCurrent,10-K,2025-12-31,2026-02-27,5035000000.0,LongTermDebt,10-K,2025-12-31,2026-02-27,0.0,LongTermDebtCurrent,10-K,2025-12-31,2026-02-27,True,73.37999725341797,0.11536701979432995,-0.06007432380862665,0.31839025176488944,-0.14813097546601395
SPG,Simon Property Group,Real Estate,Retail REITs,S&P 500,A / BBB bucket,A,demo_bucket_to_refresh,0001063761,True,6364505000.0,Revenues,10-K,2025-12-31,2026-02-25,5364120000.0,ProfitLoss,10-K,2025-12-31,2026-02-25,40606466000.0,Assets,10-K,2025-12-31,2026-02-25,33901073000.0,Liabilities,10-K,2025-12-31,2026-02-25,5208268000.0,StockholdersEquity,10-K,2025-12-31,2026-02-25,823147000.0,CashAndCashEquivalentsAtCarryingValue,10-K,2025-12-31,2026-02-25,4136551000.0,NetCashProvidedByUsedInOperatingActivities,10-K,2025-12-31,2026-02-25,934346000.0,PaymentsToAcquireProductiveAssets,10-K,2025-12-31,2026-02-25,974835000.0,InterestExpense,10-K,2025-12-31,2026-02-25,,,,,,,,,,,1426423000.0,DepreciationAndAmortization,10-K,2025-12-31,2026-02-25,60888000.0,GeneralAndAdministrativeExpense,10-K,2025-12-31,2026-02-25,,,,,,,,,,,,,,,,,,,,,,,,,,28430175000.0,LongTermDebt,10-K,2025-12-31,2026-02-25,,,,,,True,202.1199951171875,0.00772791412657825,0.04010062630752276,0.2143126045298392,-0.026209300951020476
SPGI,S&P Global,Financials,Financial Exchanges & Data,S&P 500,NR (to derive from financials),NR,default - no public rating available; derive from leverage/margin post-SEC pull,0000064040,True,15336000000.0,RevenueFromContractWithCustomerExcludingAssessedTax,10-K,2025-12-31,2026-02-11,4471000000.0,NetIncomeLoss,10-K,2025-12-31,2026-02-11,61200000000.0,Assets,10-K,2025-12-31,2026-02-11,25048000000.0,Liabilities,10-K,2025-12-31,2026-02-11,31127000000.0,StockholdersEquity,10-K,2025-12-31,2026-02-11,1745000000.0,CashAndCashEquivalentsAtCarryingValue,10-K,2025-12-31,2026-02-11,5651000000.0,NetCashProvidedByUsedInOperatingActivities,10-K,2025-12-31,2026-02-11,195000000.0,PaymentsToAcquireProductiveAssets,10-K,2025-12-31,2026-02-11,334000000.0,InterestExpense,10-K,2023-12-31,2024-02-09,4563000000.0,CostOfRevenue,10-K,2025-12-31,2026-02-11,278000000.0,PropertyPlantAndEquipmentNet,10-K,2025-12-31,2026-02-11,1179000000.0,DepreciationDepletionAndAmortization,10-K,2025-12-31,2026-02-11,3417000000.0,SellingGeneralAndAdministrativeExpense,10-K,2025-12-31,2026-02-11,6296000000.0,AssetsCurrent,10-K,2025-12-31,2026-02-11,7637000000.0,LiabilitiesCurrent,10-K,2025-12-31,2026-02-11,3441000000.0,AccountsReceivableNetCurrent,10-K,2025-12-31,2026-02-11,263000000.0,InventoryNet,10-K,2011-12-31,2012-02-07,610000000.0,AccountsPayableCurrent,10-K,2025-12-31,2026-02-11,13088000000.0,LongTermDebt,10-K,2025-12-31,2026-02-11,400000000.0,ShortTermBorrowings,10-K,2011-12-31,2012-02-07,True,420.1199951171875,0.011313806599427823,-0.051990009546558746,0.32575263657564946,-0.22925492789485724
SRE,Sempra,Utilities,Multi-Utilities,S&P 500,NR (to derive from financials),NR,default - no public rating available; derive from leverage/margin post-SEC pull,0001032208,True,13702000000.0,Revenues,10-K,2025-12-31,2026-02-26,1837000000.0,NetIncomeLoss,10-K,2025-12-31,2026-02-26,110878000000.0,Assets,10-K,2025-12-31,2026-02-26,,,,,,31594000000.0,StockholdersEquity,10-K,2025-12-31,2026-02-26,29000000.0,CashAndCashEquivalentsAtCarryingValue,10-K,2025-12-31,2026-02-26,4565000000.0,NetCashProvidedByUsedInOperatingActivities,10-K,2025-12-31,2026-02-26,10612000000.0,PaymentsToAcquireProductiveAssets,10-K,2025-12-31,2026-02-26,1309000000.0,InterestExpense,10-K,2023-12-31,2024-02-27,,,,,,49011000000.0,PropertyPlantAndEquipmentAndFinanceLeaseRightOfUseAssetAfterAccumulatedDepreciationAndAmortization,10-K,2025-12-31,2026-02-26,2563000000.0,DepreciationAndAmortization,10-K,2025-12-31,2026-02-26,,,,,,34837000000.0,AssetsCurrent,10-K,2025-12-31,2026-02-26,21894000000.0,LiabilitiesCurrent,10-K,2025-12-31,2026-02-26,1767000000.0,AccountsReceivableNetCurrent,10-K,2025-12-31,2026-02-26,561000000.0,InventoryNet,10-K,2025-12-31,2026-02-26,,,,,,,,,,,4166000000.0,ShortTermBorrowings,10-K,2025-12-31,2026-02-26,True,91.52999877929688,-0.07377050129569229,0.05359067705975895,0.1984199597673625,-0.08240602727521928
STE,Steris,Healthcare,Health Care Equipment,S&P 500,NR (to derive from financials),NR,default - no public rating available; derive from leverage/margin post-SEC pull,0001757898,True,5459515000.0,Revenues,10-K,2025-03-31,2025-05-29,614641000.0,NetIncomeLoss,10-K,2025-03-31,2025-05-29,10146811000.0,Assets,10-K,2025-03-31,2025-05-29,3531054000.0,Liabilities,10-K,2025-03-31,2025-05-29,6603405000.0,StockholdersEquity,10-K,2025-03-31,2025-05-29,171701000.0,CashCashEquivalentsRestrictedCashAndRestrictedCashEquivalents,10-K,2025-03-31,2025-05-29,1148087000.0,NetCashProvidedByUsedInOperatingActivities,10-K,2025-03-31,2025-05-29,370091000.0,PaymentsToAcquirePropertyPlantAndEquipment,10-K,2025-03-31,2025-05-29,144351000.0,InterestExpense,10-K,2024-03-31,2024-05-29,3056751000.0,CostOfGoodsAndServicesSold,10-K,2025-03-31,2025-05-29,1956544000.0,PropertyPlantAndEquipmentNet,10-K,2025-03-31,2025-05-29,476215000.0,DepreciationDepletionAndAmortization,10-K,2025-03-31,2025-05-29,1334276000.0,SellingGeneralAndAdministrativeExpense,10-K,2025-03-31,2025-05-29,2000765000.0,AssetsCurrent,10-K,2025-03-31,2025-05-29,1022173000.0,LiabilitiesCurrent,10-K,2025-03-31,2025-05-29,1043961000.0,AccountsReceivableNetCurrent,10-K,2025-03-31,2025-05-29,581329000.0,InventoryNet,10-K,2025-03-31,2025-05-29,280770000.0,AccountsPayableCurrent,10-K,2025-03-31,2025-05-29,1918701000.0,LongTermDebt,10-K,2025-03-31,2025-05-29,125000000.0,ShortTermBorrowings,10-K,2025-03-31,2025-05-29,True,207.4499969482422,-0.06797558072758336,-0.1524955807466486,0.2375704493452412,-0.22584187166715708
STLD,Steel Dynamics,Materials,Steel,S&P 500,NR (to derive from financials),NR,default - no public rating available; derive from leverage/margin post-SEC pull,0001022671,True,18176581000.0,RevenueFromContractWithCustomerExcludingAssessedTax,10-K,2025-12-31,2026-02-27,1185595000.0,NetIncomeLoss,10-K,2025-12-31,2026-02-27,16419780000.0,Assets,10-K,2025-12-31,2026-02-27,7489369000.0,Liabilities,10-K,2025-12-31,2026-02-27,8957182000.0,StockholdersEquity,10-K,2025-12-31,2026-02-27,769878000.0,CashAndCashEquivalentsAtCarryingValue,10-K,2025-12-31,2026-02-27,1449534000.0,NetCashProvidedByUsedInOperatingActivities,10-K,2025-12-31,2026-02-27,948025000.0,PaymentsToAcquirePropertyPlantAndEquipment,10-K,2025-12-31,2026-02-27,76484000.0,InterestExpense,10-K,2023-12-31,2024-02-29,15784398000.0,CostOfGoodsAndServicesSold,10-K,2025-12-31,2026-02-27,8569466000.0,PropertyPlantAndEquipmentNet,10-K,2025-12-31,2026-02-27,551390000.0,DepreciationDepletionAndAmortization,10-K,2025-12-31,2026-02-27,765308000.0,SellingGeneralAndAdministrativeExpense,10-K,2025-12-31,2026-02-27,6484171000.0,AssetsCurrent,10-K,2025-12-31,2026-02-27,2122254000.0,LiabilitiesCurrent,10-K,2025-12-31,2026-02-27,1682700000.0,ReceivablesNetCurrent,10-K,2025-12-31,2026-02-27,3738516000.0,InventoryNet,10-K,2025-12-31,2026-02-27,1007304000.0,AccountsPayableCurrent,10-K,2022-12-31,2023-02-28,4211163000.0,LongTermDebt,10-K,2025-12-31,2026-02-27,34655000.0,LongTermDebtCurrent,10-K,2025-12-31,2026-02-27,True,235.10000610351562,0.23366740341011538,0.16314481156731464,0.36731413457057377,-0.0279098607800361
STT,State Street Corporation,Financials,Asset Management & Custody Banks,S&P 500,NR (to derive from financials),NR,default - no public rating available; derive from leverage/margin post-SEC pull,0000093751,True,13944000000.0,Revenues,10-K,2025-12-31,2026-02-19,2945000000.0,NetIncomeLoss,10-K,2025-12-31,2026-02-19,366047000000.0,Assets,10-K,2025-12-31,2026-02-19,338206000000.0,Liabilities,10-K,2025-12-31,2026-02-19,27841000000.0,StockholdersEquity,10-K,2025-12-31,2026-02-19,4433000000.0,CashCashEquivalentsRestrictedCashAndRestrictedCashEquivalents,10-K,2025-12-31,2026-02-19,11898000000.0,NetCashProvidedByUsedInOperatingActivities,10-K,2025-12-31,2026-02-19,1055000000.0,PaymentsToAcquirePropertyPlantAndEquipment,10-K,2025-12-31,2026-02-19,6421000000.0,InterestExpense,10-K,2023-12-31,2024-02-15,,,,,,3174000000.0,PropertyPlantAndEquipmentAndFinanceLeaseRightOfUseAssetAfterAccumulatedDepreciationAndAmortization,10-K,2025-12-31,2026-02-19,599000000.0,Depreciation,10-K,2018-12-31,2019-02-21,,,,,,,,,,,,,,,,,,,,,,,,,,,,,,,11534000000.0,LongTermDebt,10-K,2015-12-31,2016-02-19,,,,,,True,149.49000549316406,0.07222785437148116,0.12070913360069357,0.27314502388482104,-0.029411755964396158
STX,Seagate Technology,Industrials,,Nasdaq 100; S&P 500,NR (to derive from financials),NR,default - no public rating available; derive from leverage/margin post-SEC pull,0001137789,True,9097000000.0,RevenueFromContractWithCustomerExcludingAssessedTax,10-K,2025-06-27,2025-08-01,1469000000.0,NetIncomeLoss,10-K,2025-06-27,2025-08-01,8023000000.0,Assets,10-K,2025-06-27,2025-08-01,8476000000.0,Liabilities,10-K,2025-06-27,2025-08-01,-453000000.0,StockholdersEquity,10-K,2025-06-27,2025-08-01,891000000.0,CashAndCashEquivalentsAtCarryingValue,10-K,2025-06-27,2025-08-01,1083000000.0,NetCashProvidedByUsedInOperatingActivities,10-K,2025-06-27,2025-08-01,265000000.0,PaymentsToAcquirePropertyPlantAndEquipment,10-K,2025-06-27,2025-08-01,332000000.0,InterestExpense,10-K,2024-06-28,2024-08-02,5897000000.0,CostOfGoodsAndServicesSold,10-K,2025-06-27,2025-08-01,1657000000.0,PropertyPlantAndEquipmentNet,10-K,2025-06-27,2025-08-01,251000000.0,DepreciationDepletionAndAmortization,10-K,2025-06-27,2025-08-01,561000000.0,SellingGeneralAndAdministrativeExpense,10-K,2025-06-27,2025-08-01,3653000000.0,AssetsCurrent,10-K,2025-06-27,2025-08-01,2648000000.0,LiabilitiesCurrent,10-K,2025-06-27,2025-08-01,959000000.0,AccountsReceivableNetCurrent,10-K,2025-06-27,2025-08-01,1440000000.0,InventoryNet,10-K,2025-06-27,2025-08-01,1604000000.0,AccountsPayableCurrent,10-K,2025-06-27,2025-08-01,4995000000.0,LongTermDebtNoncurrent,10-K,2025-06-27,2025-08-01,0.0,LongTermDebtCurrent,10-K,2025-06-27,2025-08-01,True,782.6400146484375,0.5555423191879156,0.8447182518328642,0.6651153712574475,-0.004806551643984136
STZ,Constellation Brands,Consumer Staples,Distillers & Vintners,S&P 500,NR (to derive from financials),NR,default - no public rating available; derive from leverage/margin post-SEC pull,0000016918,True,9139000000.0,RevenueFromContractWithCustomerExcludingAssessedTax,10-K,2026-02-28,2026-04-22,1686700000.0,NetIncomeLoss,10-K,2026-02-28,2026-04-22,21900500000.0,Assets,10-K,2026-02-28,2026-04-22,13513600000.0,Liabilities,10-K,2026-02-28,2026-04-22,8082400000.0,StockholdersEquity,10-K,2026-02-28,2026-04-22,102400000.0,CashAndCashEquivalentsAtCarryingValue,10-K,2026-02-28,2026-04-22,2669000000.0,NetCashProvidedByUsedInOperatingActivities,10-K,2026-02-28,2026-04-22,875000000.0,PaymentsToAcquirePropertyPlantAndEquipment,10-K,2026-02-28,2026-04-22,379100000.0,InterestExpense,10-K,2019-02-28,2019-04-23,4427500000.0,CostOfGoodsAndServicesSold,10-K,2026-02-28,2026-04-22,8520900000.0,PropertyPlantAndEquipmentAndFinanceLeaseRightOfUseAssetAfterAccumulatedDepreciationAndAmortization,10-K,2026-02-28,2026-04-22,420000000.0,DepreciationDepletionAndAmortization,10-K,2026-02-28,2026-04-22,1848400000.0,SellingGeneralAndAdministrativeExpense,10-K,2026-02-28,2026-04-22,2906300000.0,AssetsCurrent,10-K,2026-02-28,2026-04-22,2689800000.0,LiabilitiesCurrent,10-K,2026-02-28,2026-04-22,658200000.0,ReceivablesNetCurrent,10-K,2026-02-28,2026-04-22,1433900000.0,InventoryNet,10-K,2026-02-28,2026-04-22,960200000.0,AccountsPayableCurrent,10-K,2026-02-28,2026-04-22,10296500000.0,LongTermDebt,10-K,2026-02-28,2026-04-22,272000000.0,ShortTermBorrowings,10-K,2026-02-28,2026-04-22,True,148.2100067138672,-0.10202244137037131,-0.08808159250838776,0.3372777227895887,-0.1048777943392829
SW,Smurfit Westrock,Materials,Paper & Plastic Packaging Products & Materials,S&P 500,NR (to derive from financials),NR,default - no public rating available; derive from leverage/margin post-SEC pull,0002005951,True,31179000000.0,RevenueFromContractWithCustomerExcludingAssessedTax,10-K,2025-12-31,2026-02-27,699000000.0,NetIncomeLoss,10-K,2025-12-31,2026-02-27,45157000000.0,Assets,10-K,2025-12-31,2026-02-27,26803000000.0,Liabilities,10-K,2025-12-31,2026-02-27,18327000000.0,StockholdersEquity,10-K,2025-12-31,2026-02-27,892000000.0,CashAndCashEquivalentsAtCarryingValue,10-K,2025-12-31,2026-02-27,3392000000.0,NetCashProvidedByUsedInOperatingActivities,10-K,2025-12-31,2026-02-27,2192000000.0,PaymentsToAcquireProductiveAssets,10-K,2025-12-31,2026-02-27,,,,,,25136000000.0,CostOfGoodsAndServicesSold,10-K,2025-12-31,2026-02-27,23232000000.0,PropertyPlantAndEquipmentAndFinanceLeaseRightOfUseAssetAfterAccumulatedDepreciationAndAmortization,10-K,2025-12-31,2026-02-27,2550000000.0,DepreciationDepletionAndAmortization,10-K,2025-12-31,2026-02-27,3819000000.0,SellingGeneralAndAdministrativeExpense,10-K,2025-12-31,2026-02-27,10439000000.0,AssetsCurrent,10-K,2025-12-31,2026-02-27,7064000000.0,LiabilitiesCurrent,10-K,2025-12-31,2026-02-27,4268000000.0,AccountsReceivableNetCurrent,10-K,2025-12-31,2026-02-27,3693000000.0,InventoryNet,10-K,2025-12-31,2026-02-27,3597000000.0,AccountsPayableCurrent,10-K,2025-12-31,2026-02-27,13223000000.0,LongTermDebt,10-K,2025-12-31,2026-02-27,,,,,,True,41.54999923706055,-0.01212558534423469,-0.048411644969388545,0.4870682012358211,-0.19849538744674677
SWK,Stanley Black & Decker,Industrials,Industrial Machinery & Supplies & Components,S&P 500,NR (to derive from financials),NR,default - no public rating available; derive from leverage/margin post-SEC pull,0000093556,True,15130400000.0,Revenues,10-K,2026-01-03,2026-02-24,401900000.0,NetIncomeLoss,10-K,2026-01-03,2026-02-24,21243700000.0,Assets,10-K,2026-01-03,2026-02-24,,,,,,9054600000.0,StockholdersEquity,10-K,2026-01-03,2026-02-24,280100000.0,CashAndCashEquivalentsAtCarryingValue,10-K,2026-01-03,2026-02-24,971200000.0,NetCashProvidedByUsedInOperatingActivities,10-K,2026-01-03,2026-02-24,283300000.0,PaymentsToAcquirePropertyPlantAndEquipment,10-K,2026-01-03,2026-02-24,516300000.0,InterestExpense,10-K,2026-01-03,2026-02-24,10542100000.0,CostOfGoodsAndServicesSold,10-K,2026-01-03,2026-02-24,1831800000.0,PropertyPlantAndEquipmentNet,10-K,2026-01-03,2026-02-24,365600000.0,DepreciationDepletionAndAmortization,10-K,2026-01-03,2026-02-24,3314500000.0,SellingGeneralAndAdministrativeExpense,10-K,2026-01-03,2026-02-24,5979000000.0,AssetsCurrent,10-K,2026-01-03,2026-02-24,5245700000.0,LiabilitiesCurrent,10-K,2026-01-03,2026-02-24,919700000.0,AccountsNotesAndLoansReceivableNetCurrent,10-K,2026-01-03,2026-02-24,4157100000.0,InventoryNet,10-K,2026-01-03,2026-02-24,2163000000.0,AccountsPayableCurrent,10-K,2026-01-03,2026-02-24,5258100000.0,LongTermDebt,10-K,2026-01-03,2026-02-24,605600000.0,ShortTermBorrowings,10-K,2026-01-03,2026-02-24,True,81.06999969482422,0.12300868476387028,-0.08770508699807178,0.431967167895942,-0.10863751987654813
SWKS,Skyworks Solutions,Technology,Semiconductors,S&P 500,NR (to derive from financials),NR,default - no public rating available; derive from leverage/margin post-SEC pull,0000004127,True,4086900000.0,Revenues,10-K,2025-10-03,2025-11-07,477100000.0,NetIncomeLoss,10-K,2025-10-03,2025-11-07,7917000000.0,Assets,10-K,2025-10-03,2025-11-07,2159900000.0,Liabilities,10-K,2025-10-03,2025-11-07,5757100000.0,StockholdersEquity,10-K,2025-10-03,2025-11-07,1161300000.0,CashAndCashEquivalentsAtCarryingValue,10-K,2025-10-03,2025-11-07,1300800000.0,NetCashProvidedByUsedInOperatingActivities,10-K,2025-10-03,2025-11-07,195000000.0,PaymentsToAcquirePropertyPlantAndEquipment,10-K,2025-10-03,2025-11-07,27100000.0,InterestExpense,10-K,2025-10-03,2025-11-07,2404800000.0,CostOfGoodsAndServicesSold,10-K,2025-10-03,2025-11-07,1194600000.0,PropertyPlantAndEquipmentNet,10-K,2025-10-03,2025-11-07,278700000.0,Depreciation,10-K,2025-10-03,2025-11-07,371500000.0,SellingGeneralAndAdministrativeExpense,10-K,2025-10-03,2025-11-07,3077000000.0,AssetsCurrent,10-K,2025-10-03,2025-11-07,1323200000.0,LiabilitiesCurrent,10-K,2025-10-03,2025-11-07,598100000.0,ReceivablesNetCurrent,10-K,2025-10-03,2025-11-07,754700000.0,InventoryNet,10-K,2025-10-03,2025-11-07,236000000.0,AccountsPayableCurrent,10-K,2025-10-03,2025-11-07,496400000.0,LongTermDebt,10-K,2025-10-03,2025-11-07,,,,,,True,66.77999877929688,0.18488286117994623,0.09801252310527353,0.4456645282960583,-0.07965819974882715
SYF,Synchrony Financial,Financials,Consumer Finance,S&P 500,NR (to derive from financials),NR,default - no public rating available; derive from leverage/margin post-SEC pull,0001601712,True,520000000.0,NoninterestIncome,10-K,2025-12-31,2026-02-06,3552000000.0,NetIncomeLoss,10-K,2025-12-31,2026-02-06,119095000000.0,Assets,10-K,2025-12-31,2026-02-06,102329000000.0,Liabilities,10-K,2025-12-31,2026-02-06,16766000000.0,StockholdersEquity,10-K,2025-12-31,2026-02-06,14973000000.0,CashAndCashEquivalentsAtCarryingValue,10-K,2025-12-31,2026-02-06,9851000000.0,NetCashProvidedByUsedInOperatingActivities,10-K,2025-12-31,2026-02-06,,,,,,3711000000.0,InterestExpense,10-K,2023-12-31,2024-02-08,,,,,,,,,,,514000000.0,DepreciationDepletionAndAmortization,10-K,2025-12-31,2026-02-06,,,,,,,,,,,,,,,,,,,,,,,,,,,,,,,15182000000.0,LongTermDebt,10-K,2025-12-31,2026-02-06,,,,,,True,73.13999938964844,0.014179632802585385,-0.006940411696934823,0.31216647513512824,-0.166545444049488
SYK,Stryker Corporation,Healthcare,Health Care Equipment,S&P 500,NR (to derive from financials),NR,default - no public rating available; derive from leverage/margin post-SEC pull,0000310764,True,25116000000.0,Revenues,10-K,2025-12-31,2026-02-11,3246000000.0,NetIncomeLoss,10-K,2025-12-31,2026-02-11,47844000000.0,Assets,10-K,2025-12-31,2026-02-11,25424000000.0,Liabilities,10-K,2025-12-31,2026-02-11,22420000000.0,StockholdersEquityIncludingPortionAttributableToNoncontrollingInterest,10-K,2025-12-31,2026-02-11,4011000000.0,CashAndCashEquivalentsAtCarryingValue,10-K,2025-12-31,2026-02-11,5044000000.0,NetCashProvidedByUsedInOperatingActivities,10-K,2025-12-31,2026-02-11,761000000.0,PaymentsToAcquirePropertyPlantAndEquipment,10-K,2025-12-31,2026-02-11,,,,,,9051000000.0,CostOfRevenue,10-K,2025-12-31,2026-02-11,3876000000.0,PropertyPlantAndEquipmentNet,10-K,2025-12-31,2026-02-11,1570000000.0,DepreciationDepletionAndAmortization,10-K,2025-12-31,2026-02-11,8651000000.0,SellingGeneralAndAdministrativeExpense,10-K,2025-12-31,2026-02-11,14755000000.0,AssetsCurrent,10-K,2025-12-31,2026-02-11,7794000000.0,LiabilitiesCurrent,10-K,2025-12-31,2026-02-11,4039000000.0,AccountsReceivableNetCurrent,10-K,2025-12-31,2026-02-11,5310000000.0,InventoryNet,10-K,2025-12-31,2026-02-11,,,,,,14859000000.0,LongTermDebtNoncurrent,10-K,2025-12-31,2026-02-11,,,,,,True,285.4700012207031,-0.15827802931397217,-0.19612879840076203,0.2627721484300905,-0.2612335875422168
SYY,Sysco,Consumer Staples,Food Distributors,S&P 500,NR (to derive from financials),NR,default - no public rating available; derive from leverage/margin post-SEC pull,0000096021,True,81370000000.0,RevenueFromContractWithCustomerExcludingAssessedTax,10-K,2025-06-28,2025-08-22,1828000000.0,NetIncomeLoss,10-K,2025-06-28,2025-08-22,26774000000.0,Assets,10-K,2025-06-28,2025-08-22,,,,,,1830000000.0,StockholdersEquity,10-K,2025-06-28,2025-08-22,1071000000.0,CashAndCashEquivalentsAtCarryingValue,10-K,2025-06-28,2025-08-22,2510000000.0,NetCashProvidedByUsedInOperatingActivities,10-K,2025-06-28,2025-08-22,906000000.0,PaymentsToAcquireProductiveAssets,10-K,2025-06-28,2025-08-22,128495000.0,InterestExpense,10-K,2013-06-29,2013-08-27,66401000000.0,CostOfRevenue,10-K,2025-06-28,2025-08-22,6084000000.0,PropertyPlantAndEquipmentNet,10-K,2025-06-28,2025-08-22,945000000.0,DepreciationAndAmortization,10-K,2025-06-28,2025-08-22,,,,,,11968000000.0,AssetsCurrent,10-K,2025-06-28,2025-08-22,9916000000.0,LiabilitiesCurrent,10-K,2025-06-28,2025-08-22,5502000000.0,AccountsNotesAndLoansReceivableNetCurrent,10-K,2025-06-28,2025-08-22,5053000000.0,InventoryFinishedGoodsNetOfReserves,10-K,2025-06-28,2025-08-22,6512000000.0,AccountsPayableCurrent,10-K,2025-06-28,2025-08-22,10588184000.0,LongTermDebt,10-K,2021-07-03,2021-08-30,8782000.0,ShortTermBorrowings,10-K,2021-07-03,2021-08-30,True,72.44000244140625,-0.0052183089125305004,-0.1559372470051319,0.3701676352240073,-0.19936258344948166
T,AT&T,Technology & Communications,Integrated Telecommunication Services,S&P 500,BBB shown,BBB,screenshot,0000732717,True,125648000000.0,Revenues,10-K,2025-12-31,2026-02-09,21953000000.0,NetIncomeLoss,10-K,2025-12-31,2026-02-09,420198000000.0,Assets,10-K,2025-12-31,2026-02-09,279032000000.0,Liabilities,10-K,2015-12-31,2016-02-18,126491000000.0,StockholdersEquityIncludingPortionAttributableToNoncontrollingInterest,10-K,2025-12-31,2026-02-09,18234000000.0,CashAndCashEquivalentsAtCarryingValue,10-K,2025-12-31,2026-02-09,40284000000.0,NetCashProvidedByUsedInOperatingActivities,10-K,2025-12-31,2026-02-09,20842000000.0,PaymentsToAcquireProductiveAssets,10-K,2025-12-31,2026-02-09,6704000000.0,InterestExpense,10-K,2023-12-31,2024-02-23,60611000000.0,CostOfRevenue,10-K,2014-12-31,2015-02-20,131559000000.0,PropertyPlantAndEquipmentAndFinanceLeaseRightOfUseAssetAfterAccumulatedDepreciationAndAmortization,10-K,2025-12-31,2026-02-09,20886000000.0,DepreciationDepletionAndAmortization,10-K,2025-12-31,2026-02-09,28942000000.0,SellingGeneralAndAdministrativeExpense,10-K,2025-12-31,2026-02-09,48732000000.0,AssetsCurrent,10-K,2025-12-31,2026-02-09,53780000000.0,LiabilitiesCurrent,10-K,2025-12-31,2026-02-09,8843000000.0,AccountsReceivableNetCurrent,10-K,2025-12-31,2026-02-09,3592000000.0,InventoryNet,10-K,2020-12-31,2021-02-25,29910000000.0,AccountsPayableCurrent,10-K,2025-12-31,2026-02-09,134718000000.0,LongTermDebt,10-K,2025-12-31,2026-02-09,3453000000.0,LongTermDebtCurrent,10-K,2011-12-31,2012-02-24,True,25.15999984741211,-0.04913073628273168,-0.06221595978453365,0.24831892129851446,-0.12634617050570263
TAP,Molson Coors Beverage Company,Consumer Staples,Brewers,S&P 500,NR (to derive from financials),NR,default - no public rating available; derive from leverage/margin post-SEC pull,0000024545,True,13040300000.0,RevenueFromContractWithCustomerExcludingAssessedTax,10-K,2025-12-31,2026-02-18,-2139600000.0,NetIncomeLoss,10-K,2025-12-31,2026-02-18,22738400000.0,Assets,10-K,2025-12-31,2026-02-18,12195700000.0,Liabilities,10-K,2025-12-31,2026-02-18,10230300000.0,StockholdersEquity,10-K,2025-12-31,2026-02-18,896500000.0,CashAndCashEquivalentsAtCarryingValue,10-K,2025-12-31,2026-02-18,1784400000.0,NetCashProvidedByUsedInOperatingActivities,10-K,2025-12-31,2026-02-18,716600000.0,PaymentsToAcquireProductiveAssets,10-K,2025-12-31,2026-02-18,234000000.0,InterestExpense,10-K,2023-12-31,2024-02-20,6866200000.0,CostOfGoodsAndServicesSold,10-K,2025-12-31,2026-02-18,4768700000.0,PropertyPlantAndEquipmentAndFinanceLeaseRightOfUseAssetAfterAccumulatedDepreciationAndAmortization,10-K,2025-12-31,2026-02-18,711300000.0,DepreciationAndAmortization,10-K,2025-12-31,2026-02-18,2643900000.0,SellingGeneralAndAdministrativeExpense,10-K,2025-12-31,2026-02-18,2935500000.0,AssetsCurrent,10-K,2025-12-31,2026-02-18,5310800000.0,LiabilitiesCurrent,10-K,2025-12-31,2026-02-18,703000000.0,AccountsReceivableNetCurrent,10-K,2025-12-31,2026-02-18,715900000.0,InventoryNet,10-K,2025-12-31,2026-02-18,1822800000.0,AccountsPayableCurrent,10-K,2025-12-31,2026-02-18,6260100000.0,LongTermDebt,10-K,2025-12-31,2026-02-18,2394700000.0,LongTermDebtCurrent,10-K,2025-12-31,2026-02-18,True,42.40999984741211,-0.058601541273204605,-0.15772252360037953,0.30590785204397036,-0.21208802509235747
TDG,TransDigm Group,Aerospace & Defense,Aerospace & Defense,S&P 500,NR (to derive from financials),NR,default - no public rating available; derive from leverage/margin post-SEC pull,0001260221,True,8831000000.0,Revenues,10-K,2025-09-30,2025-11-12,2074000000.0,NetIncomeLoss,10-K,2025-09-30,2025-11-12,22909000000.0,Assets,10-K,2025-09-30,2025-11-12,32588000000.0,Liabilities,10-K,2025-09-30,2025-11-12,-9686000000.0,StockholdersEquity,10-K,2025-09-30,2025-11-12,2808000000.0,CashAndCashEquivalentsAtCarryingValue,10-K,2025-09-30,2025-11-12,2038000000.0,NetCashProvidedByUsedInOperatingActivities,10-K,2025-09-30,2025-11-12,222000000.0,PaymentsToAcquirePropertyPlantAndEquipment,10-K,2025-09-30,2025-11-12,,,,,,3520000000.0,CostOfGoodsAndServicesSold,10-K,2025-09-30,2025-11-12,1579000000.0,PropertyPlantAndEquipmentNet,10-K,2025-09-30,2025-11-12,367000000.0,DepreciationDepletionAndAmortization,10-K,2025-09-30,2025-11-12,945000000.0,SellingGeneralAndAdministrativeExpense,10-K,2025-09-30,2025-11-12,7012000000.0,AssetsCurrent,10-K,2025-09-30,2025-11-12,2182000000.0,LiabilitiesCurrent,10-K,2025-09-30,2025-11-12,1617000000.0,AccountsReceivableNetCurrent,10-K,2025-09-30,2025-11-12,2095000000.0,InventoryNet,10-K,2025-09-30,2025-11-12,368000000.0,AccountsPayableCurrent,10-K,2025-09-30,2025-11-12,29291000000.0,LongTermDebt,10-K,2025-09-30,2025-11-12,124000000.0,LongTermDebtCurrent,10-K,2025-09-30,2025-11-12,True,1215.0799560546875,0.006544096151576806,-0.06539498586863113,0.3058618439135043,-0.16201382341056036
TDY,Teledyne Technologies,Technology,Electronic Equipment & Instruments,S&P 500,NR (to derive from financials),NR,default - no public rating available; derive from leverage/margin post-SEC pull,0001094285,True,6115400000.0,RevenueFromContractWithCustomerExcludingAssessedTax,10-K,2025-12-28,2026-02-20,894800000.0,NetIncomeLoss,10-K,2025-12-28,2026-02-20,15285300000.0,Assets,10-K,2025-12-28,2026-02-20,4771400000.0,Liabilities,10-K,2025-12-28,2026-02-20,10513900000.0,StockholdersEquity,10-K,2025-12-28,2026-02-20,352400000.0,CashAndCashEquivalentsAtCarryingValue,10-K,2025-12-28,2026-02-20,1191300000.0,NetCashProvidedByUsedInOperatingActivities,10-K,2025-12-28,2026-02-20,117300000.0,PaymentsToAcquirePropertyPlantAndEquipment,10-K,2025-12-28,2026-02-20,77300000.0,InterestExpense,10-K,2023-12-31,2024-02-23,3500600000.0,CostOfGoodsAndServicesSold,10-K,2025-12-28,2026-02-20,839100000.0,PropertyPlantAndEquipmentNet,10-K,2025-12-28,2026-02-20,336300000.0,DepreciationAndAmortization,10-K,2025-12-28,2026-02-20,931100000.0,SellingGeneralAndAdministrativeExpense,10-K,2025-12-28,2026-02-20,3055600000.0,AssetsCurrent,10-K,2025-12-28,2026-02-20,1860100000.0,LiabilitiesCurrent,10-K,2025-12-28,2026-02-20,992400000.0,AccountsReceivableNetCurrent,10-K,2025-12-28,2026-02-20,1043300000.0,InventoryNet,10-K,2025-12-28,2026-02-20,486600000.0,AccountsPayableCurrent,10-K,2025-12-28,2026-02-20,2475400000.0,LongTermDebt,10-K,2025-12-28,2026-02-20,450100000.0,LongTermDebtCurrent,10-K,2025-12-28,2026-02-20,True,621.3800048828125,-0.0377241393129778,-0.05332276994977747,0.25364679202318446,-0.09760527941361441
TECH,Bio-Techne,Healthcare,Life Sciences Tools & Services,S&P 500,NR (to derive from financials),NR,default - no public rating available; derive from leverage/margin post-SEC pull,0000842023,True,1219635000.0,Revenues,10-K,2025-06-30,2025-08-22,73400000.0,NetIncomeLoss,10-K,2025-06-30,2025-08-22,2557868000.0,Assets,10-K,2025-06-30,2025-08-22,,,,,,1918808000.0,StockholdersEquityIncludingPortionAttributableToNoncontrollingInterest,10-K,2025-06-30,2025-08-22,162186000.0,CashAndCashEquivalentsAtCarryingValue,10-K,2025-06-30,2025-08-22,287556000.0,NetCashProvidedByUsedInOperatingActivities,10-K,2025-06-30,2025-08-22,31006000.0,PaymentsToAcquirePropertyPlantAndEquipment,10-K,2025-06-30,2025-08-22,11215000.0,InterestExpense,10-K,2023-06-30,2023-08-23,429363000.0,CostOfGoodsAndServicesSold,10-K,2025-06-30,2025-08-22,245719000.0,PropertyPlantAndEquipmentNet,10-K,2025-06-30,2025-08-22,109903000.0,DepreciationDepletionAndAmortization,10-K,2025-06-30,2025-08-22,588521000.0,SellingGeneralAndAdministrativeExpense,10-K,2025-06-30,2025-08-22,608300000.0,AssetsCurrent,10-K,2025-06-30,2025-08-22,175849000.0,LiabilitiesCurrent,10-K,2025-06-30,2025-08-22,206876000.0,AccountsReceivableNetCurrent,10-K,2025-06-30,2025-08-22,189446000.0,InventoryNet,10-K,2025-06-30,2025-08-22,25311000.0,AccountsPayableCurrent,10-K,2025-06-30,2025-08-22,,,,,,12500000.0,LongTermDebtCurrent,10-K,2022-06-30,2023-08-23,True,48.36000061035156,-0.12927620069895362,-0.26046022529527546,0.5846346520145026,-0.32158772208848474
TEL,TE Connectivity,Technology,Electronic Manufacturing Services,S&P 500,NR (to derive from financials),NR,default - no public rating available; derive from leverage/margin post-SEC pull,0001385157,True,17262000000.0,RevenueFromContractWithCustomerExcludingAssessedTax,10-K,2025-09-26,2025-11-10,1842000000.0,NetIncomeLoss,10-K,2025-09-26,2025-11-10,25081000000.0,Assets,10-K,2025-09-26,2025-11-10,12351000000.0,Liabilities,10-K,2025-09-26,2025-11-10,12585000000.0,StockholdersEquityIncludingPortionAttributableToNoncontrollingInterest,10-K,2025-09-26,2025-11-10,1255000000.0,CashAndCashEquivalentsAtCarryingValue,10-K,2025-09-26,2025-11-10,4139000000.0,NetCashProvidedByUsedInOperatingActivities,10-K,2025-09-26,2025-11-10,936000000.0,PaymentsToAcquirePropertyPlantAndEquipment,10-K,2025-09-26,2025-11-10,80000000.0,InterestExpense,10-K,2023-09-29,2023-11-13,11183000000.0,CostOfGoodsAndServicesSold,10-K,2025-09-26,2025-11-10,4312000000.0,PropertyPlantAndEquipmentNet,10-K,2025-09-26,2025-11-10,838000000.0,DepreciationDepletionAndAmortization,10-K,2025-09-26,2025-11-10,1866000000.0,SellingGeneralAndAdministrativeExpense,10-K,2025-09-26,2025-11-10,7966000000.0,AssetsCurrent,10-K,2025-09-26,2025-11-10,5120000000.0,LiabilitiesCurrent,10-K,2025-09-26,2025-11-10,3403000000.0,AccountsReceivableNetCurrent,10-K,2025-09-26,2025-11-10,2699000000.0,InventoryNet,10-K,2025-09-26,2025-11-10,2021000000.0,AccountsPayableCurrent,10-K,2025-09-26,2025-11-10,4842000000.0,LongTermDebtNoncurrent,10-K,2025-09-26,2025-11-10,500000000.0,LongTermDebtCurrent,10-K,2015-09-25,2015-11-10,True,206.1999969482422,-0.10261990580695934,-0.0866736356950869,0.4459268632874829,-0.16740695348786483
TER,Teradyne,Technology,Semiconductor Materials & Equipment,S&P 500,NR (to derive from financials),NR,default - no public rating available; derive from leverage/margin post-SEC pull,0000097210,True,3190024000.0,Revenues,10-K,2025-12-31,2026-02-19,554047000.0,NetIncomeLoss,10-K,2025-12-31,2026-02-19,4183599000.0,Assets,10-K,2025-12-31,2026-02-19,1387847000.0,Liabilities,10-K,2025-12-31,2026-02-19,2795752000.0,StockholdersEquity,10-K,2025-12-31,2026-02-19,293751000.0,CashAndCashEquivalentsAtCarryingValue,10-K,2025-12-31,2026-02-19,674415000.0,NetCashProvidedByUsedInOperatingActivities,10-K,2025-12-31,2026-02-19,224009000.0,PaymentsToAcquirePropertyPlantAndEquipment,10-K,2025-12-31,2026-02-19,6846000.0,InterestExpense,10-K,2025-12-31,2026-02-19,1332679000.0,CostOfGoodsAndServicesSold,10-K,2025-12-31,2026-02-19,562999000.0,PropertyPlantAndEquipmentNet,10-K,2025-12-31,2026-02-19,127981000.0,DepreciationDepletionAndAmortization,10-K,2025-12-31,2026-02-19,648874000.0,SellingGeneralAndAdministrativeExpense,10-K,2025-12-31,2026-02-19,1949300000.0,AssetsCurrent,10-K,2025-12-31,2026-02-19,1115207000.0,LiabilitiesCurrent,10-K,2025-12-31,2026-02-19,786913000.0,AccountsReceivableNetCurrent,10-K,2025-12-31,2026-02-19,379552000.0,InventoryNet,10-K,2025-12-31,2026-02-19,269185000.0,AccountsPayableCurrent,10-K,2025-12-31,2026-02-19,0.0,LongTermDebt,10-K,2014-12-31,2015-02-27,200000000.0,ShortTermBorrowings,10-K,2025-12-31,2026-02-19,True,359.7699890136719,-0.022337567430754768,0.16099615113487453,0.8019831038785299,-0.13947091329738837
TFC,Truist Financial,Financials,Diversified Banks,S&P 500,NR (to derive from financials),NR,default - no public rating available; derive from leverage/margin post-SEC pull,0000092230,True,24542000000.0,InterestAndDividendIncomeOperating,10-K,2025-12-31,2026-02-24,5307000000.0,ProfitLoss,10-K,2025-12-31,2026-02-24,547538000000.0,Assets,10-K,2025-12-31,2026-02-24,482349000000.0,Liabilities,10-K,2025-12-31,2026-02-24,65189000000.0,StockholdersEquity,10-K,2025-12-31,2026-02-24,36377000000.0,CashCashEquivalentsRestrictedCashAndRestrictedCashEquivalents,10-K,2025-12-31,2026-02-24,5739000000.0,NetCashProvidedByUsedInOperatingActivities,10-K,2025-12-31,2026-02-24,564000000.0,PaymentsToAcquirePropertyPlantAndEquipment,10-K,2022-12-31,2023-02-28,9856000000.0,InterestExpense,10-K,2023-12-31,2024-02-27,,,,,,3172000000.0,PropertyPlantAndEquipmentNet,10-K,2025-12-31,2026-02-24,,,,,,,,,,,,,,,,,,,,,,,,,,,,,,,,,,,,41963000000.0,LongTermDebt,10-K,2025-12-31,2026-02-24,27839000000.0,ShortTermBorrowings,10-K,2025-12-31,2026-02-24,True,49.11000061035156,0.0005814364238792002,-0.08489480893446999,0.2685102084351288,-0.10178361706273797
TGT,Target Corporation,Consumer Staples,Consumer Staples Merchandise Retail,S&P 500,A / BBB bucket,A,demo_bucket_to_refresh,0000027419,True,104780000000.0,RevenueFromContractWithCustomerExcludingAssessedTax,10-K,2026-01-31,2026-03-11,3705000000.0,NetIncomeLoss,10-K,2026-01-31,2026-03-11,59490000000.0,Assets,10-K,2026-01-31,2026-03-11,,,,,,16165000000.0,StockholdersEquity,10-K,2026-01-31,2026-03-11,5488000000.0,CashCashEquivalentsRestrictedCashAndRestrictedCashEquivalents,10-K,2026-01-31,2026-03-11,6562000000.0,NetCashProvidedByUsedInOperatingActivities,10-K,2026-01-31,2026-03-11,3727000000.0,PaymentsToAcquirePropertyPlantAndEquipment,10-K,2026-01-31,2026-03-11,502000000.0,InterestExpense,10-K,2024-02-03,2024-03-13,75511000000.0,CostOfGoodsAndServicesSold,10-K,2026-01-31,2026-03-11,33749000000.0,PropertyPlantAndEquipmentAndFinanceLeaseRightOfUseAssetAfterAccumulatedDepreciationAndAmortization,10-K,2026-01-31,2026-03-11,3134000000.0,DepreciationDepletionAndAmortization,10-K,2026-01-31,2026-03-11,21535000000.0,SellingGeneralAndAdministrativeExpense,10-K,2026-01-31,2026-03-11,20005000000.0,AssetsCurrent,10-K,2026-01-31,2026-03-11,21230000000.0,LiabilitiesCurrent,10-K,2026-01-31,2026-03-11,,,,,,12304000000.0,InventoryNet,10-K,2026-01-31,2026-03-11,12622000000.0,AccountsPayableCurrent,10-K,2026-01-31,2026-03-11,14398000000.0,LongTermDebt,10-K,2026-01-31,2026-03-11,161000000.0,LongTermDebtCurrent,10-K,2020-02-01,2020-03-11,True,125.25,0.02756584319613098,0.09525489804418474,0.2779019266102004,-0.051854699371836954
TJX,TJX Companies,Consumer Discretionary,Apparel Retail,S&P 500,NR (to derive from financials),NR,default - no public rating available; derive from leverage/margin post-SEC pull,0000109198,True,35864664000.0,SalesRevenueNet,10-K,2018-02-03,2018-04-04,5494000000.0,NetIncomeLoss,10-K,2026-01-31,2026-03-31,35767000000.0,Assets,10-K,2026-01-31,2026-03-31,,,,,,10190000000.0,StockholdersEquity,10-K,2026-01-31,2026-03-31,6230000000.0,CashAndCashEquivalentsAtCarryingValue,10-K,2026-01-31,2026-03-31,6874000000.0,NetCashProvidedByUsedInOperatingActivities,10-K,2026-01-31,2026-03-31,1957000000.0,PaymentsToAcquirePropertyPlantAndEquipment,10-K,2026-01-31,2026-03-31,79000000.0,InterestExpense,10-K,2026-01-31,2026-03-31,41679000000.0,CostOfGoodsAndServicesSold,10-K,2026-01-31,2026-03-31,8220000000.0,PropertyPlantAndEquipmentNet,10-K,2026-01-31,2026-03-31,1247000000.0,DepreciationDepletionAndAmortization,10-K,2026-01-31,2026-03-31,11515000000.0,SellingGeneralAndAdministrativeExpense,10-K,2026-01-31,2026-03-31,15202000000.0,AssetsCurrent,10-K,2026-01-31,2026-03-31,13361000000.0,LiabilitiesCurrent,10-K,2026-01-31,2026-03-31,602000000.0,AccountsReceivableNetCurrent,10-K,2026-01-31,2026-03-31,7297000000.0,InventoryNet,10-K,2026-01-31,2026-03-31,4575000000.0,AccountsPayableCurrent,10-K,2026-01-31,2026-03-31,1870000000.0,LongTermDebtNoncurrent,10-K,2026-01-31,2026-03-31,999000000.0,LongTermDebtCurrent,10-K,2026-01-31,2026-03-31,True,153.36000061035156,-0.050990131076392387,-0.015658130794660163,0.19233893807891003,-0.07054545084635422
TKO,TKO Group Holdings,Communication Services,Movies & Entertainment,S&P 500,NR (to derive from financials),NR,default - no public rating available; derive from leverage/margin post-SEC pull,0001973266,True,4735151000.0,Revenues,10-K,2025-12-31,2026-02-25,195403000.0,NetIncomeLoss,10-K,2025-12-31,2026-02-25,15495821000.0,Assets,10-K,2025-12-31,2026-02-25,6245742000.0,Liabilities,10-K,2025-12-31,2026-02-25,3737381000.0,StockholdersEquity,10-K,2025-12-31,2026-02-25,831100000.0,CashAndCashEquivalentsAtCarryingValue,10-K,2025-12-31,2026-02-25,1285725000.0,NetCashProvidedByUsedInOperatingActivities,10-K,2025-12-31,2026-02-25,,,,,,202724000.0,InterestExpense,10-K,2025-12-31,2026-02-25,,,,,,639930000.0,PropertyPlantAndEquipmentNet,10-K,2025-12-31,2026-02-25,484990000.0,DepreciationDepletionAndAmortization,10-K,2025-12-31,2026-02-25,1511993000.0,SellingGeneralAndAdministrativeExpense,10-K,2025-12-31,2026-02-25,2329061000.0,AssetsCurrent,10-K,2025-12-31,2026-02-25,1847163000.0,LiabilitiesCurrent,10-K,2025-12-31,2026-02-25,558277000.0,AccountsReceivableNetCurrent,10-K,2025-12-31,2026-02-25,,,,,,194807000.0,AccountsPayableCurrent,10-K,2025-12-31,2026-02-25,3762124000.0,LongTermDebt,10-K,2025-12-31,2026-02-25,38061000.0,LongTermDebtCurrent,10-K,2025-12-31,2026-02-25,True,186.7899932861328,-0.05360491509751952,-0.10434208797290401,0.3499293862627397,-0.16633263817178523
TMO,Thermo Fisher Scientific,Healthcare,Life Sciences Tools & Services,S&P 500,NR (to derive from financials),NR,default - no public rating available; derive from leverage/margin post-SEC pull,0000097745,True,44556000000.0,RevenueFromContractWithCustomerExcludingAssessedTax,10-K,2025-12-31,2026-02-26,6704000000.0,NetIncomeLoss,10-K,2025-12-31,2026-02-26,110343000000.0,Assets,10-K,2025-12-31,2026-02-26,,,,,,53407000000.0,StockholdersEquity,10-K,2025-12-31,2026-02-26,9852000000.0,CashAndCashEquivalentsAtCarryingValue,10-K,2025-12-31,2026-02-26,7818000000.0,NetCashProvidedByUsedInOperatingActivities,10-K,2025-12-31,2026-02-26,1525000000.0,PaymentsToAcquirePropertyPlantAndEquipment,10-K,2025-12-31,2026-02-26,1375000000.0,InterestExpense,10-K,2023-12-31,2024-02-22,8976000000.0,CostOfGoodsSold,10-K,2017-12-31,2018-02-28,10565000000.0,PropertyPlantAndEquipmentNet,10-K,2025-12-31,2026-02-26,1050000000.0,Depreciation,10-K,2025-12-31,2026-02-26,8732000000.0,SellingGeneralAndAdministrativeExpense,10-K,2025-12-31,2026-02-26,28707000000.0,AssetsCurrent,10-K,2025-12-31,2026-02-26,15189000000.0,LiabilitiesCurrent,10-K,2025-12-31,2026-02-26,8900000000.0,AccountsReceivableNetCurrent,10-K,2025-12-31,2026-02-26,5425000000.0,InventoryNet,10-K,2025-12-31,2026-02-26,3622000000.0,AccountsPayableCurrent,10-K,2025-12-31,2026-02-26,39172000000.0,LongTermDebt,10-K,2025-12-31,2026-02-26,693000000.0,ShortTermBorrowings,10-K,2018-12-31,2020-02-26,True,465.0,-0.06270783953182635,-0.14869471461859063,0.3246845624014558,-0.2720936956176535
TMUS,T-Mobile US,Industrials,,Nasdaq 100; S&P 500,BBB bucket,BBB,demo_bucket_to_refresh,0001283699,True,88309000000.0,RevenueFromContractWithCustomerExcludingAssessedTax,10-K,2025-12-31,2026-02-11,10992000000.0,NetIncomeLoss,10-K,2025-12-31,2026-02-11,219237000000.0,Assets,10-K,2025-12-31,2026-02-11,6830508000.0,Liabilities,10-K,2012-12-31,2013-03-01,59203000000.0,StockholdersEquity,10-K,2025-12-31,2026-02-11,5598000000.0,CashAndCashEquivalentsAtCarryingValue,10-K,2025-12-31,2026-02-11,27950000000.0,NetCashProvidedByUsedInOperatingActivities,10-K,2025-12-31,2026-02-11,9955000000.0,PaymentsToAcquirePropertyPlantAndEquipment,10-K,2025-12-31,2026-02-11,835000000.0,InterestExpense,10-K,2018-12-31,2019-02-07,11608000000.0,CostOfGoodsSold,10-K,2017-12-31,2018-02-08,38333000000.0,PropertyPlantAndEquipmentNet,10-K,2025-12-31,2026-02-11,13508000000.0,DepreciationDepletionAndAmortization,10-K,2025-12-31,2026-02-11,23470000000.0,SellingGeneralAndAdministrativeExpense,10-K,2025-12-31,2026-02-11,24461000000.0,AssetsCurrent,10-K,2025-12-31,2026-02-11,24500000000.0,LiabilitiesCurrent,10-K,2025-12-31,2026-02-11,4874000000.0,AccountsReceivableNetCurrent,10-K,2025-12-31,2026-02-11,2405000000.0,InventoryNet,10-K,2025-12-31,2026-02-11,10280000000.0,AccountsPayableAndAccruedLiabilitiesCurrent,10-K,2025-12-31,2026-02-11,86282000000.0,LongTermDebt,10-K,2025-12-31,2026-02-11,5135000000.0,ShortTermBorrowings,10-K,2025-12-31,2026-02-11,True,193.6300048828125,-0.010627978946910477,-0.01567819127996839,0.29769994579667797,-0.12610011065496884
TPL,Texas Pacific Land Corporation,Energy,Oil & Gas Exploration & Production,S&P 500,NR (to derive from financials),NR,default - no public rating available; derive from leverage/margin post-SEC pull,0001811074,True,798190000.0,RevenueFromContractWithCustomerExcludingAssessedTax,10-K,2025-12-31,2026-02-18,481376000.0,NetIncomeLoss,10-K,2025-12-31,2026-02-18,1623278000.0,Assets,10-K,2025-12-31,2026-02-18,164371000.0,Liabilities,10-K,2025-12-31,2026-02-18,1458907000.0,StockholdersEquity,10-K,2025-12-31,2026-02-18,144809000.0,CashAndCashEquivalentsAtCarryingValue,10-K,2025-12-31,2026-02-18,545910000.0,NetCashProvidedByUsedInOperatingActivities,10-K,2025-12-31,2026-02-18,18967000.0,PaymentsToAcquirePropertyPlantAndEquipment,10-K,2022-12-31,2023-02-22,,,,,,,,,,,164538000.0,PropertyPlantAndEquipmentNet,10-K,2025-12-31,2026-02-18,62533000.0,DepreciationDepletionAndAmortization,10-K,2025-12-31,2026-02-18,23780000.0,GeneralAndAdministrativeExpense,10-K,2025-12-31,2026-02-18,319320000.0,AssetsCurrent,10-K,2025-12-31,2026-02-18,72604000.0,LiabilitiesCurrent,10-K,2025-12-31,2026-02-18,,,,,,,,,,,39578000.0,AccountsPayableAndAccruedLiabilitiesCurrent,10-K,2025-12-31,2026-02-18,,,,,,,,,,,True,394.20001220703125,-0.03846620232386777,0.05378131653872198,0.5872900058445685,-0.2697159483256235
TPR,"Tapestry, Inc.",Consumer Discretionary,"Apparel, Accessories & Luxury Goods",S&P 500,NR (to derive from financials),NR,default - no public rating available; derive from leverage/margin post-SEC pull,0001116132,True,7010700000.0,RevenueFromContractWithCustomerExcludingAssessedTax,10-K,2025-06-28,2025-08-14,183200000.0,NetIncomeLoss,10-K,2025-06-28,2025-08-14,6580500000.0,Assets,10-K,2025-06-28,2025-08-14,5722700000.0,Liabilities,10-K,2025-06-28,2025-08-14,857800000.0,StockholdersEquity,10-K,2025-06-28,2025-08-14,1100000000.0,CashAndCashEquivalentsAtCarryingValue,10-K,2025-06-28,2025-08-14,1216600000.0,NetCashProvidedByUsedInOperatingActivities,10-K,2025-06-28,2025-08-14,122700000.0,PaymentsToAcquirePropertyPlantAndEquipment,10-K,2025-06-28,2025-08-14,,,,,,1721800000.0,CostOfRevenue,10-K,2025-06-28,2025-08-14,489500000.0,PropertyPlantAndEquipmentAndFinanceLeaseRightOfUseAssetAfterAccumulatedDepreciationAndAmortization,10-K,2025-06-28,2025-08-14,162900000.0,DepreciationDepletionAndAmortization,10-K,2025-06-28,2025-08-14,4019100000.0,SellingGeneralAndAdministrativeExpense,10-K,2025-06-28,2025-08-14,2905600000.0,AssetsCurrent,10-K,2025-06-28,2025-08-14,1556900000.0,LiabilitiesCurrent,10-K,2025-06-28,2025-08-14,239300000.0,AccountsReceivableNetCurrent,10-K,2025-06-28,2025-08-14,860700000.0,InventoryNet,10-K,2025-06-28,2025-08-14,456100000.0,AccountsPayableCurrent,10-K,2025-06-28,2025-08-14,2377900000.0,LongTermDebt,10-K,2025-06-28,2025-08-14,16700000.0,LongTermDebtCurrent,10-K,2025-06-28,2025-08-14,True,133.47999572753906,-0.11190956076312619,-0.1345758026553706,0.4261448103916793,-0.16606735146214158
TRGP,Targa Resources,Energy,Oil & Gas Storage & Transportation,S&P 500,NR (to derive from financials),NR,default - no public rating available; derive from leverage/margin post-SEC pull,0001389170,True,17028300000.0,Revenues,10-K,2025-12-31,2026-02-19,1923000000.0,NetIncomeLoss,10-K,2025-12-31,2026-02-19,25218400000.0,Assets,10-K,2025-12-31,2026-02-19,,,,,,3067900000.0,StockholdersEquity,10-K,2025-12-31,2026-02-19,166100000.0,CashAndCashEquivalentsAtCarryingValue,10-K,2025-12-31,2026-02-19,3917400000.0,NetCashProvidedByUsedInOperatingActivities,10-K,2025-12-31,2026-02-19,3333300000.0,PaymentsToAcquirePropertyPlantAndEquipment,10-K,2025-12-31,2026-02-19,10100000.0,InterestAndDebtExpense,10-K,2015-12-31,2016-02-29,10507800000.0,CostOfGoodsAndServicesSold,10-K,2025-12-31,2026-02-19,20534800000.0,PropertyPlantAndEquipmentNet,10-K,2025-12-31,2026-02-19,1515300000.0,DepreciationDepletionAndAmortization,10-K,2025-12-31,2026-02-19,406000000.0,GeneralAndAdministrativeExpense,10-K,2025-12-31,2026-02-19,2362700000.0,AssetsCurrent,10-K,2025-12-31,2026-02-19,3546800000.0,LiabilitiesCurrent,10-K,2025-12-31,2026-02-19,1474600000.0,AccountsReceivableNetCurrent,10-K,2025-12-31,2026-02-19,429300000.0,InventoryNet,10-K,2025-12-31,2026-02-19,1873000000.0,AccountsPayableCurrent,10-K,2025-12-31,2026-02-19,17432500000.0,LongTermDebt,10-K,2025-12-31,2026-02-19,534900000.0,LongTermDebtCurrent,10-Q,2017-03-31,2017-05-04,True,248.1199951171875,0.02581813054697868,0.14545765390844445,0.26455811083487196,-0.04598582002677443
TRI,Thomson Reuters,Industrials,,Nasdaq 100,NR (to derive from financials),NR,default - no public rating available; derive from leverage/margin post-SEC pull,0001075124,True,,,,,,,,,,,,,,,,,,,,,,,,,,,,,,,,,,,,,,,,,,,,,,,,,,,,,,,,,,,,,,,,,,,,,,,,,,,,,,,,,,,,,,,,,,,,,,,,,,,,,True,92.94000244140625,0.11612833179025994,0.048549221509034846,0.5137234182030107,-0.3335648546295725
TRMB,Trimble Inc.,Technology,Application Software,S&P 500,NR (to derive from financials),NR,default - no public rating available; derive from leverage/margin post-SEC pull,0000864749,True,3587300000.0,RevenueFromContractWithCustomerExcludingAssessedTax,10-K,2026-01-02,2026-02-25,424000000.0,NetIncomeLoss,10-K,2026-01-02,2026-02-25,9312000000.0,Assets,10-K,2026-01-02,2026-02-25,3475800000.0,Liabilities,10-K,2026-01-02,2026-02-25,5836200000.0,StockholdersEquity,10-K,2026-01-02,2026-02-25,253400000.0,CashAndCashEquivalentsAtCarryingValue,10-K,2026-01-02,2026-02-25,386200000.0,NetCashProvidedByUsedInOperatingActivities,10-K,2026-01-02,2026-02-25,25300000.0,PaymentsToAcquirePropertyPlantAndEquipment,10-K,2026-01-02,2026-02-25,8641000.0,InterestExpense,10-K,2011-12-30,2012-02-28,1109400000.0,CostOfGoodsAndServicesSold,10-K,2026-01-02,2026-02-25,182800000.0,PropertyPlantAndEquipmentNet,10-K,2026-01-02,2026-02-25,199900000.0,DepreciationDepletionAndAmortization,10-K,2026-01-02,2026-02-25,483100000.0,GeneralAndAdministrativeExpense,10-K,2026-01-02,2026-02-25,1631900000.0,AssetsCurrent,10-K,2026-01-02,2026-02-25,1503400000.0,LiabilitiesCurrent,10-K,2026-01-02,2026-02-25,856000000.0,AccountsReceivableNetCurrent,10-K,2026-01-02,2026-02-25,186300000.0,InventoryNet,10-K,2026-01-02,2026-02-25,168300000.0,AccountsPayableCurrent,10-K,2026-01-02,2026-02-25,1392200000.0,LongTermDebt,10-K,2026-01-02,2026-02-25,0.0,ShortTermBorrowings,10-K,2025-01-03,2025-04-25,True,60.79999923706055,-0.061293771989578194,-0.0915882420463876,0.3260952421891099,-0.2720306312164107
TROW,T. Rowe Price,Financials,Asset Management & Custody Banks,S&P 500,NR (to derive from financials),NR,default - no public rating available; derive from leverage/margin post-SEC pull,0001113169,True,7314800000.0,RevenueFromContractWithCustomerExcludingAssessedTax,10-K,2025-12-31,2026-02-13,2087100000.0,NetIncomeLoss,10-K,2025-12-31,2026-02-13,14341800000.0,Assets,10-K,2025-12-31,2026-02-13,2288600000.0,Liabilities,10-K,2025-12-31,2026-02-13,10860100000.0,StockholdersEquity,10-K,2025-12-31,2026-02-13,3378200000.0,CashAndCashEquivalentsAtCarryingValue,10-K,2025-12-31,2026-02-13,1753400000.0,NetCashProvidedByUsedInOperatingActivities,10-K,2025-12-31,2026-02-13,274200000.0,PaymentsToAcquirePropertyPlantAndEquipment,10-K,2025-12-31,2026-02-13,,,,,,,,,,,845300000.0,PropertyPlantAndEquipmentNet,10-K,2025-12-31,2026-02-13,166000000.0,DepreciationDepletionAndAmortization,10-Q,2022-09-30,2022-10-27,,,,,,,,,,,,,,,,,,,,,,,,,,,,,,,,,,,,,,,,,True,105.33000183105469,0.15127341010427386,0.11573610764161835,0.21240182361264828,-0.019368200664148016
TRV,"Travelers Companies, Inc.",Financials,,Dow; S&P 500,NR (to derive from financials),NR,default - no public rating available; derive from leverage/margin post-SEC pull,0000086312,True,48828000000.0,Revenues,10-K,2025-12-31,2026-02-12,6288000000.0,NetIncomeLoss,10-K,2025-12-31,2026-02-12,143708000000.0,Assets,10-K,2025-12-31,2026-02-12,110814000000.0,Liabilities,10-K,2025-12-31,2026-02-12,32894000000.0,StockholdersEquity,10-K,2025-12-31,2026-02-12,842000000.0,CashCashEquivalentsRestrictedCashAndRestrictedCashEquivalents,10-K,2025-12-31,2026-02-12,10606000000.0,NetCashProvidedByUsedInOperatingActivities,10-K,2025-12-31,2026-02-12,,,,,,425000000.0,InterestExpense,10-K,2025-12-31,2026-02-12,,,,,,,,,,,680000000.0,DepreciationDepletionAndAmortization,10-K,2025-12-31,2026-02-12,6120000000.0,SellingGeneralAndAdministrativeExpense,10-K,2025-12-31,2026-02-12,,,,,,,,,,,,,,,,,,,,,,,,,,5861000000.0,LongTermDebtNoncurrent,10-K,2014-12-31,2015-02-12,600000000.0,LongTermDebtCurrent,10-K,2012-12-31,2013-02-19,True,298.0400085449219,0.002623961359322635,0.021532870154683303,0.17770662202594664,-0.041357337514403625
TSCO,Tractor Supply,Consumer Discretionary,Other Specialty Retail,S&P 500,NR (to derive from financials),NR,default - no public rating available; derive from leverage/margin post-SEC pull,0000916365,True,15524046000.0,Revenues,10-K,2025-12-27,2026-02-19,1096087000.0,NetIncomeLoss,10-K,2025-12-27,2026-02-19,10933679000.0,Assets,10-K,2025-12-27,2026-02-19,8352386000.0,Liabilities,10-K,2025-12-27,2026-02-19,2581293000.0,StockholdersEquity,10-K,2025-12-27,2026-02-19,194109000.0,CashAndCashEquivalentsAtCarryingValue,10-K,2025-12-27,2026-02-19,1635259000.0,NetCashProvidedByUsedInOperatingActivities,10-K,2025-12-27,2026-02-19,894770000.0,PaymentsToAcquirePropertyPlantAndEquipment,10-K,2025-12-27,2026-02-19,69144000.0,InterestExpense,10-K,2025-12-27,2026-02-19,9869538000.0,CostOfGoodsAndServicesSold,10-K,2025-12-27,2026-02-19,3026544000.0,PropertyPlantAndEquipmentNet,10-K,2025-12-27,2026-02-19,494011000.0,DepreciationDepletionAndAmortization,10-K,2025-12-27,2026-02-19,3693108000.0,SellingGeneralAndAdministrativeExpense,10-K,2025-12-27,2026-02-19,3507797000.0,AssetsCurrent,10-K,2025-12-27,2026-02-19,2614449000.0,LiabilitiesCurrent,10-K,2025-12-27,2026-02-19,,,,,,3084086000.0,InventoryNet,10-K,2025-12-27,2026-02-19,1390833000.0,AccountsPayableCurrent,10-K,2025-12-27,2026-02-19,150000000.0,LongTermDebt,10-K,2025-12-27,2026-02-19,,,,,,True,30.649999618530273,-0.3193426504683361,-0.42753605582716403,0.369196480721113,-0.4495994982853745
TSLA,"Tesla, Inc.",Industrials,,Nasdaq 100; S&P 500,BBB / BB bucket,BBB,demo_bucket_to_refresh,0001318605,True,94827000000.0,Revenues,10-K,2025-12-31,2026-01-29,3794000000.0,NetIncomeLoss,10-K,2025-12-31,2026-01-29,137806000000.0,Assets,10-K,2025-12-31,2026-01-29,54941000000.0,Liabilities,10-K,2025-12-31,2026-01-29,82137000000.0,StockholdersEquity,10-K,2025-12-31,2026-01-29,16513000000.0,CashAndCashEquivalentsAtCarryingValue,10-K,2025-12-31,2026-01-29,14747000000.0,NetCashProvidedByUsedInOperatingActivities,10-K,2025-12-31,2026-01-29,8527000000.0,PaymentsToAcquirePropertyPlantAndEquipment,10-K,2025-12-31,2026-01-29,156000000.0,InterestExpense,10-K,2023-12-31,2024-01-29,77733000000.0,CostOfRevenue,10-K,2025-12-31,2026-01-29,40643000000.0,PropertyPlantAndEquipmentAndFinanceLeaseRightOfUseAssetAfterAccumulatedDepreciationAndAmortization,10-K,2025-12-31,2026-01-29,5030000000.0,Depreciation,10-K,2025-12-31,2026-01-29,5834000000.0,SellingGeneralAndAdministrativeExpense,10-K,2025-12-31,2026-01-29,68642000000.0,AssetsCurrent,10-K,2025-12-31,2026-01-29,31714000000.0,LiabilitiesCurrent,10-K,2025-12-31,2026-01-29,4576000000.0,AccountsReceivableNetCurrent,10-K,2025-12-31,2026-01-29,12392000000.0,InventoryNet,10-K,2025-12-31,2026-01-29,13371000000.0,AccountsPayableCurrent,10-K,2025-12-31,2026-01-29,6584000000.0,LongTermDebt,10-K,2025-12-31,2026-01-29,50841000.0,LongTermDebtCurrent,10-K,2012-12-31,2014-02-26,True,428.3500061035156,0.2275397366926486,0.026430553497828413,0.38021017893252324,-0.12560218454724614
TSN,Tyson Foods,Consumer Staples,Packaged Foods & Meats,S&P 500,NR (to derive from financials),NR,default - no public rating available; derive from leverage/margin post-SEC pull,0000100493,True,54441000000.0,Revenues,10-K,2025-09-27,2025-11-10,474000000.0,NetIncomeLoss,10-K,2025-09-27,2025-11-10,36658000000.0,Assets,10-K,2025-09-27,2025-11-10,,,,,,18085000000.0,StockholdersEquity,10-K,2025-09-27,2025-11-10,1229000000.0,CashAndCashEquivalentsAtCarryingValue,10-K,2025-09-27,2025-11-10,2155000000.0,NetCashProvidedByUsedInOperatingActivities,10-K,2025-09-27,2025-11-10,978000000.0,PaymentsToAcquirePropertyPlantAndEquipment,10-K,2025-09-27,2025-11-10,355000000.0,InterestAndDebtExpense,10-K,2023-09-30,2023-11-13,50879000000.0,CostOfGoodsAndServicesSold,10-K,2025-09-27,2025-11-10,9204000000.0,PropertyPlantAndEquipmentNet,10-K,2025-09-27,2025-11-10,1350000000.0,DepreciationDepletionAndAmortization,10-K,2025-09-27,2025-11-10,2121000000.0,SellingGeneralAndAdministrativeExpense,10-K,2025-09-27,2025-11-10,9916000000.0,AssetsCurrent,10-K,2025-09-27,2025-11-10,6389000000.0,LiabilitiesCurrent,10-K,2025-09-27,2025-11-10,2524000000.0,AccountsReceivableNetCurrent,10-K,2025-09-27,2025-11-10,5681000000.0,InventoryNet,10-K,2025-09-27,2025-11-10,2601000000.0,AccountsPayableCurrent,10-K,2025-09-27,2025-11-10,,,,,,,,,,,True,68.37999725341797,0.04174280757537052,0.054016396536859856,0.26952089412461766,-0.005381858132102235
TT,Trane Technologies,Industrials,Building Products,S&P 500,NR (to derive from financials),NR,default - no public rating available; derive from leverage/margin post-SEC pull,0001466258,True,21321900000.0,RevenueFromContractWithCustomerExcludingAssessedTax,10-K,2025-12-31,2026-02-05,2918600000.0,NetIncomeLoss,10-K,2025-12-31,2026-02-05,21420700000.0,Assets,10-K,2025-12-31,2026-02-05,12819800000.0,Liabilities,10-K,2025-12-31,2026-02-05,8579200000.0,StockholdersEquity,10-K,2025-12-31,2026-02-05,1763300000.0,CashAndCashEquivalentsAtCarryingValue,10-K,2025-12-31,2026-02-05,3194500000.0,NetCashProvidedByUsedInOperatingActivities,10-K,2025-12-31,2026-02-05,383000000.0,PaymentsToAcquireProductiveAssets,10-K,2025-12-31,2026-02-05,226700000.0,InterestExpense,10-K,2025-12-31,2026-02-05,8651300000.0,CostOfGoodsAndServicesSold,10-K,2020-12-31,2021-02-09,2251300000.0,PropertyPlantAndEquipmentNet,10-K,2025-12-31,2026-02-05,207400000.0,Depreciation,10-K,2025-12-31,2026-02-05,3742800000.0,SellingGeneralAndAdministrativeExpense,10-K,2025-12-31,2026-02-05,7863000000.0,AssetsCurrent,10-K,2025-12-31,2026-02-05,6286700000.0,LiabilitiesCurrent,10-K,2025-12-31,2026-02-05,3235300000.0,ReceivablesNetCurrent,10-K,2025-12-31,2026-02-05,2103600000.0,InventoryNet,10-K,2025-12-31,2026-02-05,2153900000.0,AccountsPayableCurrent,10-K,2025-12-31,2026-02-05,4615100000.0,LongTermDebt,10-K,2025-12-31,2026-02-05,763300000.0,ShortTermBorrowings,10-K,2011-12-31,2012-02-21,True,466.1700134277344,0.0009877863500822315,0.0163214659605746,0.30735189048635186,-0.05353878803691625
TTD,Trade Desk (The),Communication Services,Advertising,S&P 500,NR (to derive from financials),NR,default - no public rating available; derive from leverage/margin post-SEC pull,0001671933,True,2896284000.0,RevenueFromContractWithCustomerExcludingAssessedTax,10-K,2025-12-31,2026-02-27,443304000.0,NetIncomeLoss,10-K,2025-12-31,2026-02-27,6153220000.0,Assets,10-K,2025-12-31,2026-02-27,3668829000.0,Liabilities,10-K,2025-12-31,2026-02-27,2484391000.0,StockholdersEquity,10-K,2025-12-31,2026-02-27,658175000.0,CashAndCashEquivalentsAtCarryingValue,10-K,2025-12-31,2026-02-27,992721000.0,NetCashProvidedByUsedInOperatingActivities,10-K,2025-12-31,2026-02-27,197011000.0,PaymentsToAcquirePropertyPlantAndEquipment,10-K,2025-12-31,2026-02-27,1550000.0,InterestExpense,10-K,2018-12-31,2019-02-22,619067000.0,CostOfGoodsAndServicesSold,10-K,2025-12-31,2026-02-27,396819000.0,PropertyPlantAndEquipmentNet,10-K,2025-12-31,2026-02-27,115784000.0,DepreciationDepletionAndAmortization,10-K,2025-12-31,2026-02-27,518455000.0,GeneralAndAdministrativeExpense,10-K,2025-12-31,2026-02-27,5261004000.0,AssetsCurrent,10-K,2025-12-31,2026-02-27,3265997000.0,LiabilitiesCurrent,10-K,2025-12-31,2026-02-27,3770194000.0,AccountsReceivableNetCurrent,10-K,2025-12-31,2026-02-27,,,,,,3007651000.0,AccountsPayableCurrent,10-K,2025-12-31,2026-02-27,,,,,,,,,,,True,23.079999923706055,0.14883025128962024,-0.14644973586326004,0.6366831231460743,-0.49716777436939064
TTWO,Take-Two Interactive,Industrials,,Nasdaq 100; S&P 500,NR (to derive from financials),NR,default - no public rating available; derive from leverage/margin post-SEC pull,0000946581,True,5633600000.0,RevenueFromContractWithCustomerExcludingAssessedTax,10-K,2025-03-31,2025-05-20,-4478900000.0,NetIncomeLoss,10-K,2025-03-31,2025-05-20,9180700000.0,Assets,10-K,2025-03-31,2025-05-20,7043000000.0,Liabilities,10-K,2025-03-31,2025-05-20,2137700000.0,StockholdersEquity,10-K,2025-03-31,2025-05-20,1456100000.0,CashAndCashEquivalentsAtCarryingValue,10-K,2025-03-31,2025-05-20,-45200000.0,NetCashProvidedByUsedInOperatingActivities,10-K,2025-03-31,2025-05-20,169400000.0,PaymentsToAcquirePropertyPlantAndEquipment,10-K,2025-03-31,2025-05-20,,,,,,2571400000.0,CostOfRevenue,10-K,2025-03-31,2025-05-20,443800000.0,PropertyPlantAndEquipmentNet,10-K,2025-03-31,2025-05-20,229400000.0,DepreciationDepletionAndAmortization,10-K,2025-03-31,2025-05-20,883300000.0,GeneralAndAdministrativeExpense,10-K,2025-03-31,2025-05-20,2815900000.0,AssetsCurrent,10-K,2025-03-31,2025-05-20,3615800000.0,LiabilitiesCurrent,10-K,2025-03-31,2025-05-20,771100000.0,AccountsReceivableNetCurrent,10-K,2025-03-31,2025-05-20,13224000.0,InventoryNet,10-K,2022-03-31,2022-05-17,194700000.0,AccountsPayableCurrent,10-K,2025-03-31,2025-05-20,2512600000.0,LongTermDebtNoncurrent,10-K,2025-03-31,2025-05-20,1148500000.0,ShortTermBorrowings,10-K,2025-03-31,2025-05-20,True,220.4499969482422,0.11863799033385525,0.07520849758938963,0.33512700330440615,-0.14524448909296261
TXN,Texas Instruments,Industrials,,Nasdaq 100; S&P 500,NR (to derive from financials),NR,default - no public rating available; derive from leverage/margin post-SEC pull,0000097476,True,17682000000.0,RevenueFromContractWithCustomerExcludingAssessedTax,10-K,2025-12-31,2026-02-06,5001000000.0,NetIncomeLoss,10-K,2025-12-31,2026-02-06,34585000000.0,Assets,10-K,2025-12-31,2026-02-06,18312000000.0,Liabilities,10-K,2025-12-31,2026-02-06,16273000000.0,StockholdersEquity,10-K,2025-12-31,2026-02-06,3225000000.0,CashAndCashEquivalentsAtCarryingValue,10-K,2025-12-31,2026-02-06,7153000000.0,NetCashProvidedByUsedInOperatingActivities,10-K,2025-12-31,2026-02-06,4550000000.0,PaymentsToAcquirePropertyPlantAndEquipment,10-K,2025-12-31,2026-02-06,543000000.0,InterestAndDebtExpense,10-K,2025-12-31,2026-02-06,7599000000.0,CostOfGoodsAndServicesSold,10-K,2025-12-31,2026-02-06,12320000000.0,PropertyPlantAndEquipmentNet,10-K,2025-12-31,2026-02-06,1918000000.0,Depreciation,10-K,2025-12-31,2026-02-06,1860000000.0,SellingGeneralAndAdministrativeExpense,10-K,2025-12-31,2026-02-06,13750000000.0,AssetsCurrent,10-K,2025-12-31,2026-02-06,3159000000.0,LiabilitiesCurrent,10-K,2025-12-31,2026-02-06,1963000000.0,AccountsReceivableNetCurrent,10-K,2025-12-31,2026-02-06,4804000000.0,InventoryNet,10-K,2025-12-31,2026-02-06,756000000.0,AccountsPayableCurrent,10-K,2025-12-31,2026-02-06,14048000000.0,LongTermDebt,10-K,2025-12-31,2026-02-06,500000000.0,LongTermDebtCurrent,10-K,2025-12-31,2026-02-06,True,287.79998779296875,0.347097858693161,0.32222106241567117,0.493064511904749,-0.005666164436857746
TXT,Textron,Aerospace & Defense,Aerospace & Defense,S&P 500,NR (to derive from financials),NR,default - no public rating available; derive from leverage/margin post-SEC pull,0000217346,True,14799000000.0,Revenues,10-K,2026-01-03,2026-02-11,921000000.0,NetIncomeLoss,10-K,2026-01-03,2026-02-11,18129000000.0,Assets,10-K,2026-01-03,2026-02-11,10254000000.0,Liabilities,10-K,2026-01-03,2026-02-11,7875000000.0,StockholdersEquity,10-K,2026-01-03,2026-02-11,2025000000.0,CashCashEquivalentsRestrictedCashAndRestrictedCashEquivalents,10-K,2026-01-03,2026-02-11,1312000000.0,NetCashProvidedByUsedInOperatingActivities,10-K,2026-01-03,2026-02-11,383000000.0,PaymentsToAcquireProductiveAssets,10-K,2026-01-03,2026-02-11,142000000.0,InterestExpense,10-K,2022-01-01,2022-02-17,10094000000.0,CostOfGoodsAndServicesSold,10-K,2021-01-02,2021-02-19,2477000000.0,PropertyPlantAndEquipmentNet,10-K,2023-12-30,2024-02-12,401000000.0,DepreciationDepletionAndAmortization,10-K,2026-01-03,2026-02-11,1173000000.0,SellingGeneralAndAdministrativeExpense,10-K,2026-01-03,2026-02-11,,,,,,,,,,,1026000000.0,AccountsReceivableNetCurrent,10-Q,2018-09-29,2018-10-25,4278000000.0,InventoryNet,10-K,2026-01-03,2026-02-11,,,,,,,,,,,,,,,,True,91.01000213623047,-0.004157974132353637,-0.04650791202098037,0.2839412981696778,-0.09665678902138763
TYL,Tyler Technologies,Technology,Application Software,S&P 500,NR (to derive from financials),NR,default - no public rating available; derive from leverage/margin post-SEC pull,0000860731,True,2332340000.0,RevenueFromContractWithCustomerExcludingAssessedTax,10-K,2025-12-31,2026-02-18,315603000.0,NetIncomeLoss,10-K,2025-12-31,2026-02-18,5638908000.0,Assets,10-K,2025-12-31,2026-02-18,1936119000.0,Liabilities,10-K,2025-12-31,2026-02-18,3702789000.0,StockholdersEquity,10-K,2025-12-31,2026-02-18,1015400000.0,CashAndCashEquivalentsAtCarryingValue,10-K,2025-12-31,2026-02-18,653543000.0,NetCashProvidedByUsedInOperatingActivities,10-K,2025-12-31,2026-02-18,16015000.0,PaymentsToAcquirePropertyPlantAndEquipment,10-K,2025-12-31,2026-02-18,4995000.0,InterestAndDebtExpense,10-K,2025-12-31,2026-02-18,1248640000.0,CostOfGoodsAndServicesSold,10-K,2025-12-31,2026-02-18,160355000.0,PropertyPlantAndEquipmentNet,10-K,2025-12-31,2026-02-18,138358000.0,DepreciationDepletionAndAmortization,10-K,2025-12-31,2026-02-18,316447000.0,GeneralAndAdministrativeExpense,10-K,2025-12-31,2026-02-18,1843888000.0,AssetsCurrent,10-K,2025-12-31,2026-02-18,1755445000.0,LiabilitiesCurrent,10-K,2025-12-31,2026-02-18,638798000.0,AccountsReceivableNetCurrent,10-K,2025-12-31,2026-02-18,,,,,,174653000.0,AccountsPayableCurrent,10-K,2025-12-31,2026-02-18,599663000.0,LongTermDebt,10-K,2025-12-31,2026-02-18,0.0,LongTermDebtCurrent,10-K,2024-12-31,2025-02-19,True,324.5799865722656,0.022943583546706225,-0.08630786089674469,0.48336296940419016,-0.31345052749767666
UAL,United Airlines Holdings,Transportation,Passenger Airlines,S&P 500,BB bucket,BB,demo_bucket_to_refresh,0000100517,True,59070000000.0,RevenueFromContractWithCustomerExcludingAssessedTax,10-K,2025-12-31,2026-02-12,3353000000.0,NetIncomeLoss,10-K,2025-12-31,2026-02-12,76448000000.0,Assets,10-K,2025-12-31,2026-02-12,,,,,,15282000000.0,StockholdersEquity,10-K,2025-12-31,2026-02-12,5942000000.0,CashAndCashEquivalentsAtCarryingValue,10-K,2025-12-31,2026-02-12,8431000000.0,NetCashProvidedByUsedInOperatingActivities,10-K,2025-12-31,2026-02-12,5874000000.0,PaymentsToAcquireProductiveAssets,10-K,2025-12-31,2026-02-12,670000000.0,InterestExpense,10-K,2018-12-31,2020-02-25,,,,,,46121000000.0,PropertyPlantAndEquipmentNet,10-K,2025-12-31,2026-02-12,2939000000.0,DepreciationDepletionAndAmortization,10-K,2025-12-31,2026-02-12,,,,,,16857000000.0,AssetsCurrent,10-K,2025-12-31,2026-02-12,26133000000.0,LiabilitiesCurrent,10-K,2025-12-31,2026-02-12,2391000000.0,ReceivablesNetCurrent,10-K,2025-12-31,2026-02-12,7000000.0,InventoryNet,10-K,2015-12-31,2018-02-22,4567000000.0,AccountsPayableCurrent,10-K,2025-12-31,2026-02-12,17170000000.0,LongTermDebtNoncurrent,10-K,2025-12-31,2026-02-12,4096000000.0,LongTermDebtCurrent,10-K,2025-12-31,2026-02-12,True,99.58000183105469,0.03298755451079627,-0.14302922163234122,0.5626049747007248,-0.15272693894900402
UBER,Uber,Transportation,Passenger Ground Transportation,S&P 500,NR (to derive from financials),NR,default - no public rating available; derive from leverage/margin post-SEC pull,0001543151,True,52017000000.0,Revenues,10-K,2025-12-31,2026-02-13,10053000000.0,NetIncomeLoss,10-K,2025-12-31,2026-02-13,61802000000.0,Assets,10-K,2025-12-31,2026-02-13,33719000000.0,Liabilities,10-K,2025-12-31,2026-02-13,27041000000.0,StockholdersEquity,10-K,2025-12-31,2026-02-13,7105000000.0,CashAndCashEquivalentsAtCarryingValue,10-K,2025-12-31,2026-02-13,10099000000.0,NetCashProvidedByUsedInOperatingActivities,10-K,2025-12-31,2026-02-13,336000000.0,PaymentsToAcquirePropertyPlantAndEquipment,10-K,2025-12-31,2026-02-13,633000000.0,InterestExpense,10-K,2023-12-31,2024-02-15,,,,,,1897000000.0,PropertyPlantAndEquipmentAndFinanceLeaseRightOfUseAssetAfterAccumulatedDepreciationAndAmortization,10-K,2025-12-31,2026-02-13,719000000.0,DepreciationDepletionAndAmortization,10-K,2025-12-31,2026-02-13,3241000000.0,GeneralAndAdministrativeExpense,10-K,2025-12-31,2026-02-13,13993000000.0,AssetsCurrent,10-K,2025-12-31,2026-02-13,12320000000.0,LiabilitiesCurrent,10-K,2025-12-31,2026-02-13,3827000000.0,AccountsReceivableNetCurrent,10-K,2025-12-31,2026-02-13,,,,,,1013000000.0,AccountsPayableCurrent,10-K,2025-12-31,2026-02-13,10600000000.0,LongTermDebt,10-K,2025-12-31,2026-02-13,0.0,LongTermDebtCurrent,10-K,2025-12-31,2026-02-13,True,75.44999694824219,0.07051636428192176,0.020836060206046225,0.36223530369738016,-0.19819343069392226
UDR,"UDR, Inc.",Real Estate,Multi-Family Residential REITs,S&P 500,NR (to derive from financials),NR,default - no public rating available; derive from leverage/margin post-SEC pull,0000074208,True,1712317000.0,Revenues,10-K,2025-12-31,2026-02-17,377704000.0,NetIncomeLoss,10-K,2025-12-31,2026-02-17,10605674000.0,Assets,10-K,2025-12-31,2026-02-17,6456911000.0,Liabilities,10-K,2025-12-31,2026-02-17,3288462000.0,StockholdersEquity,10-K,2025-12-31,2026-02-17,1222000.0,CashAndCashEquivalentsAtCarryingValue,10-K,2025-12-31,2026-02-17,902887000.0,NetCashProvidedByUsedInOperatingActivities,10-K,2025-12-31,2026-02-17,4850000.0,PaymentsToAcquireProductiveAssets,10-K,2018-12-31,2019-02-19,180866000.0,InterestExpense,10-K,2023-12-31,2024-02-20,,,,,,,,,,,680035000.0,DepreciationDepletionAndAmortization,10-K,2025-12-31,2026-02-17,85104000.0,GeneralAndAdministrativeExpense,10-K,2025-12-31,2026-02-17,,,,,,,,,,,,,,,,,,,,,,,,,,5821369000.0,LongTermDebt,10-K,2025-12-31,2026-02-17,,,,,,True,36.90999984741211,0.06445181430417746,-0.009989293348738437,0.22784100875303703,-0.06027396541837793
UHS,Universal Health Services,Healthcare,Health Care Facilities,S&P 500,NR (to derive from financials),NR,default - no public rating available; derive from leverage/margin post-SEC pull,0000352915,True,17364829000.0,RevenueFromContractWithCustomerExcludingAssessedTax,10-K,2025-12-31,2026-02-25,1488796000.0,NetIncomeLoss,10-K,2025-12-31,2026-02-25,15527593000.0,Assets,10-K,2025-12-31,2026-02-25,,,,,,7275792000.0,StockholdersEquity,10-K,2025-12-31,2026-02-25,137797000.0,CashAndCashEquivalentsAtCarryingValue,10-K,2025-12-31,2026-02-25,1864397000.0,NetCashProvidedByUsedInOperatingActivities,10-K,2025-12-31,2026-02-25,1015152000.0,PaymentsToAcquirePropertyPlantAndEquipment,10-K,2025-12-31,2026-02-25,156068000.0,InterestExpense,10-K,2025-12-31,2026-02-25,,,,,,7008097000.0,PropertyPlantAndEquipmentNet,10-K,2025-12-31,2026-02-25,618743000.0,DepreciationAndAmortization,10-K,2025-12-31,2026-02-25,,,,,,3407915000.0,AssetsCurrent,10-K,2025-12-31,2026-02-25,3239601000.0,LiabilitiesCurrent,10-K,2025-12-31,2026-02-25,2602434000.0,AccountsReceivableNetCurrent,10-K,2025-12-31,2026-02-25,,,,,,750134000.0,AccountsPayableCurrent,10-K,2025-12-31,2026-02-25,4752551000.0,LongTermDebt,10-K,2025-12-31,2026-02-25,748158000.0,LongTermDebtCurrent,10-K,2025-12-31,2026-02-25,True,169.9600067138672,-0.05985171002594791,-0.20106559504175026,0.4186584399318103,-0.30270748718881
ULTA,Ulta Beauty,Consumer Discretionary,Other Specialty Retail,S&P 500,NR (to derive from financials),NR,default - no public rating available; derive from leverage/margin post-SEC pull,0001403568,True,12392820000.0,Revenues,10-K,2026-01-31,2026-03-26,1153479000.0,NetIncomeLoss,10-K,2026-01-31,2026-03-26,6999294000.0,Assets,10-K,2026-01-31,2026-03-26,4195843000.0,Liabilities,10-K,2026-01-31,2026-03-26,2803451000.0,StockholdersEquity,10-K,2026-01-31,2026-03-26,424243000.0,CashAndCashEquivalentsAtCarryingValue,10-K,2026-01-31,2026-03-26,1502780000.0,NetCashProvidedByUsedInOperatingActivities,10-K,2026-01-31,2026-03-26,434829000.0,PaymentsToAcquirePropertyPlantAndEquipment,10-K,2026-01-31,2026-03-26,185000.0,InterestExpense,10-K,2013-02-02,2013-04-03,7547596000.0,CostOfRevenue,10-K,2026-01-31,2026-03-26,1434062000.0,PropertyPlantAndEquipmentNet,10-K,2026-01-31,2026-03-26,300772000.0,DepreciationDepletionAndAmortization,10-K,2026-01-31,2026-03-26,3296411000.0,SellingGeneralAndAdministrativeExpense,10-K,2026-01-31,2026-03-26,3144146000.0,AssetsCurrent,10-K,2026-01-31,2026-03-26,2224342000.0,LiabilitiesCurrent,10-K,2026-01-31,2026-03-26,296217000.0,AccountsReceivableNetCurrent,10-K,2026-01-31,2026-03-26,,,,,,685887000.0,AccountsPayableCurrent,10-K,2026-01-31,2026-03-26,800000000.0,LongTermDebtNoncurrent,10-Q,2020-08-01,2021-08-25,62287000.0,ShortTermBorrowings,10-K,2026-01-31,2026-03-26,True,521.5800170898438,0.0023060305849020857,-0.25087250687275586,0.4001409618258784,-0.26207519356396103
UNH,UnitedHealth Group,Healthcare,,Dow; S&P 500,A bucket,A,demo_bucket_to_refresh,0000731766,True,447567000000.0,Revenues,10-K,2025-12-31,2026-03-02,12056000000.0,NetIncomeLoss,10-K,2025-12-31,2026-03-02,309581000000.0,Assets,10-K,2025-12-31,2026-03-02,207883000000.0,Liabilities,10-K,2025-12-31,2026-03-02,100090000000.0,StockholdersEquityIncludingPortionAttributableToNoncontrollingInterest,10-K,2025-12-31,2026-03-02,24365000000.0,CashAndCashEquivalentsAtCarryingValue,10-K,2025-12-31,2026-03-02,19697000000.0,NetCashProvidedByUsedInOperatingActivities,10-K,2025-12-31,2026-03-02,3622000000.0,PaymentsToAcquirePropertyPlantAndEquipment,10-K,2025-12-31,2026-03-02,4002000000.0,InterestExpense,10-K,2025-12-31,2026-03-02,50655000000.0,CostOfGoodsAndServicesSold,10-K,2025-12-31,2026-03-02,10762000000.0,PropertyPlantAndEquipmentNet,10-K,2025-12-31,2026-03-02,4361000000.0,DepreciationAndAmortization,10-K,2025-12-31,2026-03-02,59592000000.0,SellingGeneralAndAdministrativeExpense,10-K,2025-12-31,2026-03-02,90582000000.0,AssetsCurrent,10-K,2025-12-31,2026-03-02,114897000000.0,LiabilitiesCurrent,10-K,2025-12-31,2026-03-02,23018000000.0,AccountsReceivableNetCurrent,10-K,2025-12-31,2026-03-02,3300000000.0,InventoryNet,10-K,2025-12-31,2026-03-02,38032000000.0,AccountsPayableAndAccruedLiabilitiesCurrent,10-K,2025-12-31,2026-03-02,72320000000.0,LongTermDebtNoncurrent,10-K,2025-12-31,2026-03-02,3620000000.0,LongTermDebtCurrent,10-K,2021-12-31,2022-02-15,True,379.9800109863281,0.24857893652257235,0.38895197762360323,0.34160322191155934,0.0
UNP,Union Pacific Corporation,Transportation,Rail Transportation,S&P 500,A bucket,A,demo_bucket_to_refresh,0000100885,True,24510000000.0,RevenueFromContractWithCustomerExcludingAssessedTax,10-K,2025-12-31,2026-02-06,7138000000.0,NetIncomeLoss,10-K,2025-12-31,2026-02-06,69698000000.0,Assets,10-K,2025-12-31,2026-02-06,51231000000.0,Liabilities,10-K,2025-12-31,2026-02-06,18467000000.0,StockholdersEquity,10-K,2025-12-31,2026-02-06,1266000000.0,CashAndCashEquivalentsAtCarryingValue,10-K,2025-12-31,2026-02-06,9290000000.0,NetCashProvidedByUsedInOperatingActivities,10-K,2025-12-31,2026-02-06,3791000000.0,PaymentsToAcquirePropertyPlantAndEquipment,10-K,2025-12-31,2026-02-06,1340000000.0,InterestExpense,10-K,2023-12-31,2024-02-09,,,,,,59645000000.0,PropertyPlantAndEquipmentAndFinanceLeaseRightOfUseAssetAfterAccumulatedDepreciationAndAmortization,10-K,2025-12-31,2026-02-06,2465000000.0,Depreciation,10-K,2025-12-31,2026-02-06,,,,,,4555000000.0,AssetsCurrent,10-K,2025-12-31,2026-02-06,5014000000.0,LiabilitiesCurrent,10-K,2025-12-31,2026-02-06,1860000000.0,AccountsReceivableNetCurrent,10-K,2025-12-31,2026-02-06,,,,,,804000000.0,AccountsPayableCurrent,10-K,2025-12-31,2026-02-06,31814000000.0,LongTermDebt,10-K,2025-12-31,2026-02-06,,,,,,True,264.6499938964844,0.05644485130218069,0.04597397672576853,0.2440852929735225,-0.024367822867999767
UPS,United Parcel Service,Transportation,Air Freight & Logistics,S&P 500,A bucket,A,demo_bucket_to_refresh,0001090727,True,88661000000.0,RevenueFromContractWithCustomerExcludingAssessedTax,10-K,2025-12-31,2026-02-17,5572000000.0,NetIncomeLoss,10-K,2025-12-31,2026-02-17,73090000000.0,Assets,10-K,2025-12-31,2026-02-17,,,,,,16227000000.0,StockholdersEquity,10-K,2025-12-31,2026-02-17,5887000000.0,CashAndCashEquivalentsAtCarryingValue,10-K,2025-12-31,2026-02-17,8450000000.0,NetCashProvidedByUsedInOperatingActivities,10-K,2025-12-31,2026-02-17,3685000000.0,PaymentsToAcquirePropertyPlantAndEquipment,10-K,2025-12-31,2026-02-17,785000000.0,InterestExpense,10-K,2023-12-31,2024-02-20,,,,,,37731000000.0,PropertyPlantAndEquipmentAndFinanceLeaseRightOfUseAssetAfterAccumulatedDepreciationAndAmortization,10-K,2025-12-31,2026-02-17,3000000000.0,DepreciationDepletionAndAmortization,10-K,2025-12-31,2026-02-17,,,,,,19045000000.0,AssetsCurrent,10-K,2025-12-31,2026-02-17,15620000000.0,LiabilitiesCurrent,10-K,2025-12-31,2026-02-17,11209000000.0,AccountsReceivableNetCurrent,10-K,2025-12-31,2026-02-17,739000000.0,InventoryNet,10-K,2025-12-31,2026-02-17,6633000000.0,AccountsPayableCurrent,10-K,2025-12-31,2026-02-17,23585000000.0,LongTermDebt,10-K,2025-12-31,2026-02-17,2341000000.0,LongTermDebtCurrent,10-K,2022-12-31,2023-02-21,True,100.77999877929688,-0.009046196622931268,-0.1334342554878718,0.3353687761351847,-0.14845472422163764
URI,United Rentals,Industrials,Trading Companies & Distributors,S&P 500,NR (to derive from financials),NR,default - no public rating available; derive from leverage/margin post-SEC pull,0001067701,True,16099000000.0,Revenues,10-K,2025-12-31,2026-01-28,2494000000.0,NetIncomeLoss,10-K,2025-12-31,2026-01-28,29866000000.0,Assets,10-K,2025-12-31,2026-01-28,20898000000.0,Liabilities,10-K,2025-12-31,2026-01-28,8968000000.0,StockholdersEquity,10-K,2025-12-31,2026-01-28,459000000.0,CashAndCashEquivalentsAtCarryingValue,10-K,2025-12-31,2026-01-28,5190000000.0,NetCashProvidedByUsedInOperatingActivities,10-K,2025-12-31,2026-01-28,4130000000.0,PaymentsToAcquireProductiveAssets,10-K,2024-12-31,2025-01-29,,,,,,9955000000.0,CostOfRevenue,10-K,2025-12-31,2026-01-28,604000000.0,PropertyPlantAndEquipmentNet,10-K,2019-12-31,2020-01-29,438000000.0,DepreciationAndAmortization,10-K,2025-12-31,2026-01-28,1732000000.0,SellingGeneralAndAdministrativeExpense,10-K,2025-12-31,2026-01-28,3608000000.0,AssetsCurrent,10-K,2025-12-31,2026-01-28,3819000000.0,LiabilitiesCurrent,10-K,2025-12-31,2026-01-28,2510000000.0,AccountsReceivableNetCurrent,10-K,2025-12-31,2026-01-28,240000000.0,InventoryNet,10-K,2025-12-31,2026-01-28,776000000.0,AccountsPayableCurrent,10-K,2025-12-31,2026-01-28,14302000000.0,LongTermDebt,10-K,2025-12-31,2026-01-28,,,,,,True,937.0,0.21384064473518904,0.07140801817117315,0.5618176968604381,-0.050446936317048774
USB,U.S. Bancorp,Financials,Diversified Banks,S&P 500,NR (to derive from financials),NR,default - no public rating available; derive from leverage/margin post-SEC pull,0000036104,True,28656000000.0,Revenues,10-K,2025-12-31,2026-02-23,7570000000.0,NetIncomeLoss,10-K,2025-12-31,2026-02-23,692345000000.0,Assets,10-K,2025-12-31,2026-02-23,626694000000.0,Liabilities,10-K,2025-12-31,2026-02-23,65193000000.0,StockholdersEquity,10-K,2025-12-31,2026-02-23,46890000000.0,CashCashEquivalentsRestrictedCashAndRestrictedCashEquivalents,10-K,2025-12-31,2026-02-23,7970000000.0,NetCashProvidedByUsedInOperatingActivities,10-K,2025-12-31,2026-02-23,,,,,,12611000000.0,InterestExpense,10-K,2023-12-31,2024-02-20,,,,,,3858000000.0,PropertyPlantAndEquipmentNet,10-K,2022-12-31,2023-02-27,74000000.0,Depreciation,10-Q,2013-03-31,2013-05-03,,,,,,,,,,,,,,,,,,,,,,,,,,,,,,,39829000000.0,LongTermDebt,10-K,2022-12-31,2023-02-27,17162000000.0,ShortTermBorrowings,10-K,2025-12-31,2026-02-23,True,55.529998779296875,-0.0023356282513766757,-0.0703664875458403,0.2412592456163715,-0.07557451545133709
V,Visa,Financials,,Dow; S&P 500,AA- shown,AA-,screenshot,0001403161,True,40000000000.0,RevenueFromContractWithCustomerExcludingAssessedTax,10-K,2025-09-30,2025-11-06,20058000000.0,NetIncomeLoss,10-K,2025-09-30,2025-11-06,99627000000.0,Assets,10-K,2025-09-30,2025-11-06,61718000000.0,Liabilities,10-K,2025-09-30,2025-11-06,37909000000.0,StockholdersEquityIncludingPortionAttributableToNoncontrollingInterest,10-K,2025-09-30,2025-11-06,17164000000.0,CashAndCashEquivalentsAtCarryingValue,10-K,2025-09-30,2025-11-06,23059000000.0,NetCashProvidedByUsedInOperatingActivities,10-K,2025-09-30,2025-11-06,1482000000.0,PaymentsToAcquireProductiveAssets,10-K,2025-09-30,2025-11-06,-29000000.0,InterestExpense,10-K,2012-09-30,2012-11-16,,,,,,4236000000.0,PropertyPlantAndEquipmentNet,10-K,2025-09-30,2025-11-06,1220000000.0,DepreciationAndAmortization,10-K,2025-09-30,2025-11-06,1926000000.0,GeneralAndAdministrativeExpense,10-K,2025-09-30,2025-11-06,37766000000.0,AssetsCurrent,10-K,2025-09-30,2025-11-06,35048000000.0,LiabilitiesCurrent,10-K,2025-09-30,2025-11-06,3126000000.0,AccountsReceivableNetCurrent,10-K,2025-09-30,2025-11-06,,,,,,555000000.0,AccountsPayableCurrent,10-K,2025-09-30,2025-11-06,19602000000.0,LongTermDebtNoncurrent,10-K,2025-09-30,2025-11-06,5569000000.0,LongTermDebtCurrent,10-K,2025-09-30,2025-11-06,True,318.7900085449219,0.0474110391899627,-0.01883597010928606,0.2630029334697456,-0.10659081122248915
VEEV,Veeva Systems,Healthcare,Health Care Technology,S&P 500,NR (to derive from financials),NR,default - no public rating available; derive from leverage/margin post-SEC pull,0001393052,True,3195311000.0,RevenueFromContractWithCustomerExcludingAssessedTax,10-K,2026-01-31,2026-03-20,908906000.0,NetIncomeLoss,10-K,2026-01-31,2026-03-20,8979343000.0,Assets,10-K,2026-01-31,2026-03-20,1764591000.0,Liabilities,10-K,2026-01-31,2026-03-20,7214752000.0,StockholdersEquity,10-K,2026-01-31,2026-03-20,1421233000.0,CashAndCashEquivalentsAtCarryingValue,10-K,2026-01-31,2026-03-20,1415225000.0,NetCashProvidedByUsedInOperatingActivities,10-K,2026-01-31,2026-03-20,3113000.0,PaymentsToAcquirePropertyPlantAndEquipment,10-K,2020-01-31,2020-03-30,,,,,,782019000.0,CostOfGoodsAndServicesSold,10-K,2026-01-31,2026-03-20,70261000.0,PropertyPlantAndEquipmentNet,10-K,2026-01-31,2026-03-20,6000000.0,Depreciation,10-K,2024-01-31,2024-03-25,300739000.0,GeneralAndAdministrativeExpense,10-K,2026-01-31,2026-03-20,7997630000.0,AssetsCurrent,10-K,2026-01-31,2026-03-20,1637056000.0,LiabilitiesCurrent,10-K,2026-01-31,2026-03-20,1259737000.0,AccountsReceivableNetCurrent,10-K,2026-01-31,2026-03-20,,,,,,37644000.0,AccountsPayableCurrent,10-K,2026-01-31,2026-03-20,,,,,,,,,,,True,166.33999633789062,0.09846136421621843,-0.09896540930641484,0.4222856978703508,-0.4438649517100913
VICI,Vici Properties,Real Estate,Hotel & Resort REITs,S&P 500,NR (to derive from financials),NR,default - no public rating available; derive from leverage/margin post-SEC pull,0001705696,True,4006116000.0,Revenues,10-K,2025-12-31,2026-02-25,2775493000.0,NetIncomeLoss,10-K,2025-12-31,2026-02-25,46724168000.0,Assets,10-K,2025-12-31,2026-02-25,18501581000.0,Liabilities,10-K,2025-12-31,2026-02-25,27797640000.0,StockholdersEquity,10-K,2025-12-31,2026-02-25,563479000.0,CashAndCashEquivalentsAtCarryingValue,10-K,2025-12-31,2026-02-25,2509991000.0,NetCashProvidedByUsedInOperatingActivities,10-K,2025-12-31,2026-02-25,2724000.0,PaymentsToAcquirePropertyPlantAndEquipment,10-K,2019-12-31,2020-02-20,818056000.0,InterestExpense,10-K,2023-12-31,2024-02-22,26730000.0,CostOfGoodsAndServicesSold,10-K,2025-12-31,2026-02-25,68045000.0,PropertyPlantAndEquipmentNet,10-K,2025-12-31,2026-02-25,3637000.0,Depreciation,10-K,2025-12-31,2026-02-25,65082000.0,GeneralAndAdministrativeExpense,10-K,2025-12-31,2026-02-25,,,,,,,,,,,,,,,,,,,,,,,,,,16773241000.0,LongTermDebt,10-K,2025-12-31,2026-02-25,,,,,,True,28.84000015258789,0.025969389056772263,0.00858114682414457,0.18757628590657913,-0.034605886168729394
VLO,Valero Energy,Energy,Oil & Gas Refining & Marketing,S&P 500,NR (to derive from financials),NR,default - no public rating available; derive from leverage/margin post-SEC pull,0001035002,True,,,,,,2348000000.0,NetIncomeLoss,10-K,2025-12-31,2026-02-25,57988000000.0,Assets,10-K,2025-12-31,2026-02-25,,,,,,23725000000.0,StockholdersEquity,10-K,2025-12-31,2026-02-25,4688000000.0,CashAndCashEquivalentsAtCarryingValue,10-K,2025-12-31,2026-02-25,5826000000.0,NetCashProvidedByUsedInOperatingActivities,10-K,2025-12-31,2026-02-25,2057000000.0,PaymentsToAcquireProductiveAssets,10-K,2024-12-31,2025-02-26,556000000.0,InterestExpense,10-K,2025-12-31,2026-02-25,117255000000.0,CostOfRevenue,10-K,2025-12-31,2026-02-25,27617000000.0,PropertyPlantAndEquipmentAndFinanceLeaseRightOfUseAssetAfterAccumulatedDepreciationAndAmortization,10-K,2025-12-31,2026-02-25,63000000.0,DepreciationAndAmortization,10-K,2025-12-31,2026-02-25,1042000000.0,GeneralAndAdministrativeExpense,10-K,2025-12-31,2026-02-25,23210000000.0,AssetsCurrent,10-K,2025-12-31,2026-02-25,14109000000.0,LiabilitiesCurrent,10-K,2025-12-31,2026-02-25,9207000000.0,AccountsReceivableNetCurrent,10-K,2025-12-31,2026-02-25,7591000000.0,InventoryNet,10-K,2025-12-31,2026-02-25,10139000000.0,AccountsPayableCurrent,10-K,2025-12-31,2026-02-25,8261000000.0,LongTermDebt,10-K,2025-12-31,2026-02-25,,,,,,True,241.05999755859375,0.00937940777857027,0.19704037994671775,0.4068866363152128,-0.05213907433055609
VLTO,Veralto,Industrials,Environmental & Facilities Services,S&P 500,NR (to derive from financials),NR,default - no public rating available; derive from leverage/margin post-SEC pull,0001967680,True,5503000000.0,RevenueFromContractWithCustomerExcludingAssessedTax,10-K,2025-12-31,2026-02-20,940000000.0,NetIncomeLoss,10-K,2025-12-31,2026-02-20,7693000000.0,Assets,10-K,2025-12-31,2026-02-20,,,,,,3105000000.0,StockholdersEquity,10-K,2025-12-31,2026-02-20,2031000000.0,CashAndCashEquivalentsAtCarryingValue,10-K,2025-12-31,2026-02-20,1077000000.0,NetCashProvidedByUsedInOperatingActivities,10-K,2025-12-31,2026-02-20,63000000.0,PaymentsToAcquirePropertyPlantAndEquipment,10-K,2025-12-31,2026-02-20,30000000.0,InterestExpense,10-K,2023-12-31,2024-02-28,2204000000.0,CostOfGoodsAndServicesSold,10-K,2025-12-31,2026-02-20,294000000.0,PropertyPlantAndEquipmentNet,10-K,2025-12-31,2026-02-20,78000000.0,DepreciationDepletionAndAmortization,10-K,2025-12-31,2026-02-20,1756000000.0,SellingGeneralAndAdministrativeExpense,10-K,2025-12-31,2026-02-20,3432000000.0,AssetsCurrent,10-K,2025-12-31,2026-02-20,2056000000.0,LiabilitiesCurrent,10-K,2025-12-31,2026-02-20,897000000.0,AccountsReceivableNetCurrent,10-K,2025-12-31,2026-02-20,307000000.0,InventoryNet,10-K,2025-12-31,2026-02-20,,,,,,2673000000.0,LongTermDebt,10-K,2025-12-31,2026-02-20,700000000.0,LongTermDebtCurrent,10-K,2025-12-31,2026-02-20,True,86.83999633789062,-0.029720711308484637,-0.0616954453003169,0.2354500867048523,-0.16233997144581325
VMC,Vulcan Materials Company,Materials,Construction Materials,S&P 500,NR (to derive from financials),NR,default - no public rating available; derive from leverage/margin post-SEC pull,0001396009,True,7941100000.0,RevenueFromContractWithCustomerExcludingAssessedTax,10-K,2025-12-31,2026-02-19,1076700000.0,NetIncomeLoss,10-K,2025-12-31,2026-02-19,16700400000.0,Assets,10-K,2025-12-31,2026-02-19,8151500000.0,Liabilities,10-K,2025-12-31,2026-02-19,8525100000.0,StockholdersEquity,10-K,2025-12-31,2026-02-19,183300000.0,CashAndCashEquivalentsAtCarryingValue,10-K,2025-12-31,2026-02-19,1813000000.0,NetCashProvidedByUsedInOperatingActivities,10-K,2025-12-31,2026-02-19,677700000.0,PaymentsToAcquirePropertyPlantAndEquipment,10-K,2025-12-31,2026-02-19,196100000.0,InterestExpense,10-K,2023-12-31,2024-02-22,5766500000.0,CostOfGoodsAndServicesSold,10-K,2025-12-31,2026-02-19,8148600000.0,PropertyPlantAndEquipmentAndFinanceLeaseRightOfUseAssetAfterAccumulatedDepreciationAndAmortization,10-K,2025-12-31,2026-02-19,748500000.0,DepreciationDepletionAndAmortization,10-K,2025-12-31,2026-02-19,564100000.0,SellingGeneralAndAdministrativeExpense,10-K,2025-12-31,2026-02-19,2567900000.0,AssetsCurrent,10-K,2025-12-31,2026-02-19,956100000.0,LiabilitiesCurrent,10-K,2025-12-31,2026-02-19,887700000.0,AccountsNotesAndLoansReceivableNetCurrent,10-K,2025-12-31,2026-02-19,680500000.0,InventoryNet,10-K,2025-12-31,2026-02-19,175729000.0,AccountsPayableAndAccruedLiabilitiesCurrent,10-K,2015-12-31,2016-02-25,4362100000.0,LongTermDebt,10-K,2025-12-31,2026-02-19,0.0,ShortTermBorrowings,10-K,2025-12-31,2026-02-19,True,283.7200012207031,-0.0397996796005573,-0.13156079115656294,0.32323608418802213,-0.1395782525888486
VRSK,Verisk Analytics,Industrials,,Nasdaq 100; S&P 500,NR (to derive from financials),NR,default - no public rating available; derive from leverage/margin post-SEC pull,0001442145,True,3072700000.0,RevenueFromContractWithCustomerExcludingAssessedTax,10-K,2025-12-31,2026-02-18,908300000.0,NetIncomeLoss,10-K,2025-12-31,2026-02-18,6195500000.0,Assets,10-K,2025-12-31,2026-02-18,5885700000.0,Liabilities,10-K,2025-12-31,2026-02-18,309000000.0,StockholdersEquity,10-K,2025-12-31,2026-02-18,2178200000.0,CashAndCashEquivalentsAtCarryingValue,10-K,2025-12-31,2026-02-18,1436000000.0,NetCashProvidedByUsedInOperatingActivities,10-K,2025-12-31,2026-02-18,244100000.0,PaymentsToAcquirePropertyPlantAndEquipment,10-K,2025-12-31,2026-02-18,115500000.0,InterestExpense,10-K,2023-12-31,2024-02-21,925500000.0,CostOfRevenue,10-K,2025-12-31,2026-02-18,582800000.0,PropertyPlantAndEquipmentAndFinanceLeaseRightOfUseAssetAfterAccumulatedDepreciationAndAmortization,10-K,2025-12-31,2026-02-18,259200000.0,DepreciationDepletionAndAmortization,10-K,2025-12-31,2026-02-18,458200000.0,SellingGeneralAndAdministrativeExpense,10-K,2025-12-31,2026-02-18,2765400000.0,AssetsCurrent,10-K,2025-12-31,2026-02-18,2300300000.0,LiabilitiesCurrent,10-K,2025-12-31,2026-02-18,422200000.0,AccountsReceivableNetCurrent,10-K,2025-12-31,2026-02-18,,,,,,319100000.0,AccountsPayableAndAccruedLiabilitiesCurrent,10-K,2025-12-31,2026-02-18,4773500000.0,LongTermDebt,10-K,2025-12-31,2026-02-18,499400000.0,LongTermDebtCurrent,10-K,2019-12-31,2020-02-18,True,171.8699951171875,0.04620158506384864,-0.03308069427239868,0.3893888843256614,-0.23375718960293057
VRSN,Verisign,Technology,Internet Services & Infrastructure,S&P 500,NR (to derive from financials),NR,default - no public rating available; derive from leverage/margin post-SEC pull,0001014473,True,1656600000.0,Revenues,10-K,2025-12-31,2026-02-05,825700000.0,ProfitLoss,10-K,2025-12-31,2026-02-05,1325900000.0,Assets,10-K,2025-12-31,2026-02-05,3480100000.0,Liabilities,10-K,2025-12-31,2026-02-05,-2154200000.0,StockholdersEquity,10-K,2025-12-31,2026-02-05,307900000.0,CashAndCashEquivalentsAtCarryingValue,10-K,2025-12-31,2026-02-05,1091100000.0,NetCashProvidedByUsedInOperatingActivities,10-K,2025-12-31,2026-02-05,22800000.0,PaymentsToAcquirePropertyPlantAndEquipment,10-K,2025-12-31,2026-02-05,77000000.0,InterestExpense,10-K,2025-12-31,2026-02-05,196300000.0,CostOfRevenue,10-K,2025-12-31,2026-02-05,213700000.0,PropertyPlantAndEquipmentNet,10-K,2025-12-31,2026-02-05,31200000.0,DepreciationAndAmortization,10-K,2025-12-31,2026-02-05,235700000.0,SellingGeneralAndAdministrativeExpense,10-K,2025-12-31,2026-02-05,652500000.0,AssetsCurrent,10-K,2025-12-31,2026-02-05,1333100000.0,LiabilitiesCurrent,10-K,2025-12-31,2026-02-05,7700000.0,AccountsReceivableNetCurrent,10-K,2025-12-31,2026-02-05,,,,,,298000000.0,AccountsPayableAndAccruedLiabilitiesCurrent,10-K,2025-12-31,2026-02-05,0.0,LongTermDebt,10-K,2013-12-31,2014-02-21,,,,,,True,288.2099914550781,0.10943872819067457,0.31569624287997855,0.2937454089958158,0.0
VRT,Vertiv,Industrials,Electrical Components & Equipment,S&P 500,NR (to derive from financials),NR,default - no public rating available; derive from leverage/margin post-SEC pull,0001674101,True,10229900000.0,RevenueFromContractWithCustomerExcludingAssessedTax,10-K,2025-12-31,2026-02-13,1332800000.0,NetIncomeLoss,10-K,2025-12-31,2026-02-13,12212400000.0,Assets,10-K,2025-12-31,2026-02-13,8271100000.0,Liabilities,10-K,2025-12-31,2026-02-13,3941300000.0,StockholdersEquity,10-K,2025-12-31,2026-02-13,1728400000.0,CashAndCashEquivalentsAtCarryingValue,10-K,2025-12-31,2026-02-13,2113800000.0,NetCashProvidedByUsedInOperatingActivities,10-K,2025-12-31,2026-02-13,220000000.0,PaymentsToAcquirePropertyPlantAndEquipment,10-K,2025-12-31,2026-02-13,86100000.0,InterestExpense,10-K,2025-12-31,2026-02-13,6514700000.0,CostOfGoodsAndServicesSold,10-K,2025-12-31,2026-02-13,921800000.0,PropertyPlantAndEquipmentNet,10-K,2025-12-31,2026-02-13,308600000.0,DepreciationDepletionAndAmortization,10-K,2025-12-31,2026-02-13,1617800000.0,SellingGeneralAndAdministrativeExpense,10-K,2025-12-31,2026-02-13,6819500000.0,AssetsCurrent,10-K,2025-12-31,2026-02-13,4407000000.0,LiabilitiesCurrent,10-K,2025-12-31,2026-02-13,3109000000.0,AccountsReceivableNetCurrent,10-K,2025-12-31,2026-02-13,1456500000.0,InventoryNet,10-K,2025-12-31,2026-02-13,1756400000.0,AccountsPayableCurrent,10-K,2025-12-31,2026-02-13,2913000000.0,LongTermDebt,10-K,2025-12-31,2026-02-13,20900000.0,LongTermDebtCurrent,10-K,2025-12-31,2026-02-13,True,339.9700012207031,0.1520111758187348,0.6834203719467036,0.7331971828595321,-0.05279731276630717
VRTX,Vertex Pharmaceuticals,Industrials,,Nasdaq 100; S&P 500,NR (to derive from financials),NR,default - no public rating available; derive from leverage/margin post-SEC pull,0000875320,True,12001300000.0,RevenueFromContractWithCustomerExcludingAssessedTax,10-K,2025-12-31,2026-02-13,3953200000.0,NetIncomeLoss,10-K,2025-12-31,2026-02-13,25643000000.0,Assets,10-K,2025-12-31,2026-02-13,6977200000.0,Liabilities,10-K,2025-12-31,2026-02-13,18665800000.0,StockholdersEquity,10-K,2025-12-31,2026-02-13,5084800000.0,CashAndCashEquivalentsAtCarryingValue,10-K,2025-12-31,2026-02-13,3631400000.0,NetCashProvidedByUsedInOperatingActivities,10-K,2025-12-31,2026-02-13,437600000.0,PaymentsToAcquirePropertyPlantAndEquipment,10-K,2025-12-31,2026-02-13,58151000.0,InterestExpense,10-K,2020-12-31,2021-02-11,1651300000.0,CostOfGoodsAndServicesSold,10-K,2025-12-31,2026-02-13,1520300000.0,PropertyPlantAndEquipmentAndFinanceLeaseRightOfUseAssetAfterAccumulatedDepreciationAndAmortization,10-K,2025-12-31,2026-02-13,209800000.0,DepreciationDepletionAndAmortization,10-K,2025-12-31,2026-02-13,1753100000.0,SellingGeneralAndAdministrativeExpense,10-K,2025-12-31,2026-02-13,11201000000.0,AssetsCurrent,10-K,2025-12-31,2026-02-13,3861200000.0,LiabilitiesCurrent,10-K,2025-12-31,2026-02-13,2052800000.0,AccountsReceivableNetCurrent,10-K,2025-12-31,2026-02-13,1686800000.0,InventoryNet,10-K,2025-12-31,2026-02-13,461700000.0,AccountsPayableCurrent,10-K,2025-12-31,2026-02-13,105000000.0,LongTermDebt,10-Q,2011-09-30,2011-11-03,,,,,,True,429.82000732421875,-0.014784380892289617,-0.08717902652249576,0.31946749561109117,-0.13893063332730726
VST,Vistra Corp.,Utilities,Electric Utilities,S&P 500,NR (to derive from financials),NR,default - no public rating available; derive from leverage/margin post-SEC pull,0001692819,True,17738000000.0,Revenues,10-K,2025-12-31,2026-02-27,944000000.0,NetIncomeLoss,10-K,2025-12-31,2026-02-27,41550000000.0,Assets,10-K,2025-12-31,2026-02-27,36440000000.0,Liabilities,10-K,2025-12-31,2026-02-27,5097000000.0,StockholdersEquity,10-K,2025-12-31,2026-02-27,785000000.0,CashAndCashEquivalentsAtCarryingValue,10-K,2025-12-31,2026-02-27,4070000000.0,NetCashProvidedByUsedInOperatingActivities,10-K,2025-12-31,2026-02-27,2752000000.0,PaymentsToAcquirePropertyPlantAndEquipment,10-K,2025-12-31,2026-02-27,740000000.0,InterestExpense,10-K,2023-12-31,2024-02-29,,,,,,19846000000.0,PropertyPlantAndEquipmentNet,10-K,2025-12-31,2026-02-27,1986000000.0,DepreciationDepletionAndAmortization,10-K,2025-12-31,2026-02-27,1714000000.0,SellingGeneralAndAdministrativeExpense,10-K,2025-12-31,2026-02-27,9179000000.0,AssetsCurrent,10-K,2025-12-31,2026-02-27,11814000000.0,LiabilitiesCurrent,10-K,2025-12-31,2026-02-27,2323000000.0,AccountsReceivableNetCurrent,10-K,2025-12-31,2026-02-27,970000000.0,InventoryNet,10-K,2024-12-31,2025-02-28,1644000000.0,AccountsPayableCurrent,10-K,2025-12-31,2026-02-27,17043000000.0,LongTermDebt,10-K,2025-12-31,2026-02-27,1800000000.0,ShortTermBorrowings,10-K,2025-12-31,2026-02-27,True,147.72000122070312,-0.04530469010791993,-0.033003125941115985,0.4729907949800748,-0.22446200283763762
VTR,Ventas,Real Estate,Health Care REITs,S&P 500,NR (to derive from financials),NR,default - no public rating available; derive from leverage/margin post-SEC pull,0000740260,True,5833980000.0,Revenues,10-K,2025-12-31,2026-02-06,261518000.0,ProfitLoss,10-K,2025-12-31,2026-02-06,27591945000.0,Assets,10-K,2025-12-31,2026-02-06,14630983000.0,Liabilities,10-K,2025-12-31,2026-02-06,12527253000.0,StockholdersEquity,10-K,2025-12-31,2026-02-06,741067000.0,CashAndCashEquivalentsAtCarryingValue,10-K,2025-12-31,2026-02-06,1646726000.0,NetCashProvidedByUsedInOperatingActivities,10-K,2025-12-31,2026-02-06,2928069000.0,PaymentsToAcquireProductiveAssets,10-K,2025-12-31,2026-02-06,612246000.0,InterestExpense,10-K,2025-12-31,2026-02-06,,,,,,,,,,,1379140000.0,DepreciationAndAmortization,10-K,2025-12-31,2026-02-06,177400000.0,GeneralAndAdministrativeExpense,10-K,2025-12-31,2026-02-06,,,,,,,,,,,99872000.0,ReceivablesNetCurrent,10-K,2025-12-31,2026-02-06,,,,,,,,,,,13011016000.0,LongTermDebt,10-K,2025-12-31,2026-02-06,,,,,,True,87.26000213623047,0.027071599300171778,0.06126282313054876,0.19589102966484576,-0.008634339193601903
VTRS,Viatris,Healthcare,Pharmaceuticals,S&P 500,NR (to derive from financials),NR,default - no public rating available; derive from leverage/margin post-SEC pull,0001792044,True,14299900000.0,Revenues,10-K,2025-12-31,2026-02-26,-3514900000.0,ProfitLoss,10-K,2025-12-31,2026-02-26,37193100000.0,Assets,10-K,2025-12-31,2026-02-26,22481800000.0,Liabilities,10-K,2025-12-31,2026-02-26,14711300000.0,StockholdersEquityIncludingPortionAttributableToNoncontrollingInterest,10-K,2025-12-31,2026-02-26,1322400000.0,CashAndCashEquivalentsAtCarryingValue,10-K,2025-12-31,2026-02-26,2315900000.0,NetCashProvidedByUsedInOperatingActivities,10-K,2025-12-31,2026-02-26,378800000.0,PaymentsToAcquirePropertyPlantAndEquipment,10-K,2025-12-31,2026-02-26,471300000.0,InterestExpense,10-K,2025-12-31,2026-02-26,9286400000.0,CostOfGoodsAndServicesSold,10-K,2025-12-31,2026-02-26,2614000000.0,PropertyPlantAndEquipmentNet,10-K,2025-12-31,2026-02-26,2798300000.0,DepreciationDepletionAndAmortization,10-K,2025-12-31,2026-02-26,3794100000.0,SellingGeneralAndAdministrativeExpense,10-K,2025-12-31,2026-02-26,9789200000.0,AssetsCurrent,10-K,2025-12-31,2026-02-26,7094300000.0,LiabilitiesCurrent,10-K,2025-12-31,2026-02-26,3031300000.0,AccountsReceivableNetCurrent,10-K,2025-12-31,2026-02-26,3999200000.0,InventoryNet,10-K,2025-12-31,2026-02-26,,,,,,12480600000.0,LongTermDebtNoncurrent,10-K,2025-12-31,2026-02-26,1933300000.0,LongTermDebtCurrent,10-K,2025-12-31,2026-02-26,True,17.170000076293945,0.2746844644332942,0.11290179311816417,0.38044397762314586,-0.012650909780103192
VZ,Verizon,Communication Services,,Dow; S&P 500,BBB+ / A- bucket,A-,demo_bucket_to_refresh,0000732712,True,138191000000.0,Revenues,10-K,2025-12-31,2026-02-17,17174000000.0,NetIncomeLoss,10-K,2025-12-31,2026-02-17,404258000000.0,Assets,10-K,2025-12-31,2026-02-17,,,,,,105741000000.0,StockholdersEquityIncludingPortionAttributableToNoncontrollingInterest,10-K,2025-12-31,2026-02-17,19048000000.0,CashAndCashEquivalentsAtCarryingValue,10-K,2025-12-31,2026-02-17,37137000000.0,NetCashProvidedByUsedInOperatingActivities,10-K,2025-12-31,2026-02-17,16658000000.0,PaymentsToAcquireProductiveAssets,10-K,2018-12-31,2019-02-15,5524000000.0,InterestExpense,10-K,2023-12-31,2024-02-09,22147000000.0,CostOfGoodsSold,10-K,2017-12-31,2018-02-23,109467000000.0,PropertyPlantAndEquipmentNet,10-K,2025-12-31,2026-02-17,18349000000.0,DepreciationAndAmortization,10-K,2025-12-31,2026-02-17,33818000000.0,SellingGeneralAndAdministrativeExpense,10-K,2025-12-31,2026-02-17,56922000000.0,AssetsCurrent,10-K,2025-12-31,2026-02-17,62370000000.0,LiabilitiesCurrent,10-K,2025-12-31,2026-02-17,27097000000.0,AccountsNotesAndLoansReceivableNetCurrent,10-K,2025-12-31,2026-02-17,2441000000.0,InventoryNet,10-K,2025-12-31,2026-02-17,12154000000.0,AccountsPayableCurrent,10-K,2025-12-31,2026-02-17,93144000000.0,LongTermDebt,10-K,2013-12-31,2014-02-27,441000000.0,ShortTermBorrowings,10-K,2025-12-31,2026-02-17,True,47.220001220703125,0.025629893173564566,0.01935830801429428,0.20662567873686036,-0.06714233833283956
WAB,Wabtec,Industrials,Construction Machinery & Heavy Transportation Equipment,S&P 500,NR (to derive from financials),NR,default - no public rating available; derive from leverage/margin post-SEC pull,0000943452,True,11167000000.0,RevenueFromContractWithCustomerExcludingAssessedTax,10-K,2025-12-31,2026-02-13,1170000000.0,NetIncomeLoss,10-K,2025-12-31,2026-02-13,22069000000.0,Assets,10-K,2025-12-31,2026-02-13,10879000000.0,Liabilities,10-K,2025-12-31,2026-02-13,11142000000.0,StockholdersEquity,10-K,2025-12-31,2026-02-13,789000000.0,CashCashEquivalentsRestrictedCashAndRestrictedCashEquivalents,10-K,2025-12-31,2026-02-13,1759000000.0,NetCashProvidedByUsedInOperatingActivities,10-K,2025-12-31,2026-02-13,260000000.0,PaymentsToAcquirePropertyPlantAndEquipment,10-K,2025-12-31,2026-02-13,14921000.0,InterestExpense,10-K,2012-12-31,2013-02-22,7361000000.0,CostOfGoodsAndServicesSold,10-K,2025-12-31,2026-02-13,1616000000.0,PropertyPlantAndEquipmentNet,10-K,2025-12-31,2026-02-13,501000000.0,DepreciationAndAmortization,10-K,2025-12-31,2026-02-13,1490000000.0,SellingGeneralAndAdministrativeExpense,10-K,2025-12-31,2026-02-13,5694000000.0,AssetsCurrent,10-K,2025-12-31,2026-02-13,5150000000.0,LiabilitiesCurrent,10-K,2025-12-31,2026-02-13,1410000000.0,AccountsReceivableNetCurrent,10-K,2025-12-31,2026-02-13,2745000000.0,InventoryNet,10-K,2025-12-31,2026-02-13,1402000000.0,AccountsPayableCurrent,10-K,2025-12-31,2026-02-13,5541000000.0,LongTermDebt,10-K,2025-12-31,2026-02-13,1250000000.0,LongTermDebtCurrent,10-K,2025-12-31,2026-02-13,True,265.7099914550781,-0.005874017253027497,0.08699868407114342,0.28819310139471843,-0.019303207127781663
WAT,Waters Corporation,Healthcare,Life Sciences Tools & Services,S&P 500,NR (to derive from financials),NR,default - no public rating available; derive from leverage/margin post-SEC pull,0001000697,True,3165286000.0,RevenueFromContractWithCustomerExcludingAssessedTax,10-K,2025-12-31,2026-02-23,642629000.0,NetIncomeLoss,10-K,2025-12-31,2026-02-23,5076550000.0,Assets,10-K,2025-12-31,2026-02-23,2515308000.0,Liabilities,10-K,2025-12-31,2026-02-23,2561242000.0,StockholdersEquity,10-K,2025-12-31,2026-02-23,587831000.0,CashAndCashEquivalentsAtCarryingValue,10-K,2025-12-31,2026-02-23,652555000.0,NetCashProvidedByUsedInOperatingActivities,10-K,2025-12-31,2026-02-23,112745000.0,PaymentsToAcquireProductiveAssets,10-K,2025-12-31,2026-02-23,69548000.0,InterestExpense,10-K,2025-12-31,2026-02-23,1288822000.0,CostOfGoodsAndServicesSold,10-K,2025-12-31,2026-02-23,642046000.0,PropertyPlantAndEquipmentNet,10-K,2025-12-31,2026-02-23,88144000.0,Depreciation,10-K,2025-12-31,2026-02-23,830374000.0,SellingGeneralAndAdministrativeExpense,10-K,2025-12-31,2026-02-23,2147645000.0,AssetsCurrent,10-K,2025-12-31,2026-02-23,1239499000.0,LiabilitiesCurrent,10-K,2025-12-31,2026-02-23,828844000.0,AccountsReceivableNetCurrent,10-K,2025-12-31,2026-02-23,572371000.0,InventoryNet,10-K,2025-12-31,2026-02-23,103778000.0,AccountsPayableCurrent,10-K,2025-12-31,2026-02-23,1410000000.0,LongTermDebt,10-K,2025-12-31,2026-02-23,,,,,,True,355.1300048828125,0.10978126525878906,0.08225144459535527,0.5167647482631944,-0.13916226904779816
WBD,Warner Bros. Discovery,Industrials,,Nasdaq 100; S&P 500,NR (to derive from financials),NR,default - no public rating available; derive from leverage/margin post-SEC pull,0001437107,True,37296000000.0,RevenueFromContractWithCustomerExcludingAssessedTax,10-K,2025-12-31,2026-02-27,727000000.0,NetIncomeLoss,10-K,2025-12-31,2026-02-27,100085000000.0,Assets,10-K,2025-12-31,2026-02-27,62919000000.0,Liabilities,10-K,2025-12-31,2026-02-27,35919000000.0,StockholdersEquity,10-K,2025-12-31,2026-02-27,4566000000.0,CashAndCashEquivalentsAtCarryingValue,10-K,2025-12-31,2026-02-27,4319000000.0,NetCashProvidedByUsedInOperatingActivities,10-K,2025-12-31,2026-02-27,1231000000.0,PaymentsToAcquirePropertyPlantAndEquipment,10-K,2025-12-31,2026-02-27,2221000000.0,InterestExpense,10-K,2023-12-31,2024-02-23,3935000000.0,CostOfRevenue,10-K,2018-12-31,2019-03-01,6685000000.0,PropertyPlantAndEquipmentNet,10-K,2025-12-31,2026-02-27,5684000000.0,DepreciationDepletionAndAmortization,10-K,2025-12-31,2026-02-27,9418000000.0,SellingGeneralAndAdministrativeExpense,10-K,2025-12-31,2026-02-27,13206000000.0,AssetsCurrent,10-K,2025-12-31,2026-02-27,12500000000.0,LiabilitiesCurrent,10-K,2025-12-31,2026-02-27,5294000000.0,ReceivablesNetCurrent,10-K,2025-12-31,2026-02-27,149000000.0,InventoryNet,10-Q,2022-09-30,2022-11-04,1093000000.0,AccountsPayableCurrent,10-K,2025-12-31,2026-02-27,32567000000.0,LongTermDebt,10-K,2025-12-31,2026-02-27,139000000.0,LongTermDebtCurrent,10-K,2025-12-31,2026-02-27,True,27.110000610351562,-0.012026236052600336,-0.003675063487163399,0.1319250466844403,-0.0957304528254399
WDAY,"Workday, Inc.",Industrials,,Nasdaq 100; S&P 500,NR (to derive from financials),NR,default - no public rating available; derive from leverage/margin post-SEC pull,0001327811,True,9552000000.0,RevenueFromContractWithCustomerExcludingAssessedTax,10-K,2026-01-31,2026-03-06,693000000.0,NetIncomeLoss,10-K,2026-01-31,2026-03-06,18074000000.0,Assets,10-K,2026-01-31,2026-03-06,10269000000.0,Liabilities,10-K,2026-01-31,2026-03-06,7805000000.0,StockholdersEquity,10-K,2026-01-31,2026-03-06,1501000000.0,CashAndCashEquivalentsAtCarryingValue,10-K,2026-01-31,2026-03-06,2939000000.0,NetCashProvidedByUsedInOperatingActivities,10-K,2026-01-31,2026-03-06,162000000.0,PaymentsToAcquirePropertyPlantAndEquipment,10-K,2026-01-31,2026-03-06,114000000.0,InterestExpense,10-K,2024-01-31,2024-03-08,116535000.0,CostOfRevenue,10-K,2013-01-31,2013-03-22,1093000000.0,PropertyPlantAndEquipmentNet,10-K,2026-01-31,2026-03-06,237000000.0,Depreciation,10-K,2026-01-31,2026-03-06,912000000.0,GeneralAndAdministrativeExpense,10-K,2026-01-31,2026-03-06,8429000000.0,AssetsCurrent,10-K,2026-01-31,2026-03-06,6378000000.0,LiabilitiesCurrent,10-K,2026-01-31,2026-03-06,2332000000.0,AccountsReceivableNetCurrent,10-K,2026-01-31,2026-03-06,,,,,,142000000.0,AccountsPayableCurrent,10-K,2026-01-31,2026-03-06,2987000000.0,LongTermDebtNoncurrent,10-K,2026-01-31,2026-03-06,0.0,LongTermDebtCurrent,10-K,2023-01-31,2023-02-27,True,127.83000183105469,0.13626668294270838,-0.17294252167289093,0.531765161031031,-0.45299327957726454
WDC,Western Digital,Industrials,,Nasdaq 100; S&P 500,NR (to derive from financials),NR,default - no public rating available; derive from leverage/margin post-SEC pull,0000106040,True,9520000000.0,RevenueFromContractWithCustomerExcludingAssessedTax,10-K,2025-06-27,2025-08-14,1889000000.0,NetIncomeLoss,10-K,2025-06-27,2025-08-14,14002000000.0,Assets,10-K,2025-06-27,2025-08-14,8462000000.0,Liabilities,10-K,2025-06-27,2025-08-14,5311000000.0,StockholdersEquity,10-K,2025-06-27,2025-08-14,2114000000.0,CashAndCashEquivalentsAtCarryingValue,10-K,2025-06-27,2025-08-14,1691000000.0,NetCashProvidedByUsedInOperatingActivities,10-K,2025-06-27,2025-08-14,412000000.0,PaymentsToAcquirePropertyPlantAndEquipment,10-K,2025-06-27,2025-08-14,312000000.0,InterestExpense,10-K,2023-06-30,2024-08-20,5828000000.0,CostOfGoodsAndServicesSold,10-K,2025-06-27,2025-08-14,2343000000.0,PropertyPlantAndEquipmentNet,10-K,2025-06-27,2025-08-14,451000000.0,DepreciationAndAmortization,10-K,2025-06-27,2025-08-14,568000000.0,SellingGeneralAndAdministrativeExpense,10-K,2025-06-27,2025-08-14,5856000000.0,AssetsCurrent,10-K,2025-06-27,2025-08-14,5418000000.0,LiabilitiesCurrent,10-K,2025-06-27,2025-08-14,1486000000.0,AccountsReceivableNetCurrent,10-K,2025-06-27,2025-08-14,1291000000.0,InventoryNet,10-K,2025-06-27,2025-08-14,1266000000.0,AccountsPayableCurrent,10-K,2025-06-27,2025-08-14,4711000000.0,LongTermDebt,10-K,2025-06-27,2025-08-14,2226000000.0,LongTermDebtCurrent,10-K,2025-06-27,2025-08-14,True,480.0,0.3976647649791878,0.6791836988302455,0.6813691210941154,-0.006519701824024615
WEC,WEC Energy Group,Utilities,Electric Utilities,S&P 500,NR (to derive from financials),NR,default - no public rating available; derive from leverage/margin post-SEC pull,0000783325,True,9800100000.0,Revenues,10-K,2025-12-31,2026-02-20,1555500000.0,ProfitLoss,10-K,2025-12-31,2026-02-20,51518300000.0,Assets,10-K,2025-12-31,2026-02-20,,,,,,14052800000.0,StockholdersEquityIncludingPortionAttributableToNoncontrollingInterest,10-K,2025-12-31,2026-02-20,27600000.0,CashAndCashEquivalentsAtCarryingValue,10-K,2025-12-31,2026-02-20,3379400000.0,NetCashProvidedByUsedInOperatingActivities,10-K,2025-12-31,2026-02-20,2696900000.0,PaymentsToAcquirePropertyPlantAndEquipment,10-K,2022-12-31,2023-02-23,726900000.0,InterestExpense,10-K,2023-12-31,2024-02-22,3265800000.0,CostOfGoodsAndServicesSold,10-K,2025-12-31,2026-02-20,38278100000.0,PropertyPlantAndEquipmentNet,10-K,2025-12-31,2026-02-20,1478500000.0,DepreciationDepletionAndAmortization,10-K,2025-12-31,2026-02-20,,,,,,3284700000.0,AssetsCurrent,10-K,2025-12-31,2026-02-20,5593400000.0,LiabilitiesCurrent,10-K,2025-12-31,2026-02-20,2062700000.0,AccountsReceivableNetCurrent,10-K,2025-12-31,2026-02-20,,,,,,1140100000.0,AccountsPayableCurrent,10-K,2025-12-31,2026-02-20,20017500000.0,LongTermDebt,10-K,2025-12-31,2026-02-20,1924700000.0,ShortTermBorrowings,10-K,2025-12-31,2026-02-20,True,111.66000366210938,-0.05002549946927226,0.011507919832977942,0.17205001863987898,-0.059942710812929456
WELL,Welltower,Real Estate,Health Care REITs,S&P 500,BBB+ shown,BBB+,screenshot,0000766704,True,10838034000.0,Revenues,10-K,2025-12-31,2026-02-12,961837000.0,ProfitLoss,10-K,2025-12-31,2026-02-12,67303047000.0,Assets,10-K,2025-12-31,2026-02-12,24100108000.0,Liabilities,10-K,2025-12-31,2026-02-12,42129498000.0,StockholdersEquity,10-K,2025-12-31,2026-02-12,5033678000.0,CashAndCashEquivalentsAtCarryingValue,10-K,2025-12-31,2026-02-12,2881677000.0,NetCashProvidedByUsedInOperatingActivities,10-K,2025-12-31,2026-02-12,,,,,,,,,,,6488081000.0,CostOfGoodsAndServicesSold,10-K,2025-12-31,2026-02-12,,,,,,2084868000.0,DepreciationAndAmortization,10-K,2025-12-31,2026-02-12,1748435000.0,SellingGeneralAndAdministrativeExpense,10-K,2025-12-31,2026-02-12,,,,,,,,,,,,,,,,,,,,,,,,,,19197302000.0,LongTermDebt,10-K,2025-12-31,2026-02-12,,,,,,True,214.6300048828125,0.03391304335042711,0.09197228348256292,0.241483148103034,-0.012468903564648026
WFC,Wells Fargo,Financials,Diversified Banks,S&P 500,NR (to derive from financials),NR,default - no public rating available; derive from leverage/margin post-SEC pull,0000072971,True,87314000000.0,InterestAndDividendIncomeOperating,10-K,2025-12-31,2026-02-24,21338000000.0,NetIncomeLoss,10-K,2025-12-31,2026-02-24,2148631000000.0,Assets,10-K,2025-12-31,2026-02-24,1965593000000.0,Liabilities,10-K,2025-12-31,2026-02-24,181117000000.0,StockholdersEquity,10-K,2025-12-31,2026-02-24,172593000000.0,CashCashEquivalentsRestrictedCashAndRestrictedCashEquivalents,10-K,2025-12-31,2026-02-24,-19001000000.0,NetCashProvidedByUsedInOperatingActivities,10-K,2025-12-31,2026-02-24,,,,,,32743000000.0,InterestExpense,10-K,2023-12-31,2024-02-20,,,,,,11395000000.0,PropertyPlantAndEquipmentAndFinanceLeaseRightOfUseAssetAfterAccumulatedDepreciationAndAmortization,10-K,2025-12-31,2026-02-24,1700000000.0,DepreciationAndAmortization,10-K,2025-12-31,2026-02-24,,,,,,,,,,,,,,,,,,,,,,,,,,,,,,,174712000000.0,LongTermDebt,10-K,2025-12-31,2026-02-24,18323000000.0,ShortTermBorrowings,10-K,2025-12-31,2026-02-24,True,75.63999938964844,-0.10922192860917113,-0.19593652282828833,0.310361998768807,-0.20690603803557395
WM,Waste Management,Industrials,Environmental & Facilities Services,S&P 500,NR (to derive from financials),NR,default - no public rating available; derive from leverage/margin post-SEC pull,0000823768,True,25204000000.0,RevenueFromContractWithCustomerExcludingAssessedTax,10-K,2025-12-31,2026-02-09,2708000000.0,NetIncomeLoss,10-K,2025-12-31,2026-02-09,45835000000.0,Assets,10-K,2025-12-31,2026-02-09,35844000000.0,Liabilities,10-K,2025-12-31,2026-02-09,9990000000.0,StockholdersEquity,10-K,2025-12-31,2026-02-09,201000000.0,CashAndCashEquivalentsAtCarryingValue,10-K,2025-12-31,2026-02-09,6043000000.0,NetCashProvidedByUsedInOperatingActivities,10-K,2025-12-31,2026-02-09,3227000000.0,PaymentsToAcquireProductiveAssets,10-K,2025-12-31,2026-02-09,500000000.0,InterestExpense,10-K,2013-12-31,2014-02-18,15012000000.0,CostOfGoodsAndServicesSold,10-K,2025-12-31,2026-02-09,20378000000.0,PropertyPlantAndEquipmentAndFinanceLeaseRightOfUseAssetAfterAccumulatedDepreciationAndAmortization,10-K,2025-12-31,2026-02-09,2863000000.0,DepreciationDepletionAndAmortization,10-K,2025-12-31,2026-02-09,2722000000.0,SellingGeneralAndAdministrativeExpense,10-K,2025-12-31,2026-02-09,4910000000.0,AssetsCurrent,10-K,2025-12-31,2026-02-09,5524000000.0,LiabilitiesCurrent,10-K,2025-12-31,2026-02-09,3435000000.0,AccountsReceivableNetCurrent,10-K,2025-12-31,2026-02-09,,,,,,1867000000.0,AccountsPayableCurrent,10-K,2025-12-31,2026-02-09,,,,,,743000000.0,ShortTermBorrowings,10-K,2012-12-31,2013-02-14,True,215.3699951171875,-0.061364140415442026,-0.06192478085196407,0.21441843416784168,-0.12284957514611783
WMB,Williams Companies,Energy,Oil & Gas Storage & Transportation,S&P 500,NR (to derive from financials),NR,default - no public rating available; derive from leverage/margin post-SEC pull,0000107263,True,11950000000.0,Revenues,10-K,2025-12-31,2026-02-24,2618000000.0,NetIncomeLoss,10-K,2025-12-31,2026-02-24,58573000000.0,Assets,10-K,2025-12-31,2026-02-24,,,,,,12807000000.0,StockholdersEquity,10-K,2025-12-31,2026-02-24,63000000.0,CashCashEquivalentsRestrictedCashAndRestrictedCashEquivalents,10-K,2025-12-31,2026-02-24,5898000000.0,NetCashProvidedByUsedInOperatingActivities,10-K,2025-12-31,2026-02-24,4893000000.0,PaymentsToAcquirePropertyPlantAndEquipment,10-K,2025-12-31,2026-02-24,1236000000.0,InterestExpense,10-K,2023-12-31,2024-02-21,3496000000.0,CostOfGoodsSold,10-K,2012-12-31,2013-02-27,41996000000.0,PropertyPlantAndEquipmentNet,10-K,2025-12-31,2026-02-24,2347000000.0,DepreciationDepletionAndAmortization,10-K,2025-12-31,2026-02-24,721000000.0,GeneralAndAdministrativeExpense,10-K,2025-12-31,2026-02-24,3244000000.0,AssetsCurrent,10-K,2025-12-31,2026-02-24,6106000000.0,LiabilitiesCurrent,10-K,2025-12-31,2026-02-24,2084000000.0,ReceivablesNetCurrent,10-K,2025-12-31,2026-02-24,314000000.0,InventoryNet,10-K,2025-12-31,2026-02-24,2224000000.0,AccountsPayableCurrent,10-K,2025-12-31,2026-02-24,,,,,,,,,,,True,71.95999908447266,-0.010723106986580966,0.06820277270117803,0.20228526244737327,-0.0570043062939557
WMT,Walmart,Consumer Staples,,Dow; Nasdaq 100; S&P 500,AA / A bucket,AA,demo_bucket_to_refresh,0000104169,True,713163000000.0,Revenues,10-K,2026-01-31,2026-03-13,21893000000.0,NetIncomeLoss,10-K,2026-01-31,2026-03-13,284668000000.0,Assets,10-K,2026-01-31,2026-03-13,,,,,,99617000000.0,StockholdersEquity,10-K,2026-01-31,2026-03-13,10727000000.0,CashAndCashEquivalentsAtCarryingValue,10-K,2026-01-31,2026-03-13,41565000000.0,NetCashProvidedByUsedInOperatingActivities,10-K,2026-01-31,2026-03-13,26642000000.0,PaymentsToAcquirePropertyPlantAndEquipment,10-K,2026-01-31,2026-03-13,,,,,,535395000000.0,CostOfRevenue,10-K,2026-01-31,2026-03-13,136083000000.0,PropertyPlantAndEquipmentNet,10-K,2026-01-31,2026-03-13,10678000000.0,DepreciationDepletionAndAmortization,10-K,2019-01-31,2019-03-28,147943000000.0,SellingGeneralAndAdministrativeExpense,10-K,2026-01-31,2026-03-13,84874000000.0,AssetsCurrent,10-K,2026-01-31,2026-03-13,107469000000.0,LiabilitiesCurrent,10-K,2026-01-31,2026-03-13,11172000000.0,ReceivablesNetCurrent,10-K,2026-01-31,2026-03-13,58851000000.0,InventoryNet,10-K,2026-01-31,2026-03-13,63061000000.0,AccountsPayableCurrent,10-K,2026-01-31,2026-03-13,38166000000.0,LongTermDebt,10-K,2026-01-31,2026-03-13,6596000000.0,ShortTermBorrowings,10-K,2026-01-31,2026-03-13,True,130.42999267578125,0.0308346780250075,0.014936360619396849,0.25218756230791534,-0.02197995323550528
WRB,W. R. Berkley Corporation,Financials,Property & Casualty Insurance,S&P 500,NR (to derive from financials),NR,default - no public rating available; derive from leverage/margin post-SEC pull,0000011544,True,14707856000.0,Revenues,10-K,2025-12-31,2026-02-27,1779403000.0,NetIncomeLoss,10-K,2025-12-31,2026-02-27,44071071000.0,Assets,10-K,2025-12-31,2026-02-27,34359177000.0,Liabilities,10-K,2025-12-31,2026-02-27,9700818000.0,StockholdersEquity,10-K,2025-12-31,2026-02-27,2539938000.0,CashAndCashEquivalentsAtCarryingValue,10-K,2025-12-31,2026-02-27,3582616000.0,NetCashProvidedByUsedInOperatingActivities,10-K,2025-12-31,2026-02-27,60457000.0,PaymentsToAcquirePropertyPlantAndEquipment,10-K,2019-12-31,2020-02-20,126892000.0,InterestExpense,10-K,2025-12-31,2026-02-27,,,,,,596235000.0,PropertyPlantAndEquipmentNet,10-K,2025-12-31,2026-02-27,54000000.0,Depreciation,10-K,2025-12-31,2026-02-27,,,,,,,,,,,,,,,,,,,,,,,,,,,,,,,,,,,,,,,,,True,65.68000030517578,-0.0003043629223020705,-0.050349891337717056,0.20917143337882205,-0.14451073554033067
WSM,"Williams-Sonoma, Inc.",Consumer Discretionary,Homefurnishing Retail,S&P 500,NR (to derive from financials),NR,default - no public rating available; derive from leverage/margin post-SEC pull,0000719955,True,7806816000.0,RevenueFromContractWithCustomerExcludingAssessedTax,10-K,2026-02-01,2026-03-26,1088437000.0,NetIncomeLoss,10-K,2026-02-01,2026-03-26,5411912000.0,Assets,10-K,2026-02-01,2026-03-26,3329353000.0,Liabilities,10-K,2026-02-01,2026-03-26,2082559000.0,StockholdersEquity,10-K,2026-02-01,2026-03-26,1019801000.0,CashAndCashEquivalentsAtCarryingValue,10-K,2026-02-01,2026-03-26,1314889000.0,NetCashProvidedByUsedInOperatingActivities,10-K,2026-02-01,2026-03-26,259438000.0,PaymentsToAcquirePropertyPlantAndEquipment,10-K,2026-02-01,2026-03-26,,,,,,4203765000.0,CostOfRevenue,10-K,2026-02-01,2026-03-26,1095158000.0,PropertyPlantAndEquipmentNet,10-K,2026-02-01,2026-03-26,231449000.0,DepreciationDepletionAndAmortization,10-K,2026-02-01,2026-03-26,2187329000.0,SellingGeneralAndAdministrativeExpense,10-K,2026-02-01,2026-03-26,2713187000.0,AssetsCurrent,10-K,2026-02-01,2026-03-26,1954130000.0,LiabilitiesCurrent,10-K,2026-02-01,2026-03-26,126821000.0,ReceivablesNetCurrent,10-K,2026-02-01,2026-03-26,1462849000.0,InventoryNet,10-K,2026-02-01,2026-03-26,637985000.0,AccountsPayableCurrent,10-K,2026-02-01,2026-03-26,299620000.0,LongTermDebtNoncurrent,10-K,2019-02-03,2020-03-27,0.0,LongTermDebtCurrent,10-K,2022-01-30,2022-03-28,True,182.10000610351562,-0.033333811235114474,-0.15969308720976083,0.3372810336415627,-0.1714978060576482
WST,West Pharmaceutical Services,Healthcare,Health Care Supplies,S&P 500,NR (to derive from financials),NR,default - no public rating available; derive from leverage/margin post-SEC pull,0000105770,True,3074100000.0,RevenueFromContractWithCustomerExcludingAssessedTax,10-K,2025-12-31,2026-02-17,493700000.0,NetIncomeLoss,10-K,2025-12-31,2026-02-17,4270000000.0,Assets,10-K,2025-12-31,2026-02-17,1094000000.0,Liabilities,10-K,2025-12-31,2026-02-17,3176000000.0,StockholdersEquity,10-K,2025-12-31,2026-02-17,791300000.0,CashAndCashEquivalentsAtCarryingValue,10-K,2025-12-31,2026-02-17,754800000.0,NetCashProvidedByUsedInOperatingActivities,10-K,2025-12-31,2026-02-17,285900000.0,PaymentsToAcquirePropertyPlantAndEquipment,10-K,2025-12-31,2026-02-17,9000000.0,InterestExpense,10-K,2023-12-31,2024-02-20,1970100000.0,CostOfGoodsAndServicesSold,10-K,2025-12-31,2026-02-17,1726400000.0,PropertyPlantAndEquipmentNet,10-K,2025-12-31,2026-02-17,171400000.0,DepreciationDepletionAndAmortization,10-K,2025-12-31,2026-02-17,393600000.0,SellingGeneralAndAdministrativeExpense,10-K,2025-12-31,2026-02-17,1978200000.0,AssetsCurrent,10-K,2025-12-31,2026-02-17,654900000.0,LiabilitiesCurrent,10-K,2025-12-31,2026-02-17,574400000.0,AccountsReceivableNetCurrent,10-K,2025-12-31,2026-02-17,443900000.0,InventoryNet,10-K,2025-12-31,2026-02-17,253700000.0,AccountsPayableCurrent,10-K,2025-12-31,2026-02-17,202800000.0,LongTermDebt,10-K,2025-12-31,2026-02-17,0.0,LongTermDebtCurrent,10-K,2025-12-31,2026-02-17,True,325.9200134277344,0.2713531982611572,0.31027059323661077,0.37523396287408345,0.0
WTW,Willis Towers Watson,Financials,Insurance Brokers,S&P 500,NR (to derive from financials),NR,default - no public rating available; derive from leverage/margin post-SEC pull,0001140536,True,9708000000.0,Revenues,10-K,2025-12-31,2026-02-25,1605000000.0,NetIncomeLoss,10-K,2025-12-31,2026-02-25,29530000000.0,Assets,10-K,2025-12-31,2026-02-25,21478000000.0,Liabilities,10-K,2025-12-31,2026-02-25,7976000000.0,StockholdersEquity,10-K,2025-12-31,2026-02-25,3132000000.0,CashAndCashEquivalentsAtCarryingValue,10-K,2025-12-31,2026-02-25,1775000000.0,NetCashProvidedByUsedInOperatingActivities,10-K,2025-12-31,2026-02-25,229000000.0,PaymentsToAcquireProductiveAssets,10-K,2025-12-31,2026-02-25,260000000.0,InterestExpense,10-K,2025-12-31,2026-02-25,,,,,,695000000.0,PropertyPlantAndEquipmentNet,10-K,2025-12-31,2026-02-25,226000000.0,Depreciation,10-K,2025-12-31,2026-02-25,,,,,,16874000000.0,AssetsCurrent,10-K,2025-12-31,2026-02-25,14004000000.0,LiabilitiesCurrent,10-K,2025-12-31,2026-02-25,2702000000.0,AccountsReceivableNetCurrent,10-K,2025-12-31,2026-02-25,,,,,,163000000.0,AccountsPayableCurrent,10-K,2018-12-31,2019-02-27,9685000000.0,LongTermDebt,10-K,2025-12-31,2026-02-25,550000000.0,LongTermDebtCurrent,10-K,2025-12-31,2026-02-25,True,256.3599853515625,-0.08488622850512029,-0.11333634221544642,0.4119000833986528,-0.2429143798973874
WY,Weyerhaeuser,Real Estate,Timber REITs,S&P 500,NR (to derive from financials),NR,default - no public rating available; derive from leverage/margin post-SEC pull,0000106535,True,6905000000.0,Revenues,10-K,2025-12-31,2026-02-13,324000000.0,NetIncomeLoss,10-K,2025-12-31,2026-02-13,16613000000.0,Assets,10-K,2025-12-31,2026-02-13,7187000000.0,Liabilities,10-K,2025-12-31,2026-02-13,9426000000.0,StockholdersEquity,10-K,2025-12-31,2026-02-13,464000000.0,CashAndCashEquivalentsAtCarryingValue,10-K,2025-12-31,2026-02-13,562000000.0,NetCashProvidedByUsedInOperatingActivities,10-K,2025-12-31,2026-02-13,368000000.0,PaymentsToAcquirePropertyPlantAndEquipment,10-K,2018-12-31,2019-02-15,273000000.0,InterestExpense,10-K,2025-12-31,2026-02-13,5880000000.0,CostOfGoodsAndServicesSold,10-K,2025-12-31,2026-02-13,2420000000.0,PropertyPlantAndEquipmentNet,10-K,2025-12-31,2026-02-13,509000000.0,DepreciationDepletionAndAmortization,10-K,2025-12-31,2026-02-13,453000000.0,GeneralAndAdministrativeExpense,10-K,2025-12-31,2026-02-13,1652000000.0,AssetsCurrent,10-K,2025-12-31,2026-02-13,1278000000.0,LiabilitiesCurrent,10-K,2025-12-31,2026-02-13,303000000.0,AccountsReceivableNetCurrent,10-K,2025-12-31,2026-02-13,593000000.0,InventoryNet,10-K,2025-12-31,2026-02-13,278000000.0,AccountsPayableCurrent,10-K,2025-12-31,2026-02-13,5572000000.0,LongTermDebt,10-K,2025-12-31,2026-02-13,522000000.0,LongTermDebtCurrent,10-K,2025-12-31,2026-02-13,True,23.530000686645508,-0.045048649776722516,-0.109758089971139,0.2394908331171131,-0.12421217944890772
WYNN,Wynn Resorts,Consumer Discretionary,Casinos & Gaming,S&P 500,NR (to derive from financials),NR,default - no public rating available; derive from leverage/margin post-SEC pull,0001174922,True,6717660000.0,Revenues,10-K,2018-12-31,2019-02-28,327334000.0,NetIncomeLoss,10-K,2025-12-31,2026-03-02,13108117000.0,Assets,10-K,2025-12-31,2026-03-02,14139396000.0,Liabilities,10-K,2025-12-31,2026-03-02,-275492000.0,StockholdersEquity,10-K,2025-12-31,2026-03-02,1463442000.0,CashAndCashEquivalentsAtCarryingValue,10-K,2025-12-31,2026-03-02,1352653000.0,NetCashProvidedByUsedInOperatingActivities,10-K,2025-12-31,2026-03-02,660433000.0,PaymentsToAcquirePropertyPlantAndEquipment,10-K,2025-12-31,2026-03-02,751509000.0,InterestExpense,10-K,2023-12-31,2024-02-23,,,,,,6625922000.0,PropertyPlantAndEquipmentNet,10-K,2025-12-31,2026-03-02,620633000.0,DepreciationAndAmortization,10-K,2025-12-31,2026-03-02,1116952000.0,SellingGeneralAndAdministrativeExpense,10-K,2025-12-31,2026-03-02,2683521000.0,AssetsCurrent,10-K,2025-12-31,2026-03-02,1643178000.0,LiabilitiesCurrent,10-K,2025-12-31,2026-03-02,402641000.0,ReceivablesNetCurrent,10-K,2025-12-31,2026-03-02,88478000.0,InventoryNet,10-K,2025-12-31,2026-03-02,255307000.0,AccountsPayableCurrent,10-K,2025-12-31,2026-03-02,10546812000.0,LongTermDebt,10-K,2025-12-31,2026-03-02,9410000.0,LongTermDebtCurrent,10-K,2025-12-31,2026-03-02,True,102.41999816894531,-0.015192325298602816,-0.12225600263420089,0.37154818123336847,-0.22876712989836845
XEL,Xcel Energy,Industrials,,Nasdaq 100; S&P 500,NR (to derive from financials),NR,default - no public rating available; derive from leverage/margin post-SEC pull,0000072903,True,11537000000.0,Revenues,10-K,2018-12-31,2019-02-22,2018000000.0,NetIncomeLoss,10-K,2025-12-31,2026-02-25,81371000000.0,Assets,10-K,2025-12-31,2026-02-25,,,,,,23609000000.0,StockholdersEquity,10-K,2025-12-31,2026-02-25,274000000.0,CashCashEquivalentsRestrictedCashAndRestrictedCashEquivalents,10-K,2025-12-31,2026-02-25,4083000000.0,NetCashProvidedByUsedInOperatingActivities,10-K,2025-12-31,2026-02-25,10908000000.0,PaymentsToAcquireProductiveAssets,10-K,2025-12-31,2026-02-25,1468000000.0,InterestExpense,10-K,2025-12-31,2026-02-25,3854000000.0,CostOfGoodsAndServicesSold,10-K,2018-12-31,2019-02-22,65639000000.0,PropertyPlantAndEquipmentNet,10-K,2025-12-31,2026-02-25,411063000.0,DepreciationAndAmortization,10-Q,2009-06-30,2009-07-31,,,,,,5014000000.0,AssetsCurrent,10-K,2025-12-31,2026-02-25,7089000000.0,LiabilitiesCurrent,10-K,2025-12-31,2026-02-25,1330000000.0,AccountsReceivableNetCurrent,10-K,2025-12-31,2026-02-25,610000000.0,InventoryNet,10-K,2017-12-31,2018-02-23,2307000000.0,AccountsPayableCurrent,10-K,2025-12-31,2026-02-25,31832000000.0,LongTermDebt,10-K,2025-12-31,2026-02-25,1550000000.0,ShortTermBorrowings,10-K,2025-12-31,2026-02-25,True,79.38999938964844,-0.03629519256442404,0.04640604710483731,0.22024791864394924,-0.04687395666886951
XOM,ExxonMobil,Energy,Integrated Oil & Gas,S&P 500,AA bucket,AA,demo_bucket_to_refresh,0000034088,True,332238000000.0,Revenues,10-K,2025-12-31,2026-02-18,28844000000.0,NetIncomeLoss,10-K,2025-12-31,2026-02-18,448980000000.0,Assets,10-K,2025-12-31,2026-02-18,182354000000.0,Liabilities,10-K,2025-12-31,2026-02-18,259386000000.0,StockholdersEquity,10-K,2025-12-31,2026-02-18,10681000000.0,CashAndCashEquivalentsAtCarryingValue,10-K,2025-12-31,2026-02-18,51970000000.0,NetCashProvidedByUsedInOperatingActivities,10-K,2025-12-31,2026-02-18,28358000000.0,PaymentsToAcquirePropertyPlantAndEquipment,10-K,2025-12-31,2026-02-18,603000000.0,InterestExpense,10-K,2025-12-31,2026-02-18,,,,,,299373000000.0,PropertyPlantAndEquipmentNet,10-K,2025-12-31,2026-02-18,25993000000.0,DepreciationDepletionAndAmortization,10-K,2025-12-31,2026-02-18,11128000000.0,SellingGeneralAndAdministrativeExpense,10-K,2025-12-31,2026-02-18,83382000000.0,AssetsCurrent,10-K,2025-12-31,2026-02-18,72330000000.0,LiabilitiesCurrent,10-K,2025-12-31,2026-02-18,35744000000.0,AccountsReceivableNetCurrent,10-K,2025-12-31,2026-02-18,15024000000.0,InventoryNet,10-K,2011-12-31,2012-02-24,60911000000.0,AccountsPayableAndAccruedLiabilitiesCurrent,10-K,2025-12-31,2026-02-18,23100000000.0,LongTermDebtNoncurrent,10-K,2017-12-31,2019-02-27,6200000000.0,LongTermDebtCurrent,10-K,2025-12-31,2026-02-18,True,144.57000732421875,-0.05206207769066107,-0.03753970404966067,0.2913377905619438,-0.15687871758897787
XYL,Xylem Inc.,Industrials,Industrial Machinery & Supplies & Components,S&P 500,NR (to derive from financials),NR,default - no public rating available; derive from leverage/margin post-SEC pull,0001524472,True,9035000000.0,Revenues,10-K,2025-12-31,2026-02-25,957000000.0,NetIncomeLoss,10-K,2025-12-31,2026-02-25,17634000000.0,Assets,10-K,2025-12-31,2026-02-25,5885000000.0,Liabilities,10-K,2025-12-31,2026-02-25,11480000000.0,StockholdersEquity,10-K,2025-12-31,2026-02-25,1479000000.0,CashAndCashEquivalentsAtCarryingValue,10-K,2025-12-31,2026-02-25,1241000000.0,NetCashProvidedByUsedInOperatingActivities,10-K,2025-12-31,2026-02-25,331000000.0,PaymentsToAcquireProductiveAssets,10-K,2025-12-31,2026-02-25,49000000.0,InterestExpense,10-K,2023-12-31,2024-02-28,5560000000.0,CostOfRevenue,10-K,2025-12-31,2026-02-25,1159000000.0,PropertyPlantAndEquipmentNet,10-K,2025-12-31,2026-02-25,575000000.0,DepreciationDepletionAndAmortization,10-K,2025-12-31,2026-02-25,1923000000.0,SellingGeneralAndAdministrativeExpense,10-K,2025-12-31,2026-02-25,4641000000.0,AssetsCurrent,10-K,2025-12-31,2026-02-25,2856000000.0,LiabilitiesCurrent,10-K,2025-12-31,2026-02-25,1759000000.0,AccountsReceivableNetCurrent,10-K,2025-12-31,2026-02-25,983000000.0,InventoryNet,10-K,2025-12-31,2026-02-25,1013000000.0,AccountsPayableCurrent,10-K,2025-12-31,2026-02-25,1954000000.0,LongTermDebt,10-K,2025-12-31,2026-02-25,534000000.0,ShortTermBorrowings,10-K,2025-12-31,2026-02-25,True,113.7300033569336,-0.11645430175274551,-0.1859933568125981,0.3019175535943669,-0.24368292278521264
XYZ,"Block, Inc.",Financials,Transaction & Payment Processing Services,S&P 500,NR (to derive from financials),NR,default - no public rating available; derive from leverage/margin post-SEC pull,0001512673,True,24193683000.0,Revenues,10-K,2025-12-31,2026-02-26,1305636000.0,NetIncomeLoss,10-K,2025-12-31,2026-02-26,39549887000.0,Assets,10-K,2025-12-31,2026-02-26,17380005000.0,Liabilities,10-K,2025-12-31,2026-02-26,22204278000.0,StockholdersEquity,10-K,2025-12-31,2026-02-26,6564092000.0,CashAndCashEquivalentsAtCarryingValue,10-K,2025-12-31,2026-02-26,2579714000.0,NetCashProvidedByUsedInOperatingActivities,10-K,2025-12-31,2026-02-26,155038000.0,PaymentsToAcquirePropertyPlantAndEquipment,10-K,2025-12-31,2026-02-26,58100000.0,InterestExpense,10-K,2021-12-31,2022-02-24,13833754000.0,CostOfRevenue,10-K,2025-12-31,2026-02-26,323375000.0,PropertyPlantAndEquipmentNet,10-K,2025-12-31,2026-02-26,369529000.0,DepreciationDepletionAndAmortization,10-K,2025-12-31,2026-02-26,1997587000.0,GeneralAndAdministrativeExpense,10-K,2025-12-31,2026-02-26,22856880000.0,AssetsCurrent,10-K,2025-12-31,2026-02-26,10384460000.0,LiabilitiesCurrent,10-K,2025-12-31,2026-02-26,238207000.0,AccountsReceivableNetCurrent,10-K,2025-12-31,2026-02-26,158319000.0,InventoryNet,10-K,2025-12-31,2026-02-26,114572000.0,AccountsPayableCurrent,10-K,2025-12-31,2026-02-26,4109829000.0,LongTermDebtNoncurrent,10-K,2022-12-31,2023-02-23,455000.0,LongTermDebtCurrent,10-K,2021-12-31,2022-02-24,True,74.8499984741211,0.2033761664954652,0.31824586268594457,0.5808582138394408,0.0
YUM,Yum! Brands,Consumer Discretionary,Restaurants,S&P 500,NR (to derive from financials),NR,default - no public rating available; derive from leverage/margin post-SEC pull,0001041061,True,8214000000.0,Revenues,10-K,2025-12-31,2026-02-20,1559000000.0,NetIncomeLoss,10-K,2025-12-31,2026-02-20,8197000000.0,Assets,10-K,2025-12-31,2026-02-20,15521000000.0,Liabilities,10-K,2025-12-31,2026-02-20,-7325000000.0,StockholdersEquityIncludingPortionAttributableToNoncontrollingInterest,10-K,2025-12-31,2026-02-20,709000000.0,CashAndCashEquivalentsAtCarryingValue,10-K,2025-12-31,2026-02-20,2010000000.0,NetCashProvidedByUsedInOperatingActivities,10-K,2025-12-31,2026-02-20,371000000.0,PaymentsToAcquirePropertyPlantAndEquipment,10-K,2025-12-31,2026-02-20,118000000.0,InterestExpense,10-K,2013-12-28,2016-02-16,2483000000.0,CostOfGoodsAndServicesSold,10-K,2025-12-31,2026-02-20,1605000000.0,PropertyPlantAndEquipmentNet,10-K,2025-12-31,2026-02-20,206000000.0,DepreciationDepletionAndAmortization,10-K,2025-12-31,2026-02-20,1262000000.0,GeneralAndAdministrativeExpense,10-K,2025-12-31,2026-02-20,2040000000.0,AssetsCurrent,10-K,2025-12-31,2026-02-20,1516000000.0,LiabilitiesCurrent,10-K,2025-12-31,2026-02-20,841000000.0,AccountsNotesAndLoansReceivableNetCurrent,10-K,2025-12-31,2026-02-20,229000000.0,InventoryNet,10-K,2015-12-26,2016-02-16,1433000000.0,AccountsPayableAndAccruedLiabilitiesCurrent,10-K,2025-12-31,2026-02-20,3800000000.0,LongTermDebt,10-K,2015-12-26,2016-02-16,38000000.0,ShortTermBorrowings,10-K,2025-12-31,2026-02-20,True,151.9499969482422,-0.06064538756014348,-0.03933090196263811,0.22067230289209203,-0.09639632707453194
ZBH,Zimmer Biomet,Healthcare,Health Care Equipment,S&P 500,NR (to derive from financials),NR,default - no public rating available; derive from leverage/margin post-SEC pull,0001136869,True,8231500000.0,RevenueFromContractWithCustomerExcludingAssessedTax,10-K,2025-12-31,2026-02-20,705100000.0,NetIncomeLoss,10-K,2025-12-31,2026-02-20,23091700000.0,Assets,10-K,2025-12-31,2026-02-20,10386000000.0,Liabilities,10-K,2025-12-31,2026-02-20,12697700000.0,StockholdersEquity,10-K,2025-12-31,2026-02-20,591900000.0,CashAndCashEquivalentsAtCarryingValue,10-K,2025-12-31,2026-02-20,1697100000.0,NetCashProvidedByUsedInOperatingActivities,10-K,2025-12-31,2026-02-20,224500000.0,PaymentsToAcquirePropertyPlantAndEquipment,10-K,2025-12-31,2026-02-20,,,,,,2493700000.0,CostOfGoodsAndServicesSold,10-K,2025-12-31,2026-02-20,2207100000.0,PropertyPlantAndEquipmentNet,10-K,2025-12-31,2026-02-20,1093800000.0,DepreciationDepletionAndAmortization,10-K,2025-12-31,2026-02-20,3257200000.0,SellingGeneralAndAdministrativeExpense,10-K,2025-12-31,2026-02-20,5119900000.0,AssetsCurrent,10-K,2025-12-31,2026-02-20,2583700000.0,LiabilitiesCurrent,10-K,2025-12-31,2026-02-20,1704400000.0,AccountsReceivableNetCurrent,10-K,2025-12-31,2026-02-20,2286400000.0,InventoryNet,10-K,2025-12-31,2026-02-20,303000000.0,AccountsPayableCurrent,10-K,2025-12-31,2026-02-20,6932000000.0,LongTermDebtNoncurrent,10-K,2025-12-31,2026-02-20,587100000.0,LongTermDebtCurrent,10-K,2025-12-31,2026-02-20,True,82.33000183105469,-0.11587199954118765,-0.0799780718955363,0.32582296772949737,-0.18255695561427288
ZBRA,Zebra Technologies,Technology,Electronic Equipment & Instruments,S&P 500,NR (to derive from financials),NR,default - no public rating available; derive from leverage/margin post-SEC pull,0000877212,True,5396000000.0,RevenueFromContractWithCustomerExcludingAssessedTax,10-K,2025-12-31,2026-02-12,419000000.0,NetIncomeLoss,10-K,2025-12-31,2026-02-12,8502000000.0,Assets,10-K,2025-12-31,2026-02-12,4914000000.0,Liabilities,10-K,2025-12-31,2026-02-12,3588000000.0,StockholdersEquity,10-K,2025-12-31,2026-02-12,125000000.0,CashAndCashEquivalentsAtCarryingValue,10-K,2025-12-31,2026-02-12,917000000.0,NetCashProvidedByUsedInOperatingActivities,10-K,2025-12-31,2026-02-12,86000000.0,PaymentsToAcquirePropertyPlantAndEquipment,10-K,2025-12-31,2026-02-12,5000000.0,InterestExpense,10-K,2021-12-31,2022-02-10,2803000000.0,CostOfGoodsAndServicesSold,10-K,2025-12-31,2026-02-12,353000000.0,PropertyPlantAndEquipmentNet,10-K,2025-12-31,2026-02-12,185000000.0,DepreciationAndAmortization,10-K,2025-12-31,2026-02-12,433000000.0,GeneralAndAdministrativeExpense,10-K,2025-12-31,2026-02-12,1796000000.0,AssetsCurrent,10-K,2025-12-31,2026-02-12,1852000000.0,LiabilitiesCurrent,10-K,2025-12-31,2026-02-12,801000000.0,AccountsReceivableNetCurrent,10-K,2025-12-31,2026-02-12,729000000.0,InventoryNet,10-K,2025-12-31,2026-02-12,695000000.0,AccountsPayableCurrent,10-K,2025-12-31,2026-02-12,2361000000.0,LongTermDebtNoncurrent,10-K,2025-12-31,2026-02-12,141000000.0,LongTermDebtCurrent,10-K,2025-12-31,2026-02-12,True,226.02999877929688,0.017557258410640486,-0.12320108892075454,0.4176281802451994,-0.17552433408171808
ZS,Zscaler,Industrials,,Nasdaq 100,NR (to derive from financials),NR,default - no public rating available; derive from leverage/margin post-SEC pull,0001713683,True,2673115000.0,RevenueFromContractWithCustomerExcludingAssessedTax,10-K,2025-07-31,2025-09-11,-41478000.0,NetIncomeLoss,10-K,2025-07-31,2025-09-11,6419888000.0,Assets,10-K,2025-07-31,2025-09-11,4620615000.0,Liabilities,10-K,2025-07-31,2025-09-11,1799273000.0,StockholdersEquity,10-K,2025-07-31,2025-09-11,2389023000.0,CashAndCashEquivalentsAtCarryingValue,10-K,2025-07-31,2025-09-11,972453000.0,NetCashProvidedByUsedInOperatingActivities,10-K,2025-07-31,2025-09-11,164252000.0,PaymentsToAcquirePropertyPlantAndEquipment,10-K,2025-07-31,2025-09-11,6541000.0,InterestExpense,10-K,2023-07-31,2023-09-14,618178000.0,CostOfRevenue,10-K,2025-07-31,2025-09-11,543377000.0,PropertyPlantAndEquipmentNet,10-K,2025-07-31,2025-09-11,67595000.0,DepreciationDepletionAndAmortization,10-Q,2026-01-31,2026-02-26,251754000.0,GeneralAndAdministrativeExpense,10-K,2025-07-31,2025-09-11,4894290000.0,AssetsCurrent,10-K,2025-07-31,2025-09-11,2429611000.0,LiabilitiesCurrent,10-K,2025-07-31,2025-09-11,992181000.0,AccountsReceivableNetCurrent,10-K,2025-07-31,2025-09-11,,,,,,46906000.0,AccountsPayableCurrent,10-K,2025-07-31,2025-09-11,1142275000.0,LongTermDebt,10-K,2024-07-31,2024-09-12,,,,,,True,152.1300048828125,0.28869124057635687,-0.10606410018689283,0.6579503107977476,-0.5407950709078383
ZTS,Zoetis,Healthcare,Pharmaceuticals,S&P 500,NR (to derive from financials),NR,default - no public rating available; derive from leverage/margin post-SEC pull,0001555280,True,9467000000.0,Revenues,10-K,2025-12-31,2026-02-12,2673000000.0,NetIncomeLoss,10-K,2025-12-31,2026-02-12,15467000000.0,Assets,10-K,2025-12-31,2026-02-12,12136000000.0,Liabilities,10-K,2025-12-31,2026-02-12,3331000000.0,StockholdersEquity,10-K,2025-12-31,2026-02-12,2312000000.0,CashCashEquivalentsRestrictedCashAndRestrictedCashEquivalents,10-K,2025-12-31,2026-02-12,2904000000.0,NetCashProvidedByUsedInOperatingActivities,10-K,2025-12-31,2026-02-12,621000000.0,PaymentsToAcquirePropertyPlantAndEquipment,10-K,2025-12-31,2026-02-12,222000000.0,InterestExpense,10-K,2025-12-31,2026-02-12,2666000000.0,CostOfGoodsAndServicesSold,10-K,2025-12-31,2026-02-12,3681000000.0,PropertyPlantAndEquipmentNet,10-K,2025-12-31,2026-02-12,487000000.0,DepreciationDepletionAndAmortization,10-K,2025-12-31,2026-02-12,2378000000.0,SellingGeneralAndAdministrativeExpense,10-K,2025-12-31,2026-02-12,6768000000.0,AssetsCurrent,10-K,2025-12-31,2026-02-12,2235000000.0,LiabilitiesCurrent,10-K,2025-12-31,2026-02-12,1590000000.0,AccountsReceivableNetCurrent,10-K,2025-12-31,2026-02-12,2430000000.0,InventoryNet,10-K,2025-12-31,2026-02-12,487000000.0,AccountsPayableCurrent,10-K,2025-12-31,2026-02-12,9042000000.0,LongTermDebtNoncurrent,10-K,2025-12-31,2026-02-12,0.0,LongTermDebtCurrent,10-K,2025-12-31,2026-02-12,True,82.83000183105469,-0.29416021226891664,-0.34650213489811266,0.5062740340489066,-0.36544411805585353
